seq,is_fraud,pattern,episode
1,0,normal,
2,0,normal,
3,0,normal,
4,0,normal,
5,0,normal,
6,0,normal,
7,0,normal,
8,0,normal,
9,0,normal,
10,0,normal,
11,0,normal,
12,0,normal,
13,0,normal,
14,0,normal,
15,0,normal,
16,0,normal,
17,0,normal,
18,0,normal,
19,0,normal,
20,0,normal,
21,0,normal,
22,0,normal,
23,0,normal,
24,0,normal,
25,0,normal,
26,0,normal,
27,0,normal,
28,0,normal,
29,0,normal,
30,0,normal,
31,0,normal,
32,0,normal,
33,0,normal,
34,0,normal,
35,0,normal,
36,0,normal,
37,0,normal,
38,0,normal,
39,0,normal,
40,0,normal,
41,0,normal,
42,0,normal,
43,0,normal,
44,0,normal,
45,0,normal,
46,0,normal,
47,0,normal,
48,0,normal,
49,0,normal,
50,0,normal,
51,0,normal,
52,0,normal,
53,0,normal,
54,0,normal,
55,0,normal,
56,0,normal,
57,0,normal,
58,0,normal,
59,0,normal,
60,0,normal,
61,0,normal,
62,0,normal,
63,0,normal,
64,0,normal,
65,0,normal,
66,0,normal,
67,0,normal,
68,0,normal,
69,0,normal,
70,0,normal,
71,0,normal,
72,0,normal,
73,0,normal,
74,0,normal,
75,0,normal,
76,0,normal,
77,0,normal,
78,0,normal,
79,0,normal,
80,0,normal,
81,0,normal,
82,0,normal,
83,0,normal,
84,0,normal,
85,0,normal,
86,0,normal,
87,0,normal,
88,0,normal,
89,0,normal,
90,0,normal,
91,0,normal,
92,0,normal,
93,0,normal,
94,0,normal,
95,0,normal,
96,0,normal,
97,0,normal,
98,0,normal,
99,0,normal,
100,0,normal,
101,0,normal,
102,0,normal,
103,0,normal,
104,0,normal,
105,0,normal,
106,0,normal,
107,0,normal,
108,0,normal,
109,0,normal,
110,0,normal,
111,0,normal,
112,0,normal,
113,0,normal,
114,0,normal,
115,0,normal,
116,0,normal,
117,0,normal,
118,0,normal,
119,0,normal,
120,0,normal,
121,0,normal,
122,0,normal,
123,0,normal,
124,0,normal,
125,0,normal,
126,0,normal,
127,0,normal,
128,0,normal,
129,0,normal,
130,0,normal,
131,0,normal,
132,0,normal,
133,0,normal,
134,0,normal,
135,0,normal,
136,0,normal,
137,0,normal,
138,0,normal,
139,0,normal,
140,0,normal,
141,0,normal,
142,0,normal,
143,0,normal,
144,0,normal,
145,0,normal,
146,0,normal,
147,0,normal,
148,0,normal,
149,0,normal,
150,0,normal,
151,0,normal,
152,0,normal,
153,0,normal,
154,0,normal,
155,0,normal,
156,0,normal,
157,0,normal,
158,0,normal,
159,0,normal,
160,0,normal,
161,0,normal,
162,0,normal,
163,0,normal,
164,0,normal,
165,0,normal,
166,0,normal,
167,0,normal,
168,0,normal,
169,0,normal,
170,0,normal,
171,0,normal,
172,0,normal,
173,0,normal,
174,0,normal,
175,0,normal,
176,0,normal,
177,0,normal,
178,0,normal,
179,0,normal,
180,0,normal,
181,0,normal,
182,0,normal,
183,0,normal,
184,0,normal,
185,0,normal,
186,0,normal,
187,0,normal,
188,0,normal,
189,0,normal,
190,0,normal,
191,0,normal,
192,0,normal,
193,0,normal,
194,0,normal,
195,0,normal,
196,0,normal,
197,0,normal,
198,0,normal,
199,0,normal,
200,0,normal,
201,0,normal,
202,0,normal,
203,0,normal,
204,0,normal,
205,0,normal,
206,0,normal,
207,0,normal,
208,0,normal,
209,0,normal,
210,0,normal,
211,0,normal,
212,0,normal,
213,0,normal,
214,0,normal,
215,0,normal,
216,0,normal,
217,0,normal,
218,0,normal,
219,0,normal,
220,0,normal,
221,0,normal,
222,0,normal,
223,0,normal,
224,0,normal,
225,0,normal,
226,0,normal,
227,0,normal,
228,0,normal,
229,0,normal,
230,0,normal,
231,0,normal,
232,0,normal,
233,0,normal,
234,0,normal,
235,0,normal,
236,0,normal,
237,0,normal,
238,0,normal,
239,0,normal,
240,0,normal,
241,0,normal,
242,0,normal,
243,0,normal,
244,0,normal,
245,0,normal,
246,0,normal,
247,0,normal,
248,0,normal,
249,0,normal,
250,0,normal,
251,0,normal,
252,0,normal,
253,0,normal,
254,0,normal,
255,0,normal,
256,0,normal,
257,0,normal,
258,0,normal,
259,0,normal,
260,0,normal,
261,0,normal,
262,0,normal,
263,0,normal,
264,0,normal,
265,0,normal,
266,0,normal,
267,0,normal,
268,0,normal,
269,0,normal,
270,0,normal,
271,0,normal,
272,0,normal,
273,0,normal,
274,0,normal,
275,0,normal,
276,0,normal,
277,0,normal,
278,0,normal,
279,0,normal,
280,0,normal,
281,0,normal,
282,0,normal,
283,0,normal,
284,0,normal,
285,0,normal,
286,0,normal,
287,0,normal,
288,0,normal,
289,0,normal,
290,0,normal,
291,0,normal,
292,0,normal,
293,0,normal,
294,0,normal,
295,0,normal,
296,0,normal,
297,0,normal,
298,0,normal,
299,0,normal,
300,0,normal,
301,0,normal,
302,0,normal,
303,0,normal,
304,0,normal,
305,0,normal,
306,0,normal,
307,0,normal,
308,0,normal,
309,0,normal,
310,0,normal,
311,0,normal,
312,0,normal,
313,0,normal,
314,0,normal,
315,0,normal,
316,0,normal,
317,0,normal,
318,0,normal,
319,0,normal,
320,0,normal,
321,0,normal,
322,0,normal,
323,0,normal,
324,0,normal,
325,0,normal,
326,0,normal,
327,0,normal,
328,0,normal,
329,0,normal,
330,0,normal,
331,0,normal,
332,0,normal,
333,0,normal,
334,0,normal,
335,0,normal,
336,0,normal,
337,0,normal,
338,0,normal,
339,0,normal,
340,0,normal,
341,0,normal,
342,0,normal,
343,0,normal,
344,0,normal,
345,0,normal,
346,0,normal,
347,0,normal,
348,0,normal,
349,0,normal,
350,0,normal,
351,0,normal,
352,0,normal,
353,0,normal,
354,0,normal,
355,0,normal,
356,0,normal,
357,0,normal,
358,0,normal,
359,0,normal,
360,0,normal,
361,0,normal,
362,0,normal,
363,0,normal,
364,0,normal,
365,0,normal,
366,0,normal,
367,0,normal,
368,0,normal,
369,0,normal,
370,0,normal,
371,0,normal,
372,0,normal,
373,0,normal,
374,0,normal,
375,0,normal,
376,0,normal,
377,0,normal,
378,0,normal,
379,0,normal,
380,0,normal,
381,0,normal,
382,0,normal,
383,0,normal,
384,0,normal,
385,0,normal,
386,0,normal,
387,0,normal,
388,0,normal,
389,0,normal,
390,0,normal,
391,0,normal,
392,0,normal,
393,0,normal,
394,0,normal,
395,0,normal,
396,0,normal,
397,0,normal,
398,0,normal,
399,0,normal,
400,0,normal,
401,0,normal,
402,0,normal,
403,0,normal,
404,0,normal,
405,0,normal,
406,0,normal,
407,0,normal,
408,0,normal,
409,0,normal,
410,0,normal,
411,0,normal,
412,0,normal,
413,0,normal,
414,0,normal,
415,0,normal,
416,0,normal,
417,0,normal,
418,0,normal,
419,0,normal,
420,0,normal,
421,0,normal,
422,0,normal,
423,0,normal,
424,0,normal,
425,0,normal,
426,0,normal,
427,0,normal,
428,0,normal,
429,0,normal,
430,0,normal,
431,0,normal,
432,0,normal,
433,0,normal,
434,0,normal,
435,0,normal,
436,0,normal,
437,0,normal,
438,0,normal,
439,0,normal,
440,0,normal,
441,0,normal,
442,0,normal,
443,0,normal,
444,0,normal,
445,0,normal,
446,0,normal,
447,0,normal,
448,0,normal,
449,0,normal,
450,0,normal,
451,0,normal,
452,0,normal,
453,0,normal,
454,0,normal,
455,0,normal,
456,0,normal,
457,0,normal,
458,0,normal,
459,0,normal,
460,0,normal,
461,0,normal,
462,0,normal,
463,0,normal,
464,0,normal,
465,0,normal,
466,0,normal,
467,0,normal,
468,0,normal,
469,0,normal,
470,0,normal,
471,0,normal,
472,0,normal,
473,0,normal,
474,0,normal,
475,0,normal,
476,0,normal,
477,0,normal,
478,0,normal,
479,0,normal,
480,0,normal,
481,0,normal,
482,0,normal,
483,0,normal,
484,0,normal,
485,0,normal,
486,0,normal,
487,0,normal,
488,0,normal,
489,0,normal,
490,0,normal,
491,0,normal,
492,0,normal,
493,0,normal,
494,0,normal,
495,0,normal,
496,0,normal,
497,0,normal,
498,0,normal,
499,0,normal,
500,0,normal,
501,0,normal,
502,0,normal,
503,0,normal,
504,0,normal,
505,0,normal,
506,0,normal,
507,0,normal,
508,0,normal,
509,0,normal,
510,0,normal,
511,0,normal,
512,0,normal,
513,0,normal,
514,0,normal,
515,0,normal,
516,0,normal,
517,0,normal,
518,0,normal,
519,0,normal,
520,0,normal,
521,0,normal,
522,0,normal,
523,0,normal,
524,0,normal,
525,0,normal,
526,0,normal,
527,0,normal,
528,0,normal,
529,0,normal,
530,0,normal,
531,0,normal,
532,0,normal,
533,0,normal,
534,0,normal,
535,0,normal,
536,0,normal,
537,0,normal,
538,0,normal,
539,0,normal,
540,0,normal,
541,0,normal,
542,0,normal,
543,0,normal,
544,0,normal,
545,0,normal,
546,0,normal,
547,0,normal,
548,0,normal,
549,0,normal,
550,0,normal,
551,0,normal,
552,0,normal,
553,0,normal,
554,0,normal,
555,0,normal,
556,0,normal,
557,0,normal,
558,0,normal,
559,0,normal,
560,0,normal,
561,0,normal,
562,0,normal,
563,0,normal,
564,0,normal,
565,0,normal,
566,0,normal,
567,0,normal,
568,0,normal,
569,0,normal,
570,0,normal,
571,0,normal,
572,0,normal,
573,0,normal,
574,0,normal,
575,0,normal,
576,0,normal,
577,0,normal,
578,0,normal,
579,0,normal,
580,0,normal,
581,0,normal,
582,0,normal,
583,0,normal,
584,0,normal,
585,0,normal,
586,0,normal,
587,0,normal,
588,0,normal,
589,0,normal,
590,0,normal,
591,0,normal,
592,0,normal,
593,0,normal,
594,0,normal,
595,0,normal,
596,0,normal,
597,0,normal,
598,0,normal,
599,0,normal,
600,0,normal,
601,0,normal,
602,0,normal,
603,0,normal,
604,0,normal,
605,0,normal,
606,0,normal,
607,0,normal,
608,0,normal,
609,0,normal,
610,0,normal,
611,0,normal,
612,0,normal,
613,0,normal,
614,0,normal,
615,0,normal,
616,0,normal,
617,0,normal,
618,0,normal,
619,0,normal,
620,0,normal,
621,0,normal,
622,0,normal,
623,0,normal,
624,0,normal,
625,0,normal,
626,0,normal,
627,0,normal,
628,0,normal,
629,0,normal,
630,0,normal,
631,0,normal,
632,0,normal,
633,0,normal,
634,0,normal,
635,0,normal,
636,0,normal,
637,0,normal,
638,0,normal,
639,0,normal,
640,0,normal,
641,0,normal,
642,0,normal,
643,0,normal,
644,0,normal,
645,0,normal,
646,0,normal,
647,0,normal,
648,0,normal,
649,0,normal,
650,0,normal,
651,0,normal,
652,0,normal,
653,0,normal,
654,0,normal,
655,0,normal,
656,0,normal,
657,0,normal,
658,0,normal,
659,0,normal,
660,0,normal,
661,0,normal,
662,0,normal,
663,0,normal,
664,0,normal,
665,0,normal,
666,0,normal,
667,0,normal,
668,0,normal,
669,0,normal,
670,0,normal,
671,0,normal,
672,0,normal,
673,0,normal,
674,0,normal,
675,0,normal,
676,0,normal,
677,0,normal,
678,0,normal,
679,0,normal,
680,0,normal,
681,0,normal,
682,0,normal,
683,0,normal,
684,0,normal,
685,0,normal,
686,0,normal,
687,0,normal,
688,0,normal,
689,0,normal,
690,0,normal,
691,0,normal,
692,0,normal,
693,0,normal,
694,0,normal,
695,0,normal,
696,0,normal,
697,0,normal,
698,0,normal,
699,0,normal,
700,0,normal,
701,0,normal,
702,0,normal,
703,0,normal,
704,0,normal,
705,0,normal,
706,0,normal,
707,0,normal,
708,0,normal,
709,0,normal,
710,0,normal,
711,0,normal,
712,0,normal,
713,0,normal,
714,0,normal,
715,0,normal,
716,0,normal,
717,0,normal,
718,0,normal,
719,0,normal,
720,0,normal,
721,0,normal,
722,0,normal,
723,0,normal,
724,0,normal,
725,0,normal,
726,0,normal,
727,0,normal,
728,0,normal,
729,0,normal,
730,0,normal,
731,0,normal,
732,0,normal,
733,0,normal,
734,0,normal,
735,0,normal,
736,0,normal,
737,0,normal,
738,0,normal,
739,0,normal,
740,0,normal,
741,0,normal,
742,0,normal,
743,0,normal,
744,0,normal,
745,0,normal,
746,0,normal,
747,0,normal,
748,0,normal,
749,0,normal,
750,0,normal,
751,0,normal,
752,0,normal,
753,0,normal,
754,0,normal,
755,0,normal,
756,0,normal,
757,0,normal,
758,0,normal,
759,0,normal,
760,0,normal,
761,0,normal,
762,0,normal,
763,0,normal,
764,0,normal,
765,0,normal,
766,0,normal,
767,0,normal,
768,0,normal,
769,0,normal,
770,0,normal,
771,0,normal,
772,0,normal,
773,0,normal,
774,0,normal,
775,0,normal,
776,0,normal,
777,0,normal,
778,0,normal,
779,0,normal,
780,0,normal,
781,0,normal,
782,0,normal,
783,0,normal,
784,0,normal,
785,0,normal,
786,0,normal,
787,0,normal,
788,0,normal,
789,0,normal,
790,0,normal,
791,0,normal,
792,0,normal,
793,0,normal,
794,0,normal,
795,0,normal,
796,0,normal,
797,0,normal,
798,0,normal,
799,0,normal,
800,0,normal,
801,0,normal,
802,0,normal,
803,0,normal,
804,0,normal,
805,0,normal,
806,0,normal,
807,0,normal,
808,0,normal,
809,0,normal,
810,0,normal,
811,0,normal,
812,0,normal,
813,0,normal,
814,0,normal,
815,0,normal,
816,0,normal,
817,0,normal,
818,0,normal,
819,0,normal,
820,0,normal,
821,0,normal,
822,0,normal,
823,0,normal,
824,0,normal,
825,0,normal,
826,0,normal,
827,0,normal,
828,0,normal,
829,0,normal,
830,0,normal,
831,0,normal,
832,0,normal,
833,0,normal,
834,0,normal,
835,0,normal,
836,0,normal,
837,0,normal,
838,0,normal,
839,0,normal,
840,0,normal,
841,0,normal,
842,0,normal,
843,0,normal,
844,0,normal,
845,0,normal,
846,0,normal,
847,0,normal,
848,0,normal,
849,0,normal,
850,0,normal,
851,0,normal,
852,0,normal,
853,0,normal,
854,0,normal,
855,0,normal,
856,0,normal,
857,0,normal,
858,0,normal,
859,0,normal,
860,0,normal,
861,0,normal,
862,0,normal,
863,0,normal,
864,0,normal,
865,0,normal,
866,0,normal,
867,0,normal,
868,0,normal,
869,0,normal,
870,0,normal,
871,0,normal,
872,0,normal,
873,0,normal,
874,0,normal,
875,0,normal,
876,0,normal,
877,0,normal,
878,0,normal,
879,0,normal,
880,0,normal,
881,0,normal,
882,0,normal,
883,0,normal,
884,0,normal,
885,0,normal,
886,0,normal,
887,0,normal,
888,0,normal,
889,0,normal,
890,0,normal,
891,0,normal,
892,0,normal,
893,0,normal,
894,0,normal,
895,0,normal,
896,0,normal,
897,0,normal,
898,0,normal,
899,0,normal,
900,0,normal,
901,0,normal,
902,0,normal,
903,0,normal,
904,0,normal,
905,0,normal,
906,0,normal,
907,0,normal,
908,0,normal,
909,0,normal,
910,0,normal,
911,0,normal,
912,0,normal,
913,0,normal,
914,0,normal,
915,0,normal,
916,0,normal,
917,0,normal,
918,0,normal,
919,0,normal,
920,0,normal,
921,0,normal,
922,0,normal,
923,0,normal,
924,0,normal,
925,0,normal,
926,0,normal,
927,0,normal,
928,0,normal,
929,0,normal,
930,0,normal,
931,0,normal,
932,0,normal,
933,0,normal,
934,0,normal,
935,0,normal,
936,0,normal,
937,0,normal,
938,0,normal,
939,0,normal,
940,0,normal,
941,0,normal,
942,0,normal,
943,0,normal,
944,0,normal,
945,0,normal,
946,0,normal,
947,0,normal,
948,0,normal,
949,0,normal,
950,0,normal,
951,0,normal,
952,0,normal,
953,0,normal,
954,0,normal,
955,0,normal,
956,0,normal,
957,0,normal,
958,0,normal,
959,0,normal,
960,0,normal,
961,0,normal,
962,0,normal,
963,0,normal,
964,0,normal,
965,0,normal,
966,0,normal,
967,0,normal,
968,0,normal,
969,0,normal,
970,0,normal,
971,0,normal,
972,0,normal,
973,0,normal,
974,0,normal,
975,0,normal,
976,0,normal,
977,0,normal,
978,0,normal,
979,0,normal,
980,0,normal,
981,0,normal,
982,0,normal,
983,0,normal,
984,0,normal,
985,0,normal,
986,0,normal,
987,0,normal,
988,0,normal,
989,0,normal,
990,0,normal,
991,0,normal,
992,0,normal,
993,0,normal,
994,0,normal,
995,0,normal,
996,0,normal,
997,0,normal,
998,0,normal,
999,0,normal,
1000,0,normal,
1001,0,normal,
1002,0,normal,
1003,0,normal,
1004,0,normal,
1005,0,normal,
1006,0,normal,
1007,0,normal,
1008,0,normal,
1009,0,normal,
1010,0,normal,
1011,0,normal,
1012,0,normal,
1013,0,normal,
1014,0,normal,
1015,0,normal,
1016,0,normal,
1017,0,normal,
1018,0,normal,
1019,0,normal,
1020,0,normal,
1021,0,normal,
1022,0,normal,
1023,0,normal,
1024,0,normal,
1025,0,normal,
1026,0,normal,
1027,0,normal,
1028,0,normal,
1029,0,normal,
1030,0,normal,
1031,0,normal,
1032,0,normal,
1033,0,normal,
1034,0,normal,
1035,0,normal,
1036,0,normal,
1037,0,normal,
1038,0,normal,
1039,0,normal,
1040,0,normal,
1041,0,normal,
1042,0,normal,
1043,0,normal,
1044,0,normal,
1045,0,normal,
1046,0,normal,
1047,0,normal,
1048,0,normal,
1049,0,normal,
1050,0,normal,
1051,0,normal,
1052,0,normal,
1053,0,normal,
1054,0,normal,
1055,0,normal,
1056,0,normal,
1057,0,normal,
1058,0,normal,
1059,0,normal,
1060,0,normal,
1061,0,normal,
1062,0,normal,
1063,0,normal,
1064,0,normal,
1065,0,normal,
1066,0,normal,
1067,0,normal,
1068,0,normal,
1069,0,normal,
1070,0,normal,
1071,0,normal,
1072,0,normal,
1073,0,normal,
1074,0,normal,
1075,0,normal,
1076,0,normal,
1077,0,normal,
1078,0,normal,
1079,0,normal,
1080,0,normal,
1081,0,normal,
1082,0,normal,
1083,0,normal,
1084,0,normal,
1085,0,normal,
1086,0,normal,
1087,0,normal,
1088,0,normal,
1089,0,normal,
1090,0,normal,
1091,0,normal,
1092,0,normal,
1093,0,normal,
1094,0,normal,
1095,0,normal,
1096,0,normal,
1097,0,normal,
1098,0,normal,
1099,0,normal,
1100,0,normal,
1101,0,normal,
1102,0,normal,
1103,0,normal,
1104,0,normal,
1105,0,normal,
1106,0,normal,
1107,0,normal,
1108,0,normal,
1109,0,normal,
1110,0,normal,
1111,0,normal,
1112,0,normal,
1113,0,normal,
1114,0,normal,
1115,0,normal,
1116,0,normal,
1117,0,normal,
1118,0,normal,
1119,0,normal,
1120,0,normal,
1121,0,normal,
1122,0,normal,
1123,0,normal,
1124,0,normal,
1125,0,normal,
1126,0,normal,
1127,0,normal,
1128,0,normal,
1129,0,normal,
1130,0,normal,
1131,0,normal,
1132,0,normal,
1133,0,normal,
1134,0,normal,
1135,0,normal,
1136,0,normal,
1137,0,normal,
1138,0,normal,
1139,0,normal,
1140,0,normal,
1141,0,normal,
1142,0,normal,
1143,0,normal,
1144,0,normal,
1145,0,normal,
1146,0,normal,
1147,0,normal,
1148,0,normal,
1149,0,normal,
1150,0,normal,
1151,0,normal,
1152,0,normal,
1153,0,normal,
1154,0,normal,
1155,0,normal,
1156,0,normal,
1157,0,normal,
1158,0,normal,
1159,0,normal,
1160,0,normal,
1161,0,normal,
1162,0,normal,
1163,0,normal,
1164,0,normal,
1165,0,normal,
1166,0,normal,
1167,0,normal,
1168,0,normal,
1169,0,normal,
1170,0,normal,
1171,0,normal,
1172,0,normal,
1173,0,normal,
1174,0,normal,
1175,0,normal,
1176,0,normal,
1177,0,normal,
1178,0,normal,
1179,0,normal,
1180,0,normal,
1181,0,normal,
1182,0,normal,
1183,0,normal,
1184,0,normal,
1185,0,normal,
1186,0,normal,
1187,0,normal,
1188,0,normal,
1189,0,normal,
1190,0,normal,
1191,0,normal,
1192,0,normal,
1193,0,normal,
1194,0,normal,
1195,0,normal,
1196,0,normal,
1197,0,normal,
1198,0,normal,
1199,0,normal,
1200,0,normal,
1201,0,normal,
1202,0,normal,
1203,0,normal,
1204,0,normal,
1205,0,normal,
1206,0,normal,
1207,0,normal,
1208,0,normal,
1209,0,normal,
1210,0,normal,
1211,0,normal,
1212,0,normal,
1213,0,normal,
1214,0,normal,
1215,0,normal,
1216,0,normal,
1217,0,normal,
1218,0,normal,
1219,0,normal,
1220,0,normal,
1221,0,normal,
1222,0,normal,
1223,0,normal,
1224,0,normal,
1225,0,normal,
1226,0,normal,
1227,0,normal,
1228,0,normal,
1229,0,normal,
1230,0,normal,
1231,0,normal,
1232,0,normal,
1233,0,normal,
1234,0,normal,
1235,0,normal,
1236,0,normal,
1237,0,normal,
1238,0,normal,
1239,0,normal,
1240,0,normal,
1241,0,normal,
1242,0,normal,
1243,0,normal,
1244,0,normal,
1245,0,normal,
1246,0,normal,
1247,0,normal,
1248,0,normal,
1249,0,normal,
1250,0,normal,
1251,0,normal,
1252,0,normal,
1253,0,normal,
1254,0,normal,
1255,0,normal,
1256,0,normal,
1257,0,normal,
1258,0,normal,
1259,0,normal,
1260,0,normal,
1261,0,normal,
1262,0,normal,
1263,0,normal,
1264,0,normal,
1265,0,normal,
1266,0,normal,
1267,0,normal,
1268,0,normal,
1269,0,normal,
1270,0,normal,
1271,0,normal,
1272,0,normal,
1273,0,normal,
1274,0,normal,
1275,0,normal,
1276,0,normal,
1277,0,normal,
1278,0,normal,
1279,0,normal,
1280,0,normal,
1281,0,normal,
1282,0,normal,
1283,0,normal,
1284,0,normal,
1285,0,normal,
1286,0,normal,
1287,0,normal,
1288,0,normal,
1289,0,normal,
1290,0,normal,
1291,0,normal,
1292,0,normal,
1293,0,normal,
1294,0,normal,
1295,0,normal,
1296,0,normal,
1297,0,normal,
1298,0,normal,
1299,0,normal,
1300,0,normal,
1301,0,normal,
1302,0,normal,
1303,0,normal,
1304,0,normal,
1305,0,normal,
1306,0,normal,
1307,0,normal,
1308,0,normal,
1309,0,normal,
1310,0,normal,
1311,0,normal,
1312,0,normal,
1313,0,normal,
1314,0,normal,
1315,0,normal,
1316,0,normal,
1317,0,normal,
1318,0,normal,
1319,0,normal,
1320,0,normal,
1321,0,normal,
1322,0,normal,
1323,0,normal,
1324,0,normal,
1325,0,normal,
1326,0,normal,
1327,0,normal,
1328,0,normal,
1329,0,normal,
1330,0,normal,
1331,0,normal,
1332,0,normal,
1333,0,normal,
1334,0,normal,
1335,0,normal,
1336,0,normal,
1337,0,normal,
1338,0,normal,
1339,0,normal,
1340,0,normal,
1341,0,normal,
1342,0,normal,
1343,0,normal,
1344,0,normal,
1345,0,normal,
1346,0,normal,
1347,0,normal,
1348,0,normal,
1349,0,normal,
1350,0,normal,
1351,0,normal,
1352,0,normal,
1353,0,normal,
1354,0,normal,
1355,0,normal,
1356,0,normal,
1357,0,normal,
1358,0,normal,
1359,0,normal,
1360,0,normal,
1361,0,normal,
1362,0,normal,
1363,0,normal,
1364,0,normal,
1365,0,normal,
1366,0,normal,
1367,0,normal,
1368,0,normal,
1369,0,normal,
1370,0,normal,
1371,0,normal,
1372,0,normal,
1373,0,normal,
1374,0,normal,
1375,0,normal,
1376,0,normal,
1377,0,normal,
1378,0,normal,
1379,0,normal,
1380,0,normal,
1381,0,normal,
1382,0,normal,
1383,0,normal,
1384,0,normal,
1385,0,normal,
1386,0,normal,
1387,0,normal,
1388,0,normal,
1389,0,normal,
1390,0,normal,
1391,0,normal,
1392,0,normal,
1393,0,normal,
1394,0,normal,
1395,0,normal,
1396,0,normal,
1397,0,normal,
1398,0,normal,
1399,0,normal,
1400,0,normal,
1401,0,normal,
1402,0,normal,
1403,0,normal,
1404,0,normal,
1405,0,normal,
1406,0,normal,
1407,0,normal,
1408,0,normal,
1409,0,normal,
1410,0,normal,
1411,0,normal,
1412,0,normal,
1413,0,normal,
1414,0,normal,
1415,0,normal,
1416,0,normal,
1417,0,normal,
1418,0,normal,
1419,0,normal,
1420,0,normal,
1421,0,normal,
1422,0,normal,
1423,0,normal,
1424,0,normal,
1425,0,normal,
1426,0,normal,
1427,0,normal,
1428,0,normal,
1429,0,normal,
1430,0,normal,
1431,0,normal,
1432,0,normal,
1433,0,normal,
1434,0,normal,
1435,0,normal,
1436,0,normal,
1437,0,normal,
1438,0,normal,
1439,0,normal,
1440,0,normal,
1441,0,normal,
1442,0,normal,
1443,0,normal,
1444,0,normal,
1445,0,normal,
1446,0,normal,
1447,0,normal,
1448,0,normal,
1449,0,normal,
1450,0,normal,
1451,0,normal,
1452,0,normal,
1453,0,normal,
1454,0,normal,
1455,0,normal,
1456,0,normal,
1457,0,normal,
1458,0,normal,
1459,0,normal,
1460,0,normal,
1461,0,normal,
1462,0,normal,
1463,0,normal,
1464,0,normal,
1465,0,normal,
1466,0,normal,
1467,0,normal,
1468,0,normal,
1469,0,normal,
1470,0,normal,
1471,0,normal,
1472,0,normal,
1473,0,normal,
1474,0,normal,
1475,0,normal,
1476,0,normal,
1477,0,normal,
1478,0,normal,
1479,0,normal,
1480,0,normal,
1481,0,normal,
1482,0,normal,
1483,0,normal,
1484,0,normal,
1485,0,normal,
1486,0,normal,
1487,0,normal,
1488,0,normal,
1489,0,normal,
1490,0,normal,
1491,0,normal,
1492,0,normal,
1493,0,normal,
1494,0,normal,
1495,0,normal,
1496,0,normal,
1497,0,normal,
1498,0,normal,
1499,0,normal,
1500,0,normal,
1501,0,normal,
1502,0,normal,
1503,0,normal,
1504,0,normal,
1505,0,normal,
1506,0,normal,
1507,0,normal,
1508,0,normal,
1509,0,normal,
1510,0,normal,
1511,0,normal,
1512,0,normal,
1513,0,normal,
1514,0,normal,
1515,0,normal,
1516,0,normal,
1517,0,normal,
1518,0,normal,
1519,0,normal,
1520,0,normal,
1521,0,normal,
1522,0,normal,
1523,0,normal,
1524,0,normal,
1525,0,normal,
1526,0,normal,
1527,0,normal,
1528,0,normal,
1529,0,normal,
1530,0,normal,
1531,0,normal,
1532,0,normal,
1533,0,normal,
1534,0,normal,
1535,0,normal,
1536,0,normal,
1537,0,normal,
1538,0,normal,
1539,0,normal,
1540,0,normal,
1541,0,normal,
1542,0,normal,
1543,0,normal,
1544,0,normal,
1545,0,normal,
1546,0,normal,
1547,0,normal,
1548,0,normal,
1549,0,normal,
1550,0,normal,
1551,0,normal,
1552,0,normal,
1553,0,normal,
1554,0,normal,
1555,0,normal,
1556,0,normal,
1557,0,normal,
1558,0,normal,
1559,0,normal,
1560,0,normal,
1561,0,normal,
1562,0,normal,
1563,0,normal,
1564,0,normal,
1565,0,normal,
1566,0,normal,
1567,0,normal,
1568,0,normal,
1569,0,normal,
1570,0,normal,
1571,0,normal,
1572,0,normal,
1573,0,normal,
1574,0,normal,
1575,0,normal,
1576,0,normal,
1577,0,normal,
1578,0,normal,
1579,0,normal,
1580,0,normal,
1581,0,normal,
1582,0,normal,
1583,0,normal,
1584,0,normal,
1585,0,normal,
1586,0,normal,
1587,0,normal,
1588,0,normal,
1589,0,normal,
1590,0,normal,
1591,0,normal,
1592,0,normal,
1593,0,normal,
1594,0,normal,
1595,0,normal,
1596,0,normal,
1597,0,normal,
1598,0,normal,
1599,0,normal,
1600,0,normal,
1601,0,normal,
1602,0,normal,
1603,0,normal,
1604,0,normal,
1605,0,normal,
1606,0,normal,
1607,0,normal,
1608,0,normal,
1609,0,normal,
1610,0,normal,
1611,0,normal,
1612,0,normal,
1613,0,normal,
1614,0,normal,
1615,0,normal,
1616,0,normal,
1617,0,normal,
1618,0,normal,
1619,0,normal,
1620,0,normal,
1621,0,normal,
1622,0,normal,
1623,0,normal,
1624,0,normal,
1625,0,normal,
1626,0,normal,
1627,0,normal,
1628,0,normal,
1629,0,normal,
1630,0,normal,
1631,0,normal,
1632,0,normal,
1633,0,normal,
1634,0,normal,
1635,0,normal,
1636,0,normal,
1637,0,normal,
1638,0,normal,
1639,0,normal,
1640,0,normal,
1641,0,normal,
1642,0,normal,
1643,0,normal,
1644,0,normal,
1645,0,normal,
1646,0,normal,
1647,0,normal,
1648,0,normal,
1649,0,normal,
1650,0,normal,
1651,0,normal,
1652,0,normal,
1653,0,normal,
1654,0,normal,
1655,0,normal,
1656,0,normal,
1657,0,normal,
1658,0,normal,
1659,0,normal,
1660,0,normal,
1661,0,normal,
1662,0,normal,
1663,0,normal,
1664,0,normal,
1665,0,normal,
1666,0,normal,
1667,0,normal,
1668,0,normal,
1669,0,normal,
1670,0,normal,
1671,0,normal,
1672,0,normal,
1673,0,normal,
1674,0,normal,
1675,0,normal,
1676,0,normal,
1677,0,normal,
1678,0,normal,
1679,0,normal,
1680,0,normal,
1681,0,normal,
1682,0,normal,
1683,0,normal,
1684,0,normal,
1685,0,normal,
1686,0,normal,
1687,0,normal,
1688,0,normal,
1689,0,normal,
1690,0,normal,
1691,0,normal,
1692,0,normal,
1693,0,normal,
1694,0,normal,
1695,0,normal,
1696,0,normal,
1697,0,normal,
1698,0,normal,
1699,0,normal,
1700,0,normal,
1701,0,normal,
1702,0,normal,
1703,0,normal,
1704,0,normal,
1705,0,normal,
1706,0,normal,
1707,0,normal,
1708,0,normal,
1709,0,normal,
1710,0,normal,
1711,0,normal,
1712,0,normal,
1713,0,normal,
1714,0,normal,
1715,0,normal,
1716,0,normal,
1717,0,normal,
1718,0,normal,
1719,0,normal,
1720,0,normal,
1721,0,normal,
1722,0,normal,
1723,0,normal,
1724,0,normal,
1725,0,normal,
1726,0,normal,
1727,0,normal,
1728,0,normal,
1729,0,normal,
1730,0,normal,
1731,0,normal,
1732,0,normal,
1733,0,normal,
1734,0,normal,
1735,0,normal,
1736,0,normal,
1737,0,normal,
1738,0,normal,
1739,0,normal,
1740,0,normal,
1741,0,normal,
1742,0,normal,
1743,0,normal,
1744,0,normal,
1745,0,normal,
1746,0,normal,
1747,0,normal,
1748,0,normal,
1749,0,normal,
1750,0,normal,
1751,0,normal,
1752,0,normal,
1753,0,normal,
1754,0,normal,
1755,0,normal,
1756,0,normal,
1757,0,normal,
1758,0,normal,
1759,0,normal,
1760,0,normal,
1761,0,normal,
1762,0,normal,
1763,0,normal,
1764,0,normal,
1765,0,normal,
1766,0,normal,
1767,0,normal,
1768,0,normal,
1769,0,normal,
1770,0,normal,
1771,0,normal,
1772,0,normal,
1773,0,normal,
1774,0,normal,
1775,0,normal,
1776,0,normal,
1777,0,normal,
1778,0,normal,
1779,0,normal,
1780,0,normal,
1781,0,normal,
1782,0,normal,
1783,0,normal,
1784,0,normal,
1785,0,normal,
1786,0,normal,
1787,0,normal,
1788,0,normal,
1789,0,normal,
1790,0,normal,
1791,0,normal,
1792,0,normal,
1793,0,normal,
1794,0,normal,
1795,0,normal,
1796,0,normal,
1797,0,normal,
1798,0,normal,
1799,0,normal,
1800,0,normal,
1801,0,normal,
1802,0,normal,
1803,0,normal,
1804,0,normal,
1805,0,normal,
1806,0,normal,
1807,0,normal,
1808,0,normal,
1809,0,normal,
1810,0,normal,
1811,0,normal,
1812,0,normal,
1813,0,normal,
1814,0,normal,
1815,0,normal,
1816,0,normal,
1817,0,normal,
1818,0,normal,
1819,0,normal,
1820,0,normal,
1821,0,normal,
1822,0,normal,
1823,0,normal,
1824,0,normal,
1825,0,normal,
1826,0,normal,
1827,0,normal,
1828,0,normal,
1829,0,normal,
1830,0,normal,
1831,0,normal,
1832,0,normal,
1833,0,normal,
1834,0,normal,
1835,0,normal,
1836,0,normal,
1837,0,normal,
1838,0,normal,
1839,0,normal,
1840,0,normal,
1841,0,normal,
1842,0,normal,
1843,0,normal,
1844,0,normal,
1845,0,normal,
1846,0,normal,
1847,0,normal,
1848,0,normal,
1849,0,normal,
1850,0,normal,
1851,0,normal,
1852,0,normal,
1853,0,normal,
1854,0,normal,
1855,0,normal,
1856,0,normal,
1857,0,normal,
1858,0,normal,
1859,0,normal,
1860,0,normal,
1861,0,normal,
1862,0,normal,
1863,0,normal,
1864,0,normal,
1865,0,normal,
1866,0,normal,
1867,0,normal,
1868,0,normal,
1869,0,normal,
1870,0,normal,
1871,0,normal,
1872,0,normal,
1873,0,normal,
1874,0,normal,
1875,0,normal,
1876,0,normal,
1877,0,normal,
1878,0,normal,
1879,0,normal,
1880,0,normal,
1881,0,normal,
1882,0,normal,
1883,0,normal,
1884,0,normal,
1885,0,normal,
1886,0,normal,
1887,0,normal,
1888,0,normal,
1889,0,normal,
1890,0,normal,
1891,0,normal,
1892,0,normal,
1893,0,normal,
1894,0,normal,
1895,0,normal,
1896,0,normal,
1897,0,normal,
1898,0,normal,
1899,0,normal,
1900,0,normal,
1901,0,normal,
1902,0,normal,
1903,0,normal,
1904,0,normal,
1905,0,normal,
1906,0,normal,
1907,0,normal,
1908,0,normal,
1909,0,normal,
1910,0,normal,
1911,0,normal,
1912,0,normal,
1913,0,normal,
1914,0,normal,
1915,0,normal,
1916,0,normal,
1917,0,normal,
1918,0,normal,
1919,0,normal,
1920,0,normal,
1921,0,normal,
1922,0,normal,
1923,0,normal,
1924,0,normal,
1925,0,normal,
1926,0,normal,
1927,0,normal,
1928,0,normal,
1929,0,normal,
1930,0,normal,
1931,0,normal,
1932,0,normal,
1933,0,normal,
1934,0,normal,
1935,0,normal,
1936,0,normal,
1937,0,normal,
1938,0,normal,
1939,0,normal,
1940,0,normal,
1941,0,normal,
1942,0,normal,
1943,0,normal,
1944,0,normal,
1945,0,normal,
1946,0,normal,
1947,0,normal,
1948,0,normal,
1949,0,normal,
1950,0,normal,
1951,0,normal,
1952,0,normal,
1953,0,normal,
1954,0,normal,
1955,0,normal,
1956,0,normal,
1957,0,normal,
1958,0,normal,
1959,0,normal,
1960,0,normal,
1961,0,normal,
1962,0,normal,
1963,0,normal,
1964,0,normal,
1965,0,normal,
1966,0,normal,
1967,0,normal,
1968,0,normal,
1969,0,normal,
1970,0,normal,
1971,0,normal,
1972,0,normal,
1973,0,normal,
1974,0,normal,
1975,0,normal,
1976,0,normal,
1977,0,normal,
1978,0,normal,
1979,0,normal,
1980,0,normal,
1981,0,normal,
1982,0,normal,
1983,0,normal,
1984,0,normal,
1985,0,normal,
1986,0,normal,
1987,0,normal,
1988,0,normal,
1989,0,normal,
1990,0,normal,
1991,0,normal,
1992,0,normal,
1993,0,normal,
1994,0,normal,
1995,0,normal,
1996,0,normal,
1997,0,normal,
1998,0,normal,
1999,0,normal,
2000,0,normal,
2001,0,normal,
2002,0,normal,
2003,0,normal,
2004,0,normal,
2005,0,normal,
2006,0,normal,
2007,0,normal,
2008,0,normal,
2009,0,normal,
2010,0,normal,
2011,0,normal,
2012,0,normal,
2013,0,normal,
2014,0,normal,
2015,0,normal,
2016,0,normal,
2017,0,normal,
2018,0,normal,
2019,0,normal,
2020,0,normal,
2021,0,normal,
2022,0,normal,
2023,0,normal,
2024,0,normal,
2025,0,normal,
2026,0,normal,
2027,0,normal,
2028,0,normal,
2029,0,normal,
2030,0,normal,
2031,0,normal,
2032,0,normal,
2033,0,normal,
2034,0,normal,
2035,0,normal,
2036,0,normal,
2037,0,normal,
2038,0,normal,
2039,0,normal,
2040,0,normal,
2041,0,normal,
2042,0,normal,
2043,0,normal,
2044,0,normal,
2045,0,normal,
2046,0,normal,
2047,0,normal,
2048,0,normal,
2049,0,normal,
2050,0,normal,
2051,0,normal,
2052,0,normal,
2053,0,normal,
2054,0,normal,
2055,0,normal,
2056,0,normal,
2057,0,normal,
2058,0,normal,
2059,0,normal,
2060,0,normal,
2061,0,normal,
2062,0,normal,
2063,0,normal,
2064,0,normal,
2065,0,normal,
2066,0,normal,
2067,0,normal,
2068,0,normal,
2069,0,normal,
2070,0,normal,
2071,0,normal,
2072,0,normal,
2073,0,normal,
2074,0,normal,
2075,0,normal,
2076,0,normal,
2077,0,normal,
2078,0,normal,
2079,0,normal,
2080,0,normal,
2081,0,normal,
2082,0,normal,
2083,0,normal,
2084,0,normal,
2085,0,normal,
2086,0,normal,
2087,0,normal,
2088,0,normal,
2089,0,normal,
2090,0,normal,
2091,0,normal,
2092,0,normal,
2093,0,normal,
2094,0,normal,
2095,0,normal,
2096,0,normal,
2097,0,normal,
2098,0,normal,
2099,0,normal,
2100,0,normal,
2101,0,normal,
2102,0,normal,
2103,0,normal,
2104,0,normal,
2105,0,normal,
2106,0,normal,
2107,0,normal,
2108,0,normal,
2109,0,normal,
2110,0,normal,
2111,0,normal,
2112,0,normal,
2113,0,normal,
2114,0,normal,
2115,0,normal,
2116,0,normal,
2117,0,normal,
2118,0,normal,
2119,0,normal,
2120,0,normal,
2121,0,normal,
2122,0,normal,
2123,0,normal,
2124,0,normal,
2125,0,normal,
2126,0,normal,
2127,0,normal,
2128,0,normal,
2129,0,normal,
2130,0,normal,
2131,0,normal,
2132,0,normal,
2133,0,normal,
2134,0,normal,
2135,0,normal,
2136,0,normal,
2137,0,normal,
2138,0,normal,
2139,0,normal,
2140,0,normal,
2141,0,normal,
2142,0,normal,
2143,0,normal,
2144,0,normal,
2145,0,normal,
2146,0,normal,
2147,0,normal,
2148,0,normal,
2149,0,normal,
2150,0,normal,
2151,0,normal,
2152,0,normal,
2153,0,normal,
2154,0,normal,
2155,0,normal,
2156,0,normal,
2157,0,normal,
2158,0,normal,
2159,0,normal,
2160,0,normal,
2161,0,normal,
2162,0,normal,
2163,0,normal,
2164,0,normal,
2165,0,normal,
2166,0,normal,
2167,0,normal,
2168,0,normal,
2169,0,normal,
2170,0,normal,
2171,0,normal,
2172,0,normal,
2173,0,normal,
2174,0,normal,
2175,0,normal,
2176,0,normal,
2177,0,normal,
2178,0,normal,
2179,0,normal,
2180,0,normal,
2181,0,normal,
2182,0,normal,
2183,0,normal,
2184,0,normal,
2185,0,normal,
2186,0,normal,
2187,0,normal,
2188,0,normal,
2189,0,normal,
2190,0,normal,
2191,0,normal,
2192,0,normal,
2193,0,normal,
2194,0,normal,
2195,0,normal,
2196,0,normal,
2197,0,normal,
2198,0,normal,
2199,0,normal,
2200,0,normal,
2201,0,normal,
2202,0,normal,
2203,0,normal,
2204,0,normal,
2205,0,normal,
2206,0,normal,
2207,0,normal,
2208,0,normal,
2209,0,normal,
2210,0,normal,
2211,0,normal,
2212,0,normal,
2213,0,normal,
2214,0,normal,
2215,0,normal,
2216,0,normal,
2217,0,normal,
2218,0,normal,
2219,0,normal,
2220,0,normal,
2221,0,normal,
2222,0,normal,
2223,0,normal,
2224,0,normal,
2225,0,normal,
2226,0,normal,
2227,0,normal,
2228,0,normal,
2229,0,normal,
2230,0,normal,
2231,0,normal,
2232,0,normal,
2233,0,normal,
2234,0,normal,
2235,0,normal,
2236,0,normal,
2237,0,normal,
2238,0,normal,
2239,0,normal,
2240,0,normal,
2241,0,normal,
2242,0,normal,
2243,0,normal,
2244,0,normal,
2245,0,normal,
2246,0,normal,
2247,0,normal,
2248,0,normal,
2249,0,normal,
2250,0,normal,
2251,0,normal,
2252,0,normal,
2253,0,normal,
2254,0,normal,
2255,0,normal,
2256,0,normal,
2257,0,normal,
2258,0,normal,
2259,0,normal,
2260,0,normal,
2261,0,normal,
2262,0,normal,
2263,0,normal,
2264,0,normal,
2265,0,normal,
2266,0,normal,
2267,0,normal,
2268,0,normal,
2269,0,normal,
2270,0,normal,
2271,0,normal,
2272,0,normal,
2273,0,normal,
2274,0,normal,
2275,0,normal,
2276,0,normal,
2277,0,normal,
2278,0,normal,
2279,0,normal,
2280,0,normal,
2281,0,normal,
2282,0,normal,
2283,0,normal,
2284,0,normal,
2285,0,normal,
2286,0,normal,
2287,0,normal,
2288,0,normal,
2289,0,normal,
2290,0,normal,
2291,0,normal,
2292,0,normal,
2293,0,normal,
2294,0,normal,
2295,0,normal,
2296,0,normal,
2297,0,normal,
2298,0,normal,
2299,0,normal,
2300,0,normal,
2301,0,normal,
2302,0,normal,
2303,0,normal,
2304,0,normal,
2305,0,normal,
2306,0,normal,
2307,0,normal,
2308,0,normal,
2309,0,normal,
2310,0,normal,
2311,0,normal,
2312,0,normal,
2313,0,normal,
2314,0,normal,
2315,0,normal,
2316,0,normal,
2317,0,normal,
2318,0,normal,
2319,0,normal,
2320,0,normal,
2321,0,normal,
2322,0,normal,
2323,0,normal,
2324,0,normal,
2325,0,normal,
2326,0,normal,
2327,0,normal,
2328,0,normal,
2329,0,normal,
2330,0,normal,
2331,0,normal,
2332,0,normal,
2333,0,normal,
2334,0,normal,
2335,0,normal,
2336,0,normal,
2337,0,normal,
2338,0,normal,
2339,0,normal,
2340,0,normal,
2341,0,normal,
2342,0,normal,
2343,0,normal,
2344,0,normal,
2345,0,normal,
2346,0,normal,
2347,0,normal,
2348,0,normal,
2349,0,normal,
2350,0,normal,
2351,0,normal,
2352,0,normal,
2353,0,normal,
2354,0,normal,
2355,0,normal,
2356,0,normal,
2357,0,normal,
2358,0,normal,
2359,0,normal,
2360,0,normal,
2361,0,normal,
2362,0,normal,
2363,0,normal,
2364,0,normal,
2365,0,normal,
2366,0,normal,
2367,0,normal,
2368,0,normal,
2369,0,normal,
2370,0,normal,
2371,0,normal,
2372,0,normal,
2373,0,normal,
2374,0,normal,
2375,0,normal,
2376,0,normal,
2377,0,normal,
2378,0,normal,
2379,0,normal,
2380,0,normal,
2381,0,normal,
2382,0,normal,
2383,0,normal,
2384,0,normal,
2385,0,normal,
2386,0,normal,
2387,0,normal,
2388,0,normal,
2389,0,normal,
2390,0,normal,
2391,0,normal,
2392,0,normal,
2393,0,normal,
2394,0,normal,
2395,0,normal,
2396,0,normal,
2397,0,normal,
2398,0,normal,
2399,0,normal,
2400,0,normal,
2401,0,normal,
2402,0,normal,
2403,0,normal,
2404,0,normal,
2405,0,normal,
2406,0,normal,
2407,0,normal,
2408,0,normal,
2409,0,normal,
2410,0,normal,
2411,0,normal,
2412,0,normal,
2413,0,normal,
2414,0,normal,
2415,0,normal,
2416,0,normal,
2417,0,normal,
2418,0,normal,
2419,0,normal,
2420,0,normal,
2421,0,normal,
2422,0,normal,
2423,0,normal,
2424,0,normal,
2425,0,normal,
2426,0,normal,
2427,0,normal,
2428,0,normal,
2429,0,normal,
2430,0,normal,
2431,0,normal,
2432,0,normal,
2433,0,normal,
2434,0,normal,
2435,0,normal,
2436,0,normal,
2437,0,normal,
2438,0,normal,
2439,0,normal,
2440,0,normal,
2441,0,normal,
2442,0,normal,
2443,0,normal,
2444,0,normal,
2445,0,normal,
2446,0,normal,
2447,0,normal,
2448,0,normal,
2449,0,normal,
2450,0,normal,
2451,0,normal,
2452,0,normal,
2453,0,normal,
2454,0,normal,
2455,0,normal,
2456,0,normal,
2457,0,normal,
2458,0,normal,
2459,0,normal,
2460,0,normal,
2461,0,normal,
2462,0,normal,
2463,0,normal,
2464,0,normal,
2465,0,normal,
2466,0,normal,
2467,0,normal,
2468,0,normal,
2469,0,normal,
2470,0,normal,
2471,0,normal,
2472,0,normal,
2473,0,normal,
2474,0,normal,
2475,0,normal,
2476,0,normal,
2477,0,normal,
2478,0,normal,
2479,0,normal,
2480,0,normal,
2481,0,normal,
2482,0,normal,
2483,0,normal,
2484,0,normal,
2485,0,normal,
2486,0,normal,
2487,0,normal,
2488,0,normal,
2489,0,normal,
2490,0,normal,
2491,0,normal,
2492,0,normal,
2493,0,normal,
2494,0,normal,
2495,0,normal,
2496,0,normal,
2497,0,normal,
2498,0,normal,
2499,0,normal,
2500,0,normal,
2501,0,normal,
2502,0,normal,
2503,0,normal,
2504,0,normal,
2505,0,normal,
2506,0,normal,
2507,0,normal,
2508,0,normal,
2509,0,normal,
2510,0,normal,
2511,0,normal,
2512,0,normal,
2513,0,normal,
2514,0,normal,
2515,0,normal,
2516,0,normal,
2517,0,normal,
2518,0,normal,
2519,0,normal,
2520,0,normal,
2521,0,normal,
2522,0,normal,
2523,0,normal,
2524,0,normal,
2525,0,normal,
2526,0,normal,
2527,0,normal,
2528,0,normal,
2529,0,normal,
2530,0,normal,
2531,0,normal,
2532,0,normal,
2533,0,normal,
2534,0,normal,
2535,0,normal,
2536,0,normal,
2537,0,normal,
2538,0,normal,
2539,0,normal,
2540,0,normal,
2541,0,normal,
2542,0,normal,
2543,0,normal,
2544,0,normal,
2545,0,normal,
2546,0,normal,
2547,0,normal,
2548,0,normal,
2549,0,normal,
2550,0,normal,
2551,0,normal,
2552,0,normal,
2553,0,normal,
2554,0,normal,
2555,0,normal,
2556,0,normal,
2557,0,normal,
2558,0,normal,
2559,0,normal,
2560,0,normal,
2561,0,normal,
2562,0,normal,
2563,0,normal,
2564,0,normal,
2565,0,normal,
2566,0,normal,
2567,0,normal,
2568,0,normal,
2569,0,normal,
2570,0,normal,
2571,0,normal,
2572,0,normal,
2573,0,normal,
2574,0,normal,
2575,0,normal,
2576,0,normal,
2577,0,normal,
2578,0,normal,
2579,0,normal,
2580,0,normal,
2581,0,normal,
2582,0,normal,
2583,0,normal,
2584,0,normal,
2585,0,normal,
2586,0,normal,
2587,0,normal,
2588,0,normal,
2589,0,normal,
2590,0,normal,
2591,0,normal,
2592,0,normal,
2593,0,normal,
2594,0,normal,
2595,0,normal,
2596,0,normal,
2597,0,normal,
2598,0,normal,
2599,0,normal,
2600,0,normal,
2601,0,normal,
2602,0,normal,
2603,0,normal,
2604,0,normal,
2605,0,normal,
2606,0,normal,
2607,0,normal,
2608,0,normal,
2609,0,normal,
2610,0,normal,
2611,0,normal,
2612,0,normal,
2613,0,normal,
2614,0,normal,
2615,0,normal,
2616,0,normal,
2617,0,normal,
2618,0,normal,
2619,0,normal,
2620,0,normal,
2621,0,normal,
2622,0,normal,
2623,0,normal,
2624,0,normal,
2625,0,normal,
2626,0,normal,
2627,0,normal,
2628,0,normal,
2629,0,normal,
2630,0,normal,
2631,0,normal,
2632,0,normal,
2633,0,normal,
2634,0,normal,
2635,0,normal,
2636,0,normal,
2637,0,normal,
2638,0,normal,
2639,0,normal,
2640,0,normal,
2641,0,normal,
2642,0,normal,
2643,0,normal,
2644,0,normal,
2645,0,normal,
2646,0,normal,
2647,0,normal,
2648,0,normal,
2649,0,normal,
2650,0,normal,
2651,0,normal,
2652,0,normal,
2653,0,normal,
2654,0,normal,
2655,0,normal,
2656,0,normal,
2657,0,normal,
2658,0,normal,
2659,0,normal,
2660,0,normal,
2661,0,normal,
2662,0,normal,
2663,0,normal,
2664,0,normal,
2665,0,normal,
2666,0,normal,
2667,0,normal,
2668,0,normal,
2669,0,normal,
2670,0,normal,
2671,0,normal,
2672,0,normal,
2673,0,normal,
2674,0,normal,
2675,0,normal,
2676,0,normal,
2677,0,normal,
2678,0,normal,
2679,0,normal,
2680,0,normal,
2681,0,normal,
2682,0,normal,
2683,0,normal,
2684,0,normal,
2685,0,normal,
2686,0,normal,
2687,0,normal,
2688,0,normal,
2689,0,normal,
2690,0,normal,
2691,0,normal,
2692,0,normal,
2693,0,normal,
2694,0,normal,
2695,0,normal,
2696,0,normal,
2697,0,normal,
2698,0,normal,
2699,0,normal,
2700,0,normal,
2701,0,normal,
2702,0,normal,
2703,0,normal,
2704,0,normal,
2705,0,normal,
2706,0,normal,
2707,0,normal,
2708,0,normal,
2709,0,normal,
2710,0,normal,
2711,0,normal,
2712,0,normal,
2713,0,normal,
2714,0,normal,
2715,0,normal,
2716,0,normal,
2717,0,normal,
2718,0,normal,
2719,0,normal,
2720,0,normal,
2721,0,normal,
2722,0,normal,
2723,0,normal,
2724,0,normal,
2725,0,normal,
2726,0,normal,
2727,0,normal,
2728,0,normal,
2729,0,normal,
2730,0,normal,
2731,0,normal,
2732,0,normal,
2733,0,normal,
2734,0,normal,
2735,0,normal,
2736,0,normal,
2737,0,normal,
2738,0,normal,
2739,0,normal,
2740,0,normal,
2741,0,normal,
2742,0,normal,
2743,0,normal,
2744,0,normal,
2745,0,normal,
2746,0,normal,
2747,0,normal,
2748,0,normal,
2749,0,normal,
2750,0,normal,
2751,0,normal,
2752,0,normal,
2753,0,normal,
2754,0,normal,
2755,0,normal,
2756,0,normal,
2757,0,normal,
2758,0,normal,
2759,0,normal,
2760,0,normal,
2761,0,normal,
2762,0,normal,
2763,0,normal,
2764,0,normal,
2765,0,normal,
2766,0,normal,
2767,0,normal,
2768,0,normal,
2769,0,normal,
2770,0,normal,
2771,0,normal,
2772,0,normal,
2773,0,normal,
2774,0,normal,
2775,0,normal,
2776,0,normal,
2777,0,normal,
2778,0,normal,
2779,0,normal,
2780,0,normal,
2781,0,normal,
2782,0,normal,
2783,0,normal,
2784,0,normal,
2785,0,normal,
2786,0,normal,
2787,0,normal,
2788,0,normal,
2789,0,normal,
2790,0,normal,
2791,0,normal,
2792,0,normal,
2793,0,normal,
2794,0,normal,
2795,0,normal,
2796,0,normal,
2797,0,normal,
2798,0,normal,
2799,0,normal,
2800,0,normal,
2801,0,normal,
2802,0,normal,
2803,0,normal,
2804,0,normal,
2805,0,normal,
2806,0,normal,
2807,0,normal,
2808,0,normal,
2809,0,normal,
2810,0,normal,
2811,0,normal,
2812,0,normal,
2813,0,normal,
2814,0,normal,
2815,0,normal,
2816,0,normal,
2817,0,normal,
2818,0,normal,
2819,0,normal,
2820,0,normal,
2821,0,normal,
2822,0,normal,
2823,0,normal,
2824,0,normal,
2825,0,normal,
2826,0,normal,
2827,0,normal,
2828,0,normal,
2829,0,normal,
2830,0,normal,
2831,0,normal,
2832,0,normal,
2833,0,normal,
2834,0,normal,
2835,0,normal,
2836,0,normal,
2837,0,normal,
2838,0,normal,
2839,0,normal,
2840,0,normal,
2841,0,normal,
2842,0,normal,
2843,0,normal,
2844,0,normal,
2845,0,normal,
2846,0,normal,
2847,0,normal,
2848,0,normal,
2849,0,normal,
2850,0,normal,
2851,0,normal,
2852,0,normal,
2853,0,normal,
2854,0,normal,
2855,0,normal,
2856,0,normal,
2857,0,normal,
2858,0,normal,
2859,0,normal,
2860,0,normal,
2861,0,normal,
2862,0,normal,
2863,0,normal,
2864,0,normal,
2865,0,normal,
2866,0,normal,
2867,0,normal,
2868,0,normal,
2869,0,normal,
2870,0,normal,
2871,0,normal,
2872,0,normal,
2873,0,normal,
2874,0,normal,
2875,0,normal,
2876,0,normal,
2877,0,normal,
2878,0,normal,
2879,0,normal,
2880,0,normal,
2881,0,normal,
2882,0,normal,
2883,0,normal,
2884,0,normal,
2885,0,normal,
2886,0,normal,
2887,0,normal,
2888,0,normal,
2889,0,normal,
2890,0,normal,
2891,0,normal,
2892,0,normal,
2893,0,normal,
2894,0,normal,
2895,0,normal,
2896,0,normal,
2897,0,normal,
2898,0,normal,
2899,0,normal,
2900,0,normal,
2901,0,normal,
2902,0,normal,
2903,0,normal,
2904,0,normal,
2905,0,normal,
2906,0,normal,
2907,0,normal,
2908,0,normal,
2909,0,normal,
2910,0,normal,
2911,0,normal,
2912,0,normal,
2913,0,normal,
2914,0,normal,
2915,0,normal,
2916,0,normal,
2917,0,normal,
2918,0,normal,
2919,0,normal,
2920,0,normal,
2921,0,normal,
2922,0,normal,
2923,0,normal,
2924,0,normal,
2925,0,normal,
2926,0,normal,
2927,0,normal,
2928,0,normal,
2929,0,normal,
2930,0,normal,
2931,0,normal,
2932,0,normal,
2933,0,normal,
2934,0,normal,
2935,0,normal,
2936,0,normal,
2937,0,normal,
2938,0,normal,
2939,0,normal,
2940,0,normal,
2941,0,normal,
2942,0,normal,
2943,0,normal,
2944,0,normal,
2945,0,normal,
2946,0,normal,
2947,0,normal,
2948,0,normal,
2949,0,normal,
2950,0,normal,
2951,0,normal,
2952,0,normal,
2953,0,normal,
2954,0,normal,
2955,0,normal,
2956,0,normal,
2957,0,normal,
2958,0,normal,
2959,0,normal,
2960,0,normal,
2961,0,normal,
2962,0,normal,
2963,0,normal,
2964,0,normal,
2965,0,normal,
2966,0,normal,
2967,0,normal,
2968,0,normal,
2969,0,normal,
2970,0,normal,
2971,0,normal,
2972,0,normal,
2973,0,normal,
2974,0,normal,
2975,0,normal,
2976,0,normal,
2977,0,normal,
2978,0,normal,
2979,0,normal,
2980,0,normal,
2981,0,normal,
2982,0,normal,
2983,0,normal,
2984,0,normal,
2985,0,normal,
2986,0,normal,
2987,0,normal,
2988,0,normal,
2989,0,normal,
2990,0,normal,
2991,0,normal,
2992,0,normal,
2993,0,normal,
2994,0,normal,
2995,0,normal,
2996,0,normal,
2997,0,normal,
2998,0,normal,
2999,0,normal,
3000,0,normal,
3001,0,normal,
3002,0,normal,
3003,0,normal,
3004,0,normal,
3005,0,normal,
3006,0,normal,
3007,0,normal,
3008,0,normal,
3009,0,normal,
3010,0,normal,
3011,0,normal,
3012,0,normal,
3013,0,normal,
3014,0,normal,
3015,0,normal,
3016,0,normal,
3017,0,normal,
3018,0,normal,
3019,0,normal,
3020,0,normal,
3021,0,normal,
3022,0,normal,
3023,0,normal,
3024,0,normal,
3025,0,normal,
3026,0,normal,
3027,0,normal,
3028,0,normal,
3029,0,normal,
3030,0,normal,
3031,0,normal,
3032,0,normal,
3033,0,normal,
3034,0,normal,
3035,0,normal,
3036,0,normal,
3037,0,normal,
3038,0,normal,
3039,0,normal,
3040,0,normal,
3041,0,normal,
3042,0,normal,
3043,0,normal,
3044,0,normal,
3045,0,normal,
3046,0,normal,
3047,0,normal,
3048,0,normal,
3049,0,normal,
3050,0,normal,
3051,0,normal,
3052,0,normal,
3053,0,normal,
3054,0,normal,
3055,0,normal,
3056,0,normal,
3057,0,normal,
3058,0,normal,
3059,0,normal,
3060,0,normal,
3061,0,normal,
3062,0,normal,
3063,0,normal,
3064,0,normal,
3065,0,normal,
3066,0,normal,
3067,0,normal,
3068,0,normal,
3069,0,normal,
3070,0,normal,
3071,0,normal,
3072,0,normal,
3073,0,normal,
3074,0,normal,
3075,0,normal,
3076,0,normal,
3077,0,normal,
3078,0,normal,
3079,0,normal,
3080,0,normal,
3081,0,normal,
3082,0,normal,
3083,0,normal,
3084,0,normal,
3085,0,normal,
3086,0,normal,
3087,0,normal,
3088,0,normal,
3089,0,normal,
3090,0,normal,
3091,0,normal,
3092,0,normal,
3093,0,normal,
3094,0,normal,
3095,0,normal,
3096,0,normal,
3097,0,normal,
3098,0,normal,
3099,0,normal,
3100,0,normal,
3101,0,normal,
3102,0,normal,
3103,0,normal,
3104,0,normal,
3105,0,normal,
3106,0,normal,
3107,0,normal,
3108,0,normal,
3109,0,normal,
3110,0,normal,
3111,0,normal,
3112,0,normal,
3113,0,normal,
3114,0,normal,
3115,0,normal,
3116,0,normal,
3117,0,normal,
3118,0,normal,
3119,0,normal,
3120,0,normal,
3121,0,normal,
3122,0,normal,
3123,0,normal,
3124,0,normal,
3125,0,normal,
3126,0,normal,
3127,0,normal,
3128,0,normal,
3129,0,normal,
3130,0,normal,
3131,0,normal,
3132,0,normal,
3133,0,normal,
3134,0,normal,
3135,0,normal,
3136,0,normal,
3137,0,normal,
3138,0,normal,
3139,0,normal,
3140,0,normal,
3141,0,normal,
3142,0,normal,
3143,0,normal,
3144,0,normal,
3145,0,normal,
3146,0,normal,
3147,0,normal,
3148,0,normal,
3149,0,normal,
3150,0,normal,
3151,0,normal,
3152,0,normal,
3153,0,normal,
3154,0,normal,
3155,0,normal,
3156,0,normal,
3157,0,normal,
3158,0,normal,
3159,0,normal,
3160,0,normal,
3161,0,normal,
3162,0,normal,
3163,0,normal,
3164,0,normal,
3165,0,normal,
3166,0,normal,
3167,0,normal,
3168,0,normal,
3169,0,normal,
3170,0,normal,
3171,0,normal,
3172,0,normal,
3173,0,normal,
3174,0,normal,
3175,0,normal,
3176,0,normal,
3177,0,normal,
3178,0,normal,
3179,0,normal,
3180,0,normal,
3181,0,normal,
3182,0,normal,
3183,0,normal,
3184,0,normal,
3185,0,normal,
3186,0,normal,
3187,0,normal,
3188,0,normal,
3189,0,normal,
3190,0,normal,
3191,0,normal,
3192,0,normal,
3193,0,normal,
3194,0,normal,
3195,0,normal,
3196,0,normal,
3197,0,normal,
3198,0,normal,
3199,0,normal,
3200,0,normal,
3201,0,normal,
3202,0,normal,
3203,0,normal,
3204,0,normal,
3205,0,normal,
3206,0,normal,
3207,0,normal,
3208,0,normal,
3209,0,normal,
3210,0,normal,
3211,0,normal,
3212,0,normal,
3213,0,normal,
3214,0,normal,
3215,0,normal,
3216,0,normal,
3217,0,normal,
3218,0,normal,
3219,0,normal,
3220,0,normal,
3221,0,normal,
3222,0,normal,
3223,0,normal,
3224,0,normal,
3225,0,normal,
3226,0,normal,
3227,0,normal,
3228,0,normal,
3229,0,normal,
3230,0,normal,
3231,0,normal,
3232,0,normal,
3233,0,normal,
3234,0,normal,
3235,0,normal,
3236,0,normal,
3237,0,normal,
3238,0,normal,
3239,0,normal,
3240,0,normal,
3241,0,normal,
3242,0,normal,
3243,0,normal,
3244,0,normal,
3245,0,normal,
3246,0,normal,
3247,0,normal,
3248,0,normal,
3249,0,normal,
3250,0,normal,
3251,0,normal,
3252,0,normal,
3253,0,normal,
3254,0,normal,
3255,0,normal,
3256,0,normal,
3257,0,normal,
3258,0,normal,
3259,0,normal,
3260,0,normal,
3261,0,normal,
3262,0,normal,
3263,0,normal,
3264,0,normal,
3265,0,normal,
3266,0,normal,
3267,0,normal,
3268,0,normal,
3269,0,normal,
3270,0,normal,
3271,0,normal,
3272,0,normal,
3273,0,normal,
3274,0,normal,
3275,0,normal,
3276,0,normal,
3277,0,normal,
3278,0,normal,
3279,0,normal,
3280,0,normal,
3281,0,normal,
3282,0,normal,
3283,0,normal,
3284,0,normal,
3285,0,normal,
3286,0,normal,
3287,0,normal,
3288,0,normal,
3289,0,normal,
3290,0,normal,
3291,0,normal,
3292,0,normal,
3293,0,normal,
3294,0,normal,
3295,0,normal,
3296,0,normal,
3297,0,normal,
3298,0,normal,
3299,0,normal,
3300,0,normal,
3301,0,normal,
3302,0,normal,
3303,0,normal,
3304,0,normal,
3305,0,normal,
3306,0,normal,
3307,0,normal,
3308,0,normal,
3309,0,normal,
3310,0,normal,
3311,0,normal,
3312,0,normal,
3313,0,normal,
3314,0,normal,
3315,0,normal,
3316,0,normal,
3317,0,normal,
3318,0,normal,
3319,0,normal,
3320,0,normal,
3321,0,normal,
3322,0,normal,
3323,0,normal,
3324,0,normal,
3325,0,normal,
3326,0,normal,
3327,0,normal,
3328,0,normal,
3329,0,normal,
3330,0,normal,
3331,0,normal,
3332,0,normal,
3333,0,normal,
3334,0,normal,
3335,0,normal,
3336,0,normal,
3337,0,normal,
3338,0,normal,
3339,0,normal,
3340,0,normal,
3341,0,normal,
3342,0,normal,
3343,0,normal,
3344,0,normal,
3345,0,normal,
3346,0,normal,
3347,0,normal,
3348,0,normal,
3349,0,normal,
3350,0,normal,
3351,0,normal,
3352,0,normal,
3353,0,normal,
3354,0,normal,
3355,0,normal,
3356,0,normal,
3357,0,normal,
3358,0,normal,
3359,0,normal,
3360,0,normal,
3361,0,normal,
3362,0,normal,
3363,0,normal,
3364,0,normal,
3365,0,normal,
3366,0,normal,
3367,0,normal,
3368,0,normal,
3369,0,normal,
3370,0,normal,
3371,0,normal,
3372,0,normal,
3373,0,normal,
3374,0,normal,
3375,0,normal,
3376,0,normal,
3377,0,normal,
3378,0,normal,
3379,0,normal,
3380,0,normal,
3381,0,normal,
3382,0,normal,
3383,0,normal,
3384,0,normal,
3385,0,normal,
3386,0,normal,
3387,0,normal,
3388,0,normal,
3389,0,normal,
3390,0,normal,
3391,0,normal,
3392,0,normal,
3393,0,normal,
3394,0,normal,
3395,0,normal,
3396,0,normal,
3397,0,normal,
3398,0,normal,
3399,0,normal,
3400,0,normal,
3401,0,normal,
3402,0,normal,
3403,0,normal,
3404,0,normal,
3405,0,normal,
3406,0,normal,
3407,0,normal,
3408,0,normal,
3409,0,normal,
3410,0,normal,
3411,0,normal,
3412,0,normal,
3413,0,normal,
3414,0,normal,
3415,0,normal,
3416,0,normal,
3417,0,normal,
3418,0,normal,
3419,0,normal,
3420,0,normal,
3421,0,normal,
3422,0,normal,
3423,0,normal,
3424,0,normal,
3425,0,normal,
3426,0,normal,
3427,0,normal,
3428,0,normal,
3429,0,normal,
3430,0,normal,
3431,0,normal,
3432,0,normal,
3433,0,normal,
3434,0,normal,
3435,0,normal,
3436,0,normal,
3437,0,normal,
3438,0,normal,
3439,0,normal,
3440,0,normal,
3441,0,normal,
3442,0,normal,
3443,0,normal,
3444,0,normal,
3445,0,normal,
3446,0,normal,
3447,0,normal,
3448,0,normal,
3449,0,normal,
3450,0,normal,
3451,0,normal,
3452,0,normal,
3453,0,normal,
3454,0,normal,
3455,0,normal,
3456,0,normal,
3457,0,normal,
3458,0,normal,
3459,0,normal,
3460,0,normal,
3461,0,normal,
3462,0,normal,
3463,0,normal,
3464,0,normal,
3465,0,normal,
3466,0,normal,
3467,0,normal,
3468,0,normal,
3469,0,normal,
3470,0,normal,
3471,0,normal,
3472,0,normal,
3473,0,normal,
3474,0,normal,
3475,0,normal,
3476,0,normal,
3477,0,normal,
3478,0,normal,
3479,0,normal,
3480,0,normal,
3481,0,normal,
3482,0,normal,
3483,0,normal,
3484,0,normal,
3485,0,normal,
3486,0,normal,
3487,0,normal,
3488,0,normal,
3489,0,normal,
3490,0,normal,
3491,0,normal,
3492,0,normal,
3493,0,normal,
3494,0,normal,
3495,0,normal,
3496,0,normal,
3497,0,normal,
3498,0,normal,
3499,0,normal,
3500,0,normal,
3501,0,normal,
3502,0,normal,
3503,0,normal,
3504,0,normal,
3505,0,normal,
3506,0,normal,
3507,0,normal,
3508,0,normal,
3509,0,normal,
3510,0,normal,
3511,0,normal,
3512,0,normal,
3513,0,normal,
3514,0,normal,
3515,0,normal,
3516,0,normal,
3517,0,normal,
3518,0,normal,
3519,0,normal,
3520,0,normal,
3521,0,normal,
3522,0,normal,
3523,0,normal,
3524,0,normal,
3525,0,normal,
3526,0,normal,
3527,0,normal,
3528,0,normal,
3529,0,normal,
3530,0,normal,
3531,0,normal,
3532,0,normal,
3533,0,normal,
3534,0,normal,
3535,0,normal,
3536,0,normal,
3537,0,normal,
3538,0,normal,
3539,0,normal,
3540,0,normal,
3541,0,normal,
3542,0,normal,
3543,0,normal,
3544,0,normal,
3545,0,normal,
3546,0,normal,
3547,0,normal,
3548,0,normal,
3549,0,normal,
3550,0,normal,
3551,0,normal,
3552,0,normal,
3553,0,normal,
3554,0,normal,
3555,0,normal,
3556,0,normal,
3557,0,normal,
3558,0,normal,
3559,0,normal,
3560,0,normal,
3561,0,normal,
3562,0,normal,
3563,0,normal,
3564,0,normal,
3565,0,normal,
3566,0,normal,
3567,0,normal,
3568,0,normal,
3569,0,normal,
3570,0,normal,
3571,0,normal,
3572,0,normal,
3573,0,normal,
3574,0,normal,
3575,0,normal,
3576,0,normal,
3577,0,normal,
3578,0,normal,
3579,0,normal,
3580,0,normal,
3581,0,normal,
3582,0,normal,
3583,0,normal,
3584,0,normal,
3585,0,normal,
3586,0,normal,
3587,0,normal,
3588,0,normal,
3589,0,normal,
3590,0,normal,
3591,0,normal,
3592,0,normal,
3593,0,normal,
3594,0,normal,
3595,0,normal,
3596,0,normal,
3597,0,normal,
3598,0,normal,
3599,0,normal,
3600,0,normal,
3601,0,normal,
3602,0,normal,
3603,0,normal,
3604,0,normal,
3605,0,normal,
3606,0,normal,
3607,0,normal,
3608,0,normal,
3609,0,normal,
3610,0,normal,
3611,0,normal,
3612,0,normal,
3613,0,normal,
3614,0,normal,
3615,0,normal,
3616,0,normal,
3617,0,normal,
3618,0,normal,
3619,0,normal,
3620,0,normal,
3621,0,normal,
3622,0,normal,
3623,0,normal,
3624,0,normal,
3625,0,normal,
3626,0,normal,
3627,0,normal,
3628,0,normal,
3629,0,normal,
3630,0,normal,
3631,0,normal,
3632,0,normal,
3633,0,normal,
3634,0,normal,
3635,0,normal,
3636,0,normal,
3637,0,normal,
3638,0,normal,
3639,0,normal,
3640,0,normal,
3641,0,normal,
3642,0,normal,
3643,0,normal,
3644,0,normal,
3645,0,normal,
3646,0,normal,
3647,0,normal,
3648,0,normal,
3649,0,normal,
3650,0,normal,
3651,0,normal,
3652,0,normal,
3653,0,normal,
3654,0,normal,
3655,0,normal,
3656,0,normal,
3657,0,normal,
3658,0,normal,
3659,0,normal,
3660,0,normal,
3661,0,normal,
3662,0,normal,
3663,0,normal,
3664,0,normal,
3665,0,normal,
3666,0,normal,
3667,0,normal,
3668,0,normal,
3669,0,normal,
3670,0,normal,
3671,0,normal,
3672,0,normal,
3673,0,normal,
3674,0,normal,
3675,0,normal,
3676,0,normal,
3677,0,normal,
3678,0,normal,
3679,0,normal,
3680,0,normal,
3681,0,normal,
3682,0,normal,
3683,0,normal,
3684,0,normal,
3685,0,normal,
3686,0,normal,
3687,0,normal,
3688,0,normal,
3689,0,normal,
3690,0,normal,
3691,0,normal,
3692,0,normal,
3693,0,normal,
3694,0,normal,
3695,0,normal,
3696,0,normal,
3697,0,normal,
3698,0,normal,
3699,0,normal,
3700,0,normal,
3701,0,normal,
3702,0,normal,
3703,0,normal,
3704,0,normal,
3705,0,normal,
3706,0,normal,
3707,0,normal,
3708,0,normal,
3709,0,normal,
3710,0,normal,
3711,0,normal,
3712,0,normal,
3713,0,normal,
3714,0,normal,
3715,0,normal,
3716,0,normal,
3717,0,normal,
3718,0,normal,
3719,0,normal,
3720,0,normal,
3721,0,normal,
3722,0,normal,
3723,0,normal,
3724,0,normal,
3725,0,normal,
3726,0,normal,
3727,0,normal,
3728,0,normal,
3729,0,normal,
3730,0,normal,
3731,0,normal,
3732,0,normal,
3733,0,normal,
3734,0,normal,
3735,0,normal,
3736,0,normal,
3737,0,normal,
3738,0,normal,
3739,0,normal,
3740,0,normal,
3741,0,normal,
3742,0,normal,
3743,0,normal,
3744,0,normal,
3745,0,normal,
3746,0,normal,
3747,0,normal,
3748,0,normal,
3749,0,normal,
3750,0,normal,
3751,0,normal,
3752,0,normal,
3753,0,normal,
3754,0,normal,
3755,0,normal,
3756,0,normal,
3757,0,normal,
3758,0,normal,
3759,0,normal,
3760,0,normal,
3761,0,normal,
3762,0,normal,
3763,0,normal,
3764,0,normal,
3765,0,normal,
3766,0,normal,
3767,0,normal,
3768,0,normal,
3769,0,normal,
3770,0,normal,
3771,0,normal,
3772,0,normal,
3773,0,normal,
3774,0,normal,
3775,0,normal,
3776,0,normal,
3777,0,normal,
3778,0,normal,
3779,0,normal,
3780,0,normal,
3781,0,normal,
3782,0,normal,
3783,0,normal,
3784,0,normal,
3785,0,normal,
3786,0,normal,
3787,0,normal,
3788,0,normal,
3789,0,normal,
3790,0,normal,
3791,0,normal,
3792,0,normal,
3793,0,normal,
3794,0,normal,
3795,0,normal,
3796,0,normal,
3797,0,normal,
3798,0,normal,
3799,0,normal,
3800,0,normal,
3801,0,normal,
3802,0,normal,
3803,0,normal,
3804,0,normal,
3805,0,normal,
3806,0,normal,
3807,0,normal,
3808,0,normal,
3809,0,normal,
3810,0,normal,
3811,0,normal,
3812,0,normal,
3813,0,normal,
3814,0,normal,
3815,0,normal,
3816,0,normal,
3817,0,normal,
3818,0,normal,
3819,0,normal,
3820,0,normal,
3821,0,normal,
3822,0,normal,
3823,0,normal,
3824,0,normal,
3825,0,normal,
3826,0,normal,
3827,0,normal,
3828,0,normal,
3829,0,normal,
3830,0,normal,
3831,0,normal,
3832,0,normal,
3833,0,normal,
3834,0,normal,
3835,0,normal,
3836,0,normal,
3837,0,normal,
3838,0,normal,
3839,0,normal,
3840,0,normal,
3841,0,normal,
3842,0,normal,
3843,0,normal,
3844,0,normal,
3845,0,normal,
3846,0,normal,
3847,0,normal,
3848,0,normal,
3849,0,normal,
3850,0,normal,
3851,0,normal,
3852,0,normal,
3853,0,normal,
3854,0,normal,
3855,0,normal,
3856,0,normal,
3857,0,normal,
3858,0,normal,
3859,0,normal,
3860,0,normal,
3861,0,normal,
3862,0,normal,
3863,0,normal,
3864,0,normal,
3865,0,normal,
3866,0,normal,
3867,0,normal,
3868,0,normal,
3869,0,normal,
3870,0,normal,
3871,0,normal,
3872,0,normal,
3873,0,normal,
3874,0,normal,
3875,0,normal,
3876,0,normal,
3877,0,normal,
3878,0,normal,
3879,0,normal,
3880,0,normal,
3881,0,normal,
3882,0,normal,
3883,0,normal,
3884,0,normal,
3885,0,normal,
3886,0,normal,
3887,0,normal,
3888,0,normal,
3889,0,normal,
3890,0,normal,
3891,0,normal,
3892,0,normal,
3893,0,normal,
3894,0,normal,
3895,0,normal,
3896,0,normal,
3897,0,normal,
3898,0,normal,
3899,0,normal,
3900,0,normal,
3901,0,normal,
3902,0,normal,
3903,0,normal,
3904,0,normal,
3905,0,normal,
3906,0,normal,
3907,0,normal,
3908,0,normal,
3909,0,normal,
3910,0,normal,
3911,0,normal,
3912,0,normal,
3913,0,normal,
3914,0,normal,
3915,0,normal,
3916,0,normal,
3917,0,normal,
3918,0,normal,
3919,0,normal,
3920,0,normal,
3921,0,normal,
3922,0,normal,
3923,0,normal,
3924,0,normal,
3925,0,normal,
3926,0,normal,
3927,0,normal,
3928,0,normal,
3929,0,normal,
3930,0,normal,
3931,0,normal,
3932,0,normal,
3933,0,normal,
3934,0,normal,
3935,0,normal,
3936,0,normal,
3937,0,normal,
3938,0,normal,
3939,0,normal,
3940,0,normal,
3941,0,normal,
3942,0,normal,
3943,0,normal,
3944,0,normal,
3945,0,normal,
3946,0,normal,
3947,0,normal,
3948,0,normal,
3949,0,normal,
3950,0,normal,
3951,0,normal,
3952,0,normal,
3953,0,normal,
3954,0,normal,
3955,0,normal,
3956,0,normal,
3957,0,normal,
3958,0,normal,
3959,0,normal,
3960,0,normal,
3961,0,normal,
3962,0,normal,
3963,0,normal,
3964,0,normal,
3965,0,normal,
3966,0,normal,
3967,0,normal,
3968,0,normal,
3969,0,normal,
3970,0,normal,
3971,0,normal,
3972,0,normal,
3973,0,normal,
3974,0,normal,
3975,0,normal,
3976,0,normal,
3977,0,normal,
3978,0,normal,
3979,0,normal,
3980,0,normal,
3981,0,normal,
3982,0,normal,
3983,0,normal,
3984,0,normal,
3985,0,normal,
3986,0,normal,
3987,0,normal,
3988,0,normal,
3989,0,normal,
3990,0,normal,
3991,0,normal,
3992,0,normal,
3993,0,normal,
3994,0,normal,
3995,0,normal,
3996,0,normal,
3997,0,normal,
3998,0,normal,
3999,0,normal,
4000,0,normal,
4001,0,normal,
4002,0,normal,
4003,0,normal,
4004,0,normal,
4005,0,normal,
4006,0,normal,
4007,0,normal,
4008,0,normal,
4009,0,normal,
4010,0,normal,
4011,0,normal,
4012,0,normal,
4013,0,normal,
4014,0,normal,
4015,0,normal,
4016,0,normal,
4017,0,normal,
4018,0,normal,
4019,0,normal,
4020,0,normal,
4021,0,normal,
4022,0,normal,
4023,0,normal,
4024,0,normal,
4025,0,normal,
4026,0,normal,
4027,0,normal,
4028,0,normal,
4029,0,normal,
4030,0,normal,
4031,0,normal,
4032,0,normal,
4033,0,normal,
4034,0,normal,
4035,0,normal,
4036,0,normal,
4037,0,normal,
4038,0,normal,
4039,0,normal,
4040,0,normal,
4041,0,normal,
4042,0,normal,
4043,0,normal,
4044,0,normal,
4045,0,normal,
4046,0,normal,
4047,0,normal,
4048,0,normal,
4049,0,normal,
4050,0,normal,
4051,0,normal,
4052,0,normal,
4053,0,normal,
4054,0,normal,
4055,0,normal,
4056,0,normal,
4057,0,normal,
4058,0,normal,
4059,0,normal,
4060,0,normal,
4061,0,normal,
4062,0,normal,
4063,0,normal,
4064,0,normal,
4065,0,normal,
4066,0,normal,
4067,0,normal,
4068,0,normal,
4069,0,normal,
4070,0,normal,
4071,0,normal,
4072,0,normal,
4073,0,normal,
4074,0,normal,
4075,0,normal,
4076,0,normal,
4077,0,normal,
4078,0,normal,
4079,0,normal,
4080,0,normal,
4081,0,normal,
4082,0,normal,
4083,0,normal,
4084,0,normal,
4085,0,normal,
4086,0,normal,
4087,0,normal,
4088,0,normal,
4089,0,normal,
4090,0,normal,
4091,0,normal,
4092,0,normal,
4093,0,normal,
4094,0,normal,
4095,0,normal,
4096,0,normal,
4097,0,normal,
4098,0,normal,
4099,0,normal,
4100,0,normal,
4101,0,normal,
4102,0,normal,
4103,0,normal,
4104,0,normal,
4105,0,normal,
4106,0,normal,
4107,0,normal,
4108,0,normal,
4109,0,normal,
4110,0,normal,
4111,0,normal,
4112,0,normal,
4113,0,normal,
4114,0,normal,
4115,0,normal,
4116,0,normal,
4117,0,normal,
4118,0,normal,
4119,0,normal,
4120,0,normal,
4121,0,normal,
4122,0,normal,
4123,0,normal,
4124,0,normal,
4125,0,normal,
4126,0,normal,
4127,0,normal,
4128,0,normal,
4129,0,normal,
4130,0,normal,
4131,0,normal,
4132,0,normal,
4133,0,normal,
4134,0,normal,
4135,0,normal,
4136,0,normal,
4137,0,normal,
4138,0,normal,
4139,0,normal,
4140,0,normal,
4141,0,normal,
4142,0,normal,
4143,0,normal,
4144,0,normal,
4145,0,normal,
4146,0,normal,
4147,0,normal,
4148,0,normal,
4149,0,normal,
4150,0,normal,
4151,0,normal,
4152,0,normal,
4153,0,normal,
4154,0,normal,
4155,0,normal,
4156,0,normal,
4157,0,normal,
4158,0,normal,
4159,0,normal,
4160,0,normal,
4161,0,normal,
4162,0,normal,
4163,0,normal,
4164,0,normal,
4165,0,normal,
4166,0,normal,
4167,0,normal,
4168,0,normal,
4169,0,normal,
4170,0,normal,
4171,0,normal,
4172,0,normal,
4173,0,normal,
4174,0,normal,
4175,0,normal,
4176,0,normal,
4177,0,normal,
4178,0,normal,
4179,0,normal,
4180,0,normal,
4181,0,normal,
4182,0,normal,
4183,0,normal,
4184,0,normal,
4185,0,normal,
4186,0,normal,
4187,0,normal,
4188,0,normal,
4189,0,normal,
4190,0,normal,
4191,0,normal,
4192,0,normal,
4193,0,normal,
4194,0,normal,
4195,0,normal,
4196,0,normal,
4197,0,normal,
4198,0,normal,
4199,0,normal,
4200,0,normal,
4201,0,normal,
4202,0,normal,
4203,0,normal,
4204,0,normal,
4205,0,normal,
4206,0,normal,
4207,0,normal,
4208,0,normal,
4209,0,normal,
4210,0,normal,
4211,0,normal,
4212,0,normal,
4213,0,normal,
4214,0,normal,
4215,0,normal,
4216,0,normal,
4217,0,normal,
4218,0,normal,
4219,0,normal,
4220,0,normal,
4221,0,normal,
4222,0,normal,
4223,0,normal,
4224,0,normal,
4225,0,normal,
4226,0,normal,
4227,0,normal,
4228,0,normal,
4229,0,normal,
4230,0,normal,
4231,0,normal,
4232,0,normal,
4233,0,normal,
4234,0,normal,
4235,0,normal,
4236,0,normal,
4237,0,normal,
4238,0,normal,
4239,0,normal,
4240,0,normal,
4241,0,normal,
4242,0,normal,
4243,0,normal,
4244,0,normal,
4245,0,normal,
4246,0,normal,
4247,0,normal,
4248,0,normal,
4249,0,normal,
4250,0,normal,
4251,0,normal,
4252,0,normal,
4253,0,normal,
4254,0,normal,
4255,0,normal,
4256,0,normal,
4257,0,normal,
4258,0,normal,
4259,0,normal,
4260,0,normal,
4261,0,normal,
4262,0,normal,
4263,0,normal,
4264,0,normal,
4265,0,normal,
4266,0,normal,
4267,0,normal,
4268,0,normal,
4269,0,normal,
4270,0,normal,
4271,0,normal,
4272,0,normal,
4273,0,normal,
4274,0,normal,
4275,0,normal,
4276,0,normal,
4277,0,normal,
4278,0,normal,
4279,0,normal,
4280,0,normal,
4281,0,normal,
4282,0,normal,
4283,0,normal,
4284,0,normal,
4285,0,normal,
4286,0,normal,
4287,0,normal,
4288,0,normal,
4289,0,normal,
4290,0,normal,
4291,0,normal,
4292,0,normal,
4293,0,normal,
4294,0,normal,
4295,0,normal,
4296,0,normal,
4297,0,normal,
4298,0,normal,
4299,0,normal,
4300,0,normal,
4301,0,normal,
4302,0,normal,
4303,0,normal,
4304,0,normal,
4305,0,normal,
4306,0,normal,
4307,0,normal,
4308,0,normal,
4309,0,normal,
4310,0,normal,
4311,0,normal,
4312,0,normal,
4313,0,normal,
4314,0,normal,
4315,0,normal,
4316,0,normal,
4317,0,normal,
4318,0,normal,
4319,0,normal,
4320,0,normal,
4321,0,normal,
4322,0,normal,
4323,0,normal,
4324,0,normal,
4325,0,normal,
4326,0,normal,
4327,0,normal,
4328,0,normal,
4329,0,normal,
4330,0,normal,
4331,0,normal,
4332,0,normal,
4333,0,normal,
4334,0,normal,
4335,0,normal,
4336,0,normal,
4337,0,normal,
4338,0,normal,
4339,0,normal,
4340,0,normal,
4341,0,normal,
4342,0,normal,
4343,0,normal,
4344,0,normal,
4345,0,normal,
4346,0,normal,
4347,0,normal,
4348,0,normal,
4349,0,normal,
4350,0,normal,
4351,0,normal,
4352,0,normal,
4353,0,normal,
4354,0,normal,
4355,0,normal,
4356,0,normal,
4357,0,normal,
4358,0,normal,
4359,0,normal,
4360,0,normal,
4361,0,normal,
4362,0,normal,
4363,0,normal,
4364,0,normal,
4365,0,normal,
4366,0,normal,
4367,0,normal,
4368,0,normal,
4369,0,normal,
4370,0,normal,
4371,0,normal,
4372,0,normal,
4373,0,normal,
4374,0,normal,
4375,0,normal,
4376,0,normal,
4377,0,normal,
4378,0,normal,
4379,0,normal,
4380,0,normal,
4381,0,normal,
4382,0,normal,
4383,0,normal,
4384,0,normal,
4385,0,normal,
4386,0,normal,
4387,0,normal,
4388,0,normal,
4389,0,normal,
4390,0,normal,
4391,0,normal,
4392,0,normal,
4393,0,normal,
4394,0,normal,
4395,0,normal,
4396,0,normal,
4397,0,normal,
4398,0,normal,
4399,0,normal,
4400,0,normal,
4401,0,normal,
4402,0,normal,
4403,0,normal,
4404,0,normal,
4405,0,normal,
4406,0,normal,
4407,0,normal,
4408,0,normal,
4409,0,normal,
4410,0,normal,
4411,0,normal,
4412,0,normal,
4413,0,normal,
4414,0,normal,
4415,0,normal,
4416,0,normal,
4417,0,normal,
4418,0,normal,
4419,0,normal,
4420,0,normal,
4421,0,normal,
4422,0,normal,
4423,0,normal,
4424,0,normal,
4425,0,normal,
4426,0,normal,
4427,0,normal,
4428,0,normal,
4429,0,normal,
4430,0,normal,
4431,0,normal,
4432,0,normal,
4433,0,normal,
4434,0,normal,
4435,0,normal,
4436,0,normal,
4437,0,normal,
4438,0,normal,
4439,0,normal,
4440,0,normal,
4441,0,normal,
4442,0,normal,
4443,0,normal,
4444,0,normal,
4445,0,normal,
4446,0,normal,
4447,0,normal,
4448,0,normal,
4449,0,normal,
4450,0,normal,
4451,0,normal,
4452,0,normal,
4453,0,normal,
4454,0,normal,
4455,0,normal,
4456,0,normal,
4457,0,normal,
4458,0,normal,
4459,0,normal,
4460,0,normal,
4461,0,normal,
4462,0,normal,
4463,0,normal,
4464,0,normal,
4465,0,normal,
4466,0,normal,
4467,0,normal,
4468,0,normal,
4469,0,normal,
4470,0,normal,
4471,0,normal,
4472,0,normal,
4473,0,normal,
4474,0,normal,
4475,0,normal,
4476,0,normal,
4477,0,normal,
4478,0,normal,
4479,0,normal,
4480,0,normal,
4481,0,normal,
4482,0,normal,
4483,0,normal,
4484,0,normal,
4485,0,normal,
4486,0,normal,
4487,0,normal,
4488,0,normal,
4489,0,normal,
4490,0,normal,
4491,0,normal,
4492,0,normal,
4493,0,normal,
4494,0,normal,
4495,0,normal,
4496,0,normal,
4497,0,normal,
4498,0,normal,
4499,0,normal,
4500,0,normal,
4501,0,normal,
4502,0,normal,
4503,0,normal,
4504,0,normal,
4505,0,normal,
4506,0,normal,
4507,0,normal,
4508,0,normal,
4509,0,normal,
4510,0,normal,
4511,0,normal,
4512,0,normal,
4513,0,normal,
4514,0,normal,
4515,0,normal,
4516,0,normal,
4517,0,normal,
4518,0,normal,
4519,0,normal,
4520,0,normal,
4521,0,normal,
4522,0,normal,
4523,0,normal,
4524,0,normal,
4525,0,normal,
4526,0,normal,
4527,0,normal,
4528,0,normal,
4529,0,normal,
4530,0,normal,
4531,0,normal,
4532,0,normal,
4533,0,normal,
4534,0,normal,
4535,0,normal,
4536,0,normal,
4537,0,normal,
4538,0,normal,
4539,0,normal,
4540,0,normal,
4541,0,normal,
4542,0,normal,
4543,0,normal,
4544,0,normal,
4545,0,normal,
4546,0,normal,
4547,0,normal,
4548,0,normal,
4549,0,normal,
4550,0,normal,
4551,0,normal,
4552,0,normal,
4553,0,normal,
4554,0,normal,
4555,0,normal,
4556,0,normal,
4557,0,normal,
4558,0,normal,
4559,0,normal,
4560,0,normal,
4561,0,normal,
4562,0,normal,
4563,0,normal,
4564,0,normal,
4565,0,normal,
4566,0,normal,
4567,0,normal,
4568,0,normal,
4569,0,normal,
4570,0,normal,
4571,0,normal,
4572,0,normal,
4573,0,normal,
4574,0,normal,
4575,0,normal,
4576,0,normal,
4577,0,normal,
4578,0,normal,
4579,0,normal,
4580,0,normal,
4581,0,normal,
4582,0,normal,
4583,0,normal,
4584,0,normal,
4585,0,normal,
4586,0,normal,
4587,0,normal,
4588,0,normal,
4589,0,normal,
4590,0,normal,
4591,0,normal,
4592,0,normal,
4593,0,normal,
4594,0,normal,
4595,0,normal,
4596,0,normal,
4597,0,normal,
4598,0,normal,
4599,0,normal,
4600,0,normal,
4601,0,normal,
4602,0,normal,
4603,0,normal,
4604,0,normal,
4605,0,normal,
4606,0,normal,
4607,0,normal,
4608,0,normal,
4609,0,normal,
4610,0,normal,
4611,0,normal,
4612,0,normal,
4613,0,normal,
4614,0,normal,
4615,0,normal,
4616,0,normal,
4617,0,normal,
4618,0,normal,
4619,0,normal,
4620,0,normal,
4621,0,normal,
4622,0,normal,
4623,0,normal,
4624,0,normal,
4625,0,normal,
4626,0,normal,
4627,0,normal,
4628,0,normal,
4629,0,normal,
4630,0,normal,
4631,0,normal,
4632,0,normal,
4633,0,normal,
4634,0,normal,
4635,0,normal,
4636,0,normal,
4637,0,normal,
4638,0,normal,
4639,0,normal,
4640,0,normal,
4641,0,normal,
4642,0,normal,
4643,0,normal,
4644,0,normal,
4645,0,normal,
4646,0,normal,
4647,0,normal,
4648,0,normal,
4649,0,normal,
4650,0,normal,
4651,0,normal,
4652,0,normal,
4653,0,normal,
4654,0,normal,
4655,0,normal,
4656,0,normal,
4657,0,normal,
4658,0,normal,
4659,0,normal,
4660,0,normal,
4661,0,normal,
4662,0,normal,
4663,0,normal,
4664,0,normal,
4665,0,normal,
4666,0,normal,
4667,0,normal,
4668,0,normal,
4669,0,normal,
4670,0,normal,
4671,0,normal,
4672,0,normal,
4673,0,normal,
4674,0,normal,
4675,0,normal,
4676,0,normal,
4677,0,normal,
4678,0,normal,
4679,0,normal,
4680,0,normal,
4681,0,normal,
4682,0,normal,
4683,0,normal,
4684,0,normal,
4685,0,normal,
4686,0,normal,
4687,0,normal,
4688,0,normal,
4689,0,normal,
4690,0,normal,
4691,0,normal,
4692,0,normal,
4693,0,normal,
4694,0,normal,
4695,0,normal,
4696,0,normal,
4697,0,normal,
4698,0,normal,
4699,0,normal,
4700,0,normal,
4701,0,normal,
4702,0,normal,
4703,0,normal,
4704,0,normal,
4705,0,normal,
4706,0,normal,
4707,0,normal,
4708,0,normal,
4709,0,normal,
4710,0,normal,
4711,0,normal,
4712,0,normal,
4713,0,normal,
4714,0,normal,
4715,0,normal,
4716,0,normal,
4717,0,normal,
4718,0,normal,
4719,0,normal,
4720,0,normal,
4721,0,normal,
4722,0,normal,
4723,0,normal,
4724,0,normal,
4725,0,normal,
4726,0,normal,
4727,0,normal,
4728,0,normal,
4729,0,normal,
4730,0,normal,
4731,0,normal,
4732,0,normal,
4733,0,normal,
4734,0,normal,
4735,0,normal,
4736,0,normal,
4737,0,normal,
4738,0,normal,
4739,0,normal,
4740,0,normal,
4741,0,normal,
4742,0,normal,
4743,0,normal,
4744,0,normal,
4745,0,normal,
4746,0,normal,
4747,0,normal,
4748,0,normal,
4749,0,normal,
4750,0,normal,
4751,0,normal,
4752,0,normal,
4753,0,normal,
4754,0,normal,
4755,0,normal,
4756,0,normal,
4757,0,normal,
4758,0,normal,
4759,0,normal,
4760,0,normal,
4761,0,normal,
4762,0,normal,
4763,0,normal,
4764,0,normal,
4765,0,normal,
4766,0,normal,
4767,0,normal,
4768,0,normal,
4769,0,normal,
4770,0,normal,
4771,0,normal,
4772,0,normal,
4773,0,normal,
4774,0,normal,
4775,0,normal,
4776,0,normal,
4777,0,normal,
4778,0,normal,
4779,0,normal,
4780,0,normal,
4781,0,normal,
4782,0,normal,
4783,0,normal,
4784,0,normal,
4785,0,normal,
4786,0,normal,
4787,0,normal,
4788,0,normal,
4789,0,normal,
4790,0,normal,
4791,0,normal,
4792,0,normal,
4793,0,normal,
4794,0,normal,
4795,0,normal,
4796,0,normal,
4797,0,normal,
4798,0,normal,
4799,0,normal,
4800,0,normal,
4801,0,normal,
4802,0,normal,
4803,0,normal,
4804,0,normal,
4805,0,normal,
4806,0,normal,
4807,0,normal,
4808,0,normal,
4809,0,normal,
4810,0,normal,
4811,0,normal,
4812,0,normal,
4813,0,normal,
4814,0,normal,
4815,0,normal,
4816,0,normal,
4817,0,normal,
4818,0,normal,
4819,0,normal,
4820,0,normal,
4821,0,normal,
4822,0,normal,
4823,0,normal,
4824,0,normal,
4825,0,normal,
4826,0,normal,
4827,0,normal,
4828,0,normal,
4829,0,normal,
4830,0,normal,
4831,0,normal,
4832,0,normal,
4833,0,normal,
4834,0,normal,
4835,0,normal,
4836,0,normal,
4837,0,normal,
4838,0,normal,
4839,0,normal,
4840,0,normal,
4841,0,normal,
4842,0,normal,
4843,0,normal,
4844,0,normal,
4845,0,normal,
4846,0,normal,
4847,0,normal,
4848,0,normal,
4849,0,normal,
4850,0,normal,
4851,0,normal,
4852,0,normal,
4853,0,normal,
4854,0,normal,
4855,0,normal,
4856,0,normal,
4857,0,normal,
4858,0,normal,
4859,0,normal,
4860,0,normal,
4861,0,normal,
4862,0,normal,
4863,0,normal,
4864,0,normal,
4865,0,normal,
4866,0,normal,
4867,0,normal,
4868,0,normal,
4869,0,normal,
4870,0,normal,
4871,0,normal,
4872,0,normal,
4873,0,normal,
4874,0,normal,
4875,0,normal,
4876,0,normal,
4877,0,normal,
4878,0,normal,
4879,0,normal,
4880,0,normal,
4881,0,normal,
4882,0,normal,
4883,0,normal,
4884,0,normal,
4885,0,normal,
4886,0,normal,
4887,0,normal,
4888,0,normal,
4889,0,normal,
4890,0,normal,
4891,0,normal,
4892,0,normal,
4893,0,normal,
4894,0,normal,
4895,0,normal,
4896,0,normal,
4897,0,normal,
4898,0,normal,
4899,0,normal,
4900,0,normal,
4901,0,normal,
4902,0,normal,
4903,0,normal,
4904,0,normal,
4905,0,normal,
4906,0,normal,
4907,0,normal,
4908,0,normal,
4909,0,normal,
4910,0,normal,
4911,0,normal,
4912,0,normal,
4913,0,normal,
4914,0,normal,
4915,0,normal,
4916,0,normal,
4917,0,normal,
4918,0,normal,
4919,0,normal,
4920,0,normal,
4921,0,normal,
4922,0,normal,
4923,0,normal,
4924,0,normal,
4925,0,normal,
4926,0,normal,
4927,0,normal,
4928,0,normal,
4929,0,normal,
4930,0,normal,
4931,0,normal,
4932,0,normal,
4933,0,normal,
4934,0,normal,
4935,0,normal,
4936,0,normal,
4937,0,normal,
4938,0,normal,
4939,0,normal,
4940,0,normal,
4941,0,normal,
4942,0,normal,
4943,0,normal,
4944,0,normal,
4945,0,normal,
4946,0,normal,
4947,0,normal,
4948,0,normal,
4949,0,normal,
4950,0,normal,
4951,0,normal,
4952,0,normal,
4953,0,normal,
4954,0,normal,
4955,0,normal,
4956,0,normal,
4957,0,normal,
4958,0,normal,
4959,0,normal,
4960,0,normal,
4961,0,normal,
4962,0,normal,
4963,0,normal,
4964,0,normal,
4965,0,normal,
4966,0,normal,
4967,0,normal,
4968,0,normal,
4969,0,normal,
4970,0,normal,
4971,0,normal,
4972,0,normal,
4973,0,normal,
4974,0,normal,
4975,0,normal,
4976,0,normal,
4977,0,normal,
4978,0,normal,
4979,0,normal,
4980,0,normal,
4981,0,normal,
4982,0,normal,
4983,0,normal,
4984,0,normal,
4985,0,normal,
4986,0,normal,
4987,0,normal,
4988,0,normal,
4989,0,normal,
4990,0,normal,
4991,0,normal,
4992,0,normal,
4993,0,normal,
4994,0,normal,
4995,0,normal,
4996,0,normal,
4997,0,normal,
4998,0,normal,
4999,0,normal,
5000,0,normal,
5001,0,normal,
5002,0,normal,
5003,0,normal,
5004,0,normal,
5005,0,normal,
5006,0,normal,
5007,0,normal,
5008,0,normal,
5009,0,normal,
5010,0,normal,
5011,0,normal,
5012,0,normal,
5013,0,normal,
5014,0,normal,
5015,0,normal,
5016,0,normal,
5017,0,normal,
5018,0,normal,
5019,0,normal,
5020,0,normal,
5021,0,normal,
5022,0,normal,
5023,0,normal,
5024,0,normal,
5025,0,normal,
5026,0,normal,
5027,0,normal,
5028,0,normal,
5029,0,normal,
5030,0,normal,
5031,0,normal,
5032,0,normal,
5033,0,normal,
5034,0,normal,
5035,0,normal,
5036,0,normal,
5037,0,normal,
5038,0,normal,
5039,0,normal,
5040,0,normal,
5041,0,normal,
5042,0,normal,
5043,0,normal,
5044,0,normal,
5045,0,normal,
5046,0,normal,
5047,0,normal,
5048,0,normal,
5049,0,normal,
5050,0,normal,
5051,0,normal,
5052,0,normal,
5053,0,normal,
5054,0,normal,
5055,0,normal,
5056,0,normal,
5057,0,normal,
5058,0,normal,
5059,0,normal,
5060,0,normal,
5061,0,normal,
5062,0,normal,
5063,0,normal,
5064,0,normal,
5065,0,normal,
5066,0,normal,
5067,0,normal,
5068,0,normal,
5069,0,normal,
5070,0,normal,
5071,0,normal,
5072,0,normal,
5073,0,normal,
5074,0,normal,
5075,0,normal,
5076,0,normal,
5077,0,normal,
5078,0,normal,
5079,0,normal,
5080,0,normal,
5081,0,normal,
5082,0,normal,
5083,0,normal,
5084,0,normal,
5085,0,normal,
5086,0,normal,
5087,0,normal,
5088,0,normal,
5089,0,normal,
5090,0,normal,
5091,0,normal,
5092,0,normal,
5093,0,normal,
5094,0,normal,
5095,0,normal,
5096,0,normal,
5097,0,normal,
5098,0,normal,
5099,0,normal,
5100,0,normal,
5101,0,normal,
5102,0,normal,
5103,0,normal,
5104,0,normal,
5105,0,normal,
5106,0,normal,
5107,0,normal,
5108,0,normal,
5109,0,normal,
5110,0,normal,
5111,0,normal,
5112,0,normal,
5113,0,normal,
5114,0,normal,
5115,0,normal,
5116,0,normal,
5117,0,normal,
5118,0,normal,
5119,0,normal,
5120,0,normal,
5121,0,normal,
5122,0,normal,
5123,0,normal,
5124,0,normal,
5125,0,normal,
5126,0,normal,
5127,0,normal,
5128,0,normal,
5129,0,normal,
5130,0,normal,
5131,0,normal,
5132,0,normal,
5133,0,normal,
5134,0,normal,
5135,0,normal,
5136,0,normal,
5137,0,normal,
5138,0,normal,
5139,0,normal,
5140,0,normal,
5141,0,normal,
5142,0,normal,
5143,0,normal,
5144,0,normal,
5145,0,normal,
5146,0,normal,
5147,0,normal,
5148,0,normal,
5149,0,normal,
5150,0,normal,
5151,0,normal,
5152,0,normal,
5153,0,normal,
5154,0,normal,
5155,0,normal,
5156,0,normal,
5157,0,normal,
5158,0,normal,
5159,0,normal,
5160,0,normal,
5161,0,normal,
5162,0,normal,
5163,0,normal,
5164,0,normal,
5165,0,normal,
5166,0,normal,
5167,0,normal,
5168,0,normal,
5169,0,normal,
5170,0,normal,
5171,0,normal,
5172,0,normal,
5173,0,normal,
5174,0,normal,
5175,0,normal,
5176,0,normal,
5177,0,normal,
5178,0,normal,
5179,0,normal,
5180,0,normal,
5181,0,normal,
5182,0,normal,
5183,0,normal,
5184,0,normal,
5185,0,normal,
5186,0,normal,
5187,0,normal,
5188,0,normal,
5189,0,normal,
5190,0,normal,
5191,0,normal,
5192,0,normal,
5193,0,normal,
5194,0,normal,
5195,0,normal,
5196,0,normal,
5197,0,normal,
5198,0,normal,
5199,0,normal,
5200,0,normal,
5201,0,normal,
5202,0,normal,
5203,0,normal,
5204,0,normal,
5205,0,normal,
5206,0,normal,
5207,0,normal,
5208,0,normal,
5209,0,normal,
5210,0,normal,
5211,0,normal,
5212,0,normal,
5213,0,normal,
5214,0,normal,
5215,0,normal,
5216,0,normal,
5217,0,normal,
5218,0,normal,
5219,0,normal,
5220,0,normal,
5221,0,normal,
5222,0,normal,
5223,0,normal,
5224,0,normal,
5225,0,normal,
5226,0,normal,
5227,0,normal,
5228,0,normal,
5229,0,normal,
5230,0,normal,
5231,0,normal,
5232,0,normal,
5233,0,normal,
5234,0,normal,
5235,0,normal,
5236,0,normal,
5237,0,normal,
5238,0,normal,
5239,0,normal,
5240,0,normal,
5241,0,normal,
5242,0,normal,
5243,0,normal,
5244,0,normal,
5245,0,normal,
5246,0,normal,
5247,0,normal,
5248,0,normal,
5249,0,normal,
5250,0,normal,
5251,0,normal,
5252,0,normal,
5253,0,normal,
5254,0,normal,
5255,0,normal,
5256,0,normal,
5257,0,normal,
5258,0,normal,
5259,0,normal,
5260,0,normal,
5261,0,normal,
5262,0,normal,
5263,0,normal,
5264,0,normal,
5265,0,normal,
5266,0,normal,
5267,0,normal,
5268,0,normal,
5269,0,normal,
5270,0,normal,
5271,0,normal,
5272,0,normal,
5273,0,normal,
5274,0,normal,
5275,0,normal,
5276,0,normal,
5277,0,normal,
5278,0,normal,
5279,0,normal,
5280,0,normal,
5281,0,normal,
5282,0,normal,
5283,0,normal,
5284,0,normal,
5285,0,normal,
5286,0,normal,
5287,0,normal,
5288,0,normal,
5289,0,normal,
5290,0,normal,
5291,0,normal,
5292,0,normal,
5293,0,normal,
5294,0,normal,
5295,0,normal,
5296,0,normal,
5297,0,normal,
5298,0,normal,
5299,0,normal,
5300,0,normal,
5301,0,normal,
5302,0,normal,
5303,0,normal,
5304,0,normal,
5305,0,normal,
5306,0,normal,
5307,0,normal,
5308,0,normal,
5309,0,normal,
5310,0,normal,
5311,0,normal,
5312,0,normal,
5313,0,normal,
5314,0,normal,
5315,0,normal,
5316,0,normal,
5317,0,normal,
5318,0,normal,
5319,0,normal,
5320,0,normal,
5321,0,normal,
5322,0,normal,
5323,0,normal,
5324,0,normal,
5325,0,normal,
5326,0,normal,
5327,0,normal,
5328,0,normal,
5329,0,normal,
5330,0,normal,
5331,0,normal,
5332,0,normal,
5333,0,normal,
5334,0,normal,
5335,0,normal,
5336,0,normal,
5337,0,normal,
5338,0,normal,
5339,0,normal,
5340,0,normal,
5341,0,normal,
5342,0,normal,
5343,0,normal,
5344,0,normal,
5345,0,normal,
5346,0,normal,
5347,0,normal,
5348,0,normal,
5349,0,normal,
5350,0,normal,
5351,0,normal,
5352,0,normal,
5353,0,normal,
5354,0,normal,
5355,0,normal,
5356,0,normal,
5357,0,normal,
5358,0,normal,
5359,0,normal,
5360,0,normal,
5361,0,normal,
5362,0,normal,
5363,0,normal,
5364,0,normal,
5365,0,normal,
5366,0,normal,
5367,0,normal,
5368,0,normal,
5369,0,normal,
5370,0,normal,
5371,0,normal,
5372,0,normal,
5373,0,normal,
5374,0,normal,
5375,0,normal,
5376,0,normal,
5377,0,normal,
5378,0,normal,
5379,0,normal,
5380,0,normal,
5381,0,normal,
5382,0,normal,
5383,0,normal,
5384,0,normal,
5385,0,normal,
5386,0,normal,
5387,0,normal,
5388,0,normal,
5389,0,normal,
5390,0,normal,
5391,0,normal,
5392,0,normal,
5393,0,normal,
5394,0,normal,
5395,0,normal,
5396,0,normal,
5397,0,normal,
5398,0,normal,
5399,0,normal,
5400,0,normal,
5401,0,normal,
5402,0,normal,
5403,0,normal,
5404,0,normal,
5405,0,normal,
5406,0,normal,
5407,0,normal,
5408,0,normal,
5409,0,normal,
5410,0,normal,
5411,0,normal,
5412,0,normal,
5413,0,normal,
5414,0,normal,
5415,0,normal,
5416,0,normal,
5417,0,normal,
5418,0,normal,
5419,0,normal,
5420,0,normal,
5421,0,normal,
5422,0,normal,
5423,0,normal,
5424,0,normal,
5425,0,normal,
5426,0,normal,
5427,0,normal,
5428,0,normal,
5429,0,normal,
5430,0,normal,
5431,0,normal,
5432,0,normal,
5433,0,normal,
5434,0,normal,
5435,0,normal,
5436,0,normal,
5437,0,normal,
5438,0,normal,
5439,0,normal,
5440,0,normal,
5441,0,normal,
5442,0,normal,
5443,0,normal,
5444,0,normal,
5445,0,normal,
5446,0,normal,
5447,0,normal,
5448,0,normal,
5449,0,normal,
5450,0,normal,
5451,0,normal,
5452,0,normal,
5453,0,normal,
5454,0,normal,
5455,0,normal,
5456,0,normal,
5457,0,normal,
5458,0,normal,
5459,0,normal,
5460,0,normal,
5461,0,normal,
5462,0,normal,
5463,0,normal,
5464,0,normal,
5465,0,normal,
5466,0,normal,
5467,0,normal,
5468,0,normal,
5469,0,normal,
5470,0,normal,
5471,0,normal,
5472,0,normal,
5473,0,normal,
5474,0,normal,
5475,0,normal,
5476,0,normal,
5477,0,normal,
5478,0,normal,
5479,0,normal,
5480,0,normal,
5481,0,normal,
5482,0,normal,
5483,0,normal,
5484,0,normal,
5485,0,normal,
5486,0,normal,
5487,0,normal,
5488,0,normal,
5489,0,normal,
5490,0,normal,
5491,0,normal,
5492,0,normal,
5493,0,normal,
5494,0,normal,
5495,0,normal,
5496,0,normal,
5497,0,normal,
5498,0,normal,
5499,0,normal,
5500,0,normal,
5501,0,normal,
5502,0,normal,
5503,0,normal,
5504,0,normal,
5505,0,normal,
5506,0,normal,
5507,0,normal,
5508,0,normal,
5509,0,normal,
5510,0,normal,
5511,0,normal,
5512,0,normal,
5513,0,normal,
5514,0,normal,
5515,0,normal,
5516,0,normal,
5517,0,normal,
5518,0,normal,
5519,0,normal,
5520,0,normal,
5521,0,normal,
5522,0,normal,
5523,0,normal,
5524,0,normal,
5525,0,normal,
5526,0,normal,
5527,0,normal,
5528,0,normal,
5529,0,normal,
5530,0,normal,
5531,0,normal,
5532,0,normal,
5533,0,normal,
5534,0,normal,
5535,0,normal,
5536,0,normal,
5537,0,normal,
5538,0,normal,
5539,0,normal,
5540,0,normal,
5541,0,normal,
5542,0,normal,
5543,0,normal,
5544,0,normal,
5545,0,normal,
5546,0,normal,
5547,0,normal,
5548,0,normal,
5549,0,normal,
5550,0,normal,
5551,0,normal,
5552,0,normal,
5553,0,normal,
5554,0,normal,
5555,0,normal,
5556,0,normal,
5557,0,normal,
5558,0,normal,
5559,0,normal,
5560,0,normal,
5561,0,normal,
5562,0,normal,
5563,0,normal,
5564,0,normal,
5565,0,normal,
5566,0,normal,
5567,0,normal,
5568,0,normal,
5569,0,normal,
5570,0,normal,
5571,0,normal,
5572,0,normal,
5573,0,normal,
5574,0,normal,
5575,0,normal,
5576,0,normal,
5577,0,normal,
5578,0,normal,
5579,0,normal,
5580,0,normal,
5581,0,normal,
5582,0,normal,
5583,0,normal,
5584,0,normal,
5585,0,normal,
5586,0,normal,
5587,0,normal,
5588,0,normal,
5589,0,normal,
5590,0,normal,
5591,0,normal,
5592,0,normal,
5593,0,normal,
5594,0,normal,
5595,0,normal,
5596,0,normal,
5597,0,normal,
5598,0,normal,
5599,0,normal,
5600,0,normal,
5601,0,normal,
5602,0,normal,
5603,0,normal,
5604,0,normal,
5605,0,normal,
5606,0,normal,
5607,0,normal,
5608,0,normal,
5609,0,normal,
5610,0,normal,
5611,0,normal,
5612,0,normal,
5613,0,normal,
5614,0,normal,
5615,0,normal,
5616,0,normal,
5617,0,normal,
5618,0,normal,
5619,0,normal,
5620,0,normal,
5621,0,normal,
5622,0,normal,
5623,0,normal,
5624,0,normal,
5625,0,normal,
5626,0,normal,
5627,0,normal,
5628,0,normal,
5629,0,normal,
5630,0,normal,
5631,0,normal,
5632,0,normal,
5633,0,normal,
5634,0,normal,
5635,0,normal,
5636,0,normal,
5637,0,normal,
5638,0,normal,
5639,0,normal,
5640,0,normal,
5641,0,normal,
5642,0,normal,
5643,0,normal,
5644,0,normal,
5645,0,normal,
5646,0,normal,
5647,0,normal,
5648,0,normal,
5649,0,normal,
5650,0,normal,
5651,0,normal,
5652,0,normal,
5653,0,normal,
5654,0,normal,
5655,0,normal,
5656,0,normal,
5657,0,normal,
5658,0,normal,
5659,0,normal,
5660,0,normal,
5661,0,normal,
5662,0,normal,
5663,0,normal,
5664,0,normal,
5665,0,normal,
5666,0,normal,
5667,0,normal,
5668,0,normal,
5669,0,normal,
5670,0,normal,
5671,0,normal,
5672,0,normal,
5673,0,normal,
5674,0,normal,
5675,0,normal,
5676,0,normal,
5677,0,normal,
5678,0,normal,
5679,0,normal,
5680,0,normal,
5681,0,normal,
5682,0,normal,
5683,0,normal,
5684,0,normal,
5685,0,normal,
5686,0,normal,
5687,0,normal,
5688,0,normal,
5689,0,normal,
5690,0,normal,
5691,0,normal,
5692,0,normal,
5693,0,normal,
5694,0,normal,
5695,0,normal,
5696,0,normal,
5697,0,normal,
5698,0,normal,
5699,0,normal,
5700,0,normal,
5701,0,normal,
5702,0,normal,
5703,0,normal,
5704,0,normal,
5705,0,normal,
5706,0,normal,
5707,0,normal,
5708,0,normal,
5709,0,normal,
5710,0,normal,
5711,0,normal,
5712,0,normal,
5713,0,normal,
5714,0,normal,
5715,0,normal,
5716,0,normal,
5717,0,normal,
5718,0,normal,
5719,0,normal,
5720,0,normal,
5721,0,normal,
5722,0,normal,
5723,0,normal,
5724,0,normal,
5725,0,normal,
5726,0,normal,
5727,0,normal,
5728,0,normal,
5729,0,normal,
5730,0,normal,
5731,0,normal,
5732,0,normal,
5733,0,normal,
5734,0,normal,
5735,0,normal,
5736,0,normal,
5737,0,normal,
5738,0,normal,
5739,0,normal,
5740,0,normal,
5741,0,normal,
5742,0,normal,
5743,0,normal,
5744,0,normal,
5745,0,normal,
5746,0,normal,
5747,0,normal,
5748,0,normal,
5749,0,normal,
5750,0,normal,
5751,0,normal,
5752,0,normal,
5753,0,normal,
5754,0,normal,
5755,0,normal,
5756,0,normal,
5757,0,normal,
5758,0,normal,
5759,0,normal,
5760,0,normal,
5761,0,normal,
5762,0,normal,
5763,0,normal,
5764,0,normal,
5765,0,normal,
5766,0,normal,
5767,0,normal,
5768,0,normal,
5769,0,normal,
5770,0,normal,
5771,0,normal,
5772,0,normal,
5773,0,normal,
5774,0,normal,
5775,0,normal,
5776,0,normal,
5777,0,normal,
5778,0,normal,
5779,0,normal,
5780,0,normal,
5781,0,normal,
5782,0,normal,
5783,0,normal,
5784,0,normal,
5785,0,normal,
5786,0,normal,
5787,0,normal,
5788,0,normal,
5789,0,normal,
5790,0,normal,
5791,0,normal,
5792,0,normal,
5793,0,normal,
5794,0,normal,
5795,0,normal,
5796,0,normal,
5797,0,normal,
5798,0,normal,
5799,0,normal,
5800,0,normal,
5801,0,normal,
5802,0,normal,
5803,0,normal,
5804,0,normal,
5805,0,normal,
5806,0,normal,
5807,0,normal,
5808,0,normal,
5809,0,normal,
5810,0,normal,
5811,0,normal,
5812,0,normal,
5813,0,normal,
5814,0,normal,
5815,0,normal,
5816,0,normal,
5817,0,normal,
5818,0,normal,
5819,0,normal,
5820,0,normal,
5821,0,normal,
5822,0,normal,
5823,0,normal,
5824,0,normal,
5825,0,normal,
5826,0,normal,
5827,0,normal,
5828,0,normal,
5829,0,normal,
5830,0,normal,
5831,0,normal,
5832,0,normal,
5833,0,normal,
5834,0,normal,
5835,0,normal,
5836,0,normal,
5837,0,normal,
5838,0,normal,
5839,0,normal,
5840,0,normal,
5841,0,normal,
5842,0,normal,
5843,0,normal,
5844,0,normal,
5845,0,normal,
5846,0,normal,
5847,0,normal,
5848,0,normal,
5849,0,normal,
5850,0,normal,
5851,0,normal,
5852,0,normal,
5853,0,normal,
5854,0,normal,
5855,0,normal,
5856,0,normal,
5857,0,normal,
5858,0,normal,
5859,0,normal,
5860,0,normal,
5861,0,normal,
5862,0,normal,
5863,0,normal,
5864,0,normal,
5865,0,normal,
5866,0,normal,
5867,0,normal,
5868,0,normal,
5869,0,normal,
5870,0,normal,
5871,0,normal,
5872,0,normal,
5873,0,normal,
5874,0,normal,
5875,0,normal,
5876,0,normal,
5877,0,normal,
5878,0,normal,
5879,0,normal,
5880,0,normal,
5881,0,normal,
5882,0,normal,
5883,0,normal,
5884,0,normal,
5885,0,normal,
5886,0,normal,
5887,0,normal,
5888,0,normal,
5889,0,normal,
5890,0,normal,
5891,0,normal,
5892,0,normal,
5893,0,normal,
5894,0,normal,
5895,0,normal,
5896,0,normal,
5897,0,normal,
5898,0,normal,
5899,0,normal,
5900,0,normal,
5901,0,normal,
5902,0,normal,
5903,0,normal,
5904,0,normal,
5905,0,normal,
5906,0,normal,
5907,0,normal,
5908,0,normal,
5909,0,normal,
5910,1,structuring,structuring-10
5911,0,normal,
5912,0,normal,
5913,0,normal,
5914,1,structuring,structuring-10
5915,0,normal,
5916,0,normal,
5917,0,normal,
5918,0,normal,
5919,0,normal,
5920,0,normal,
5921,0,normal,
5922,0,normal,
5923,0,normal,
5924,0,normal,
5925,0,normal,
5926,0,normal,
5927,0,normal,
5928,0,normal,
5929,0,normal,
5930,0,normal,
5931,0,normal,
5932,0,normal,
5933,0,normal,
5934,0,normal,
5935,0,normal,
5936,0,normal,
5937,0,normal,
5938,0,normal,
5939,0,normal,
5940,0,normal,
5941,0,normal,
5942,0,normal,
5943,0,normal,
5944,0,normal,
5945,0,normal,
5946,0,normal,
5947,0,normal,
5948,0,normal,
5949,0,normal,
5950,0,normal,
5951,0,normal,
5952,0,normal,
5953,0,normal,
5954,0,normal,
5955,0,normal,
5956,0,normal,
5957,0,normal,
5958,0,normal,
5959,0,normal,
5960,0,normal,
5961,0,normal,
5962,0,normal,
5963,0,normal,
5964,0,normal,
5965,0,normal,
5966,0,normal,
5967,0,normal,
5968,0,normal,
5969,0,normal,
5970,0,normal,
5971,0,normal,
5972,0,normal,
5973,0,normal,
5974,0,normal,
5975,0,normal,
5976,0,normal,
5977,0,normal,
5978,0,normal,
5979,0,normal,
5980,0,normal,
5981,0,normal,
5982,0,normal,
5983,0,normal,
5984,0,normal,
5985,0,normal,
5986,0,normal,
5987,0,normal,
5988,0,normal,
5989,0,normal,
5990,0,normal,
5991,0,normal,
5992,0,normal,
5993,0,normal,
5994,0,normal,
5995,0,normal,
5996,0,normal,
5997,0,normal,
5998,0,normal,
5999,0,normal,
6000,0,normal,
6001,0,normal,
6002,0,normal,
6003,0,normal,
6004,0,normal,
6005,0,normal,
6006,1,burst,burst-14
6007,0,normal,
6008,1,burst,burst-14
6009,1,burst,burst-14
6010,1,burst,burst-14
6011,0,normal,
6012,0,normal,
6013,1,burst,burst-14
6014,0,normal,
6015,1,burst,burst-14
6016,0,normal,
6017,1,burst,burst-14
6018,1,burst,burst-14
6019,1,burst,burst-14
6020,1,burst,burst-14
6021,1,burst,burst-14
6022,0,normal,
6023,0,normal,
6024,0,normal,
6025,0,normal,
6026,1,burst,burst-08
6027,1,burst,burst-08
6028,1,burst,burst-08
6029,1,burst,burst-08
6030,1,burst,burst-08
6031,1,burst,burst-08
6032,1,burst,burst-08
6033,0,normal,
6034,0,normal,
6035,1,burst,burst-08
6036,1,burst,burst-08
6037,0,normal,
6038,1,burst,burst-08
6039,0,normal,
6040,0,normal,
6041,0,normal,
6042,0,normal,
6043,0,normal,
6044,0,normal,
6045,0,normal,
6046,0,normal,
6047,0,normal,
6048,0,normal,
6049,0,normal,
6050,0,normal,
6051,0,normal,
6052,0,normal,
6053,0,normal,
6054,0,normal,
6055,0,normal,
6056,0,normal,
6057,0,normal,
6058,0,normal,
6059,0,normal,
6060,0,normal,
6061,0,normal,
6062,0,normal,
6063,0,normal,
6064,0,normal,
6065,0,normal,
6066,0,normal,
6067,0,normal,
6068,0,normal,
6069,0,normal,
6070,0,normal,
6071,0,normal,
6072,0,normal,
6073,0,normal,
6074,0,normal,
6075,0,normal,
6076,0,normal,
6077,0,normal,
6078,0,normal,
6079,0,normal,
6080,0,normal,
6081,0,normal,
6082,0,normal,
6083,0,normal,
6084,0,normal,
6085,0,normal,
6086,0,normal,
6087,0,normal,
6088,0,normal,
6089,0,normal,
6090,0,normal,
6091,0,normal,
6092,1,mule_chain,mule-00
6093,0,normal,
6094,0,normal,
6095,0,normal,
6096,0,normal,
6097,1,mule_chain,mule-00
6098,0,normal,
6099,1,mule_chain,mule-00
6100,0,normal,
6101,0,normal,
6102,0,normal,
6103,0,normal,
6104,0,normal,
6105,0,normal,
6106,1,mule_chain,mule-00
6107,0,normal,
6108,0,normal,
6109,0,normal,
6110,0,normal,
6111,0,normal,
6112,0,normal,
6113,0,normal,
6114,1,mule_chain,mule-00
6115,0,normal,
6116,0,normal,
6117,0,normal,
6118,0,normal,
6119,1,mule_chain,mule-01
6120,0,normal,
6121,0,normal,
6122,0,normal,
6123,0,normal,
6124,1,mule_chain,mule-01
6125,0,normal,
6126,0,normal,
6127,0,normal,
6128,0,normal,
6129,0,normal,
6130,0,normal,
6131,1,mule_chain,mule-01
6132,1,mule_chain,mule-01
6133,0,normal,
6134,0,normal,
6135,0,normal,
6136,0,normal,
6137,0,normal,
6138,0,normal,
6139,0,normal,
6140,0,normal,
6141,0,normal,
6142,0,normal,
6143,0,normal,
6144,0,normal,
6145,0,normal,
6146,0,normal,
6147,0,normal,
6148,0,normal,
6149,0,normal,
6150,0,normal,
6151,0,normal,
6152,0,normal,
6153,0,normal,
6154,0,normal,
6155,0,normal,
6156,0,normal,
6157,0,normal,
6158,0,normal,
6159,0,normal,
6160,0,normal,
6161,0,normal,
6162,0,normal,
6163,0,normal,
6164,0,normal,
6165,1,structuring,structuring-07
6166,0,normal,
6167,0,normal,
6168,0,normal,
6169,0,normal,
6170,0,normal,
6171,0,normal,
6172,0,normal,
6173,0,normal,
6174,0,normal,
6175,0,normal,
6176,1,burst,burst-06
6177,0,normal,
6178,1,burst,burst-06
6179,1,burst,burst-06
6180,1,burst,burst-06
6181,0,normal,
6182,1,burst,burst-06
6183,1,burst,burst-06
6184,0,normal,
6185,0,normal,
6186,1,burst,burst-06
6187,1,burst,burst-06
6188,1,burst,burst-06
6189,0,normal,
6190,0,normal,
6191,1,burst,burst-09
6192,1,burst,burst-09
6193,1,burst,burst-09
6194,1,burst,burst-09
6195,1,burst,burst-09
6196,1,burst,burst-09
6197,1,burst,burst-09
6198,0,normal,
6199,0,normal,
6200,0,normal,
6201,0,normal,
6202,0,normal,
6203,0,normal,
6204,0,normal,
6205,0,normal,
6206,0,normal,
6207,0,normal,
6208,0,normal,
6209,0,normal,
6210,0,normal,
6211,0,normal,
6212,0,normal,
6213,0,normal,
6214,0,normal,
6215,0,normal,
6216,0,normal,
6217,0,normal,
6218,0,normal,
6219,0,normal,
6220,0,normal,
6221,0,normal,
6222,0,normal,
6223,0,normal,
6224,0,normal,
6225,1,account_takeover,takeover-11
6226,0,normal,
6227,0,normal,
6228,0,normal,
6229,0,normal,
6230,0,normal,
6231,0,normal,
6232,0,normal,
6233,0,normal,
6234,0,normal,
6235,0,normal,
6236,0,normal,
6237,0,normal,
6238,0,normal,
6239,0,normal,
6240,0,normal,
6241,0,normal,
6242,0,normal,
6243,0,normal,
6244,1,account_takeover,takeover-13
6245,0,normal,
6246,0,normal,
6247,0,normal,
6248,0,normal,
6249,0,normal,
6250,0,normal,
6251,0,normal,
6252,0,normal,
6253,0,normal,
6254,0,normal,
6255,0,normal,
6256,1,structuring,structuring-13
6257,0,normal,
6258,0,normal,
6259,0,normal,
6260,0,normal,
6261,0,normal,
6262,0,normal,
6263,0,normal,
6264,0,normal,
6265,0,normal,
6266,0,normal,
6267,0,normal,
6268,0,normal,
6269,0,normal,
6270,0,normal,
6271,0,normal,
6272,0,normal,
6273,0,normal,
6274,0,normal,
6275,0,normal,
6276,1,structuring,structuring-13
6277,0,normal,
6278,0,normal,
6279,0,normal,
6280,0,normal,
6281,0,normal,
6282,0,normal,
6283,1,structuring,structuring-10
6284,0,normal,
6285,0,normal,
6286,0,normal,
6287,0,normal,
6288,0,normal,
6289,0,normal,
6290,0,normal,
6291,0,normal,
6292,0,normal,
6293,0,normal,
6294,0,normal,
6295,0,normal,
6296,0,normal,
6297,0,normal,
6298,0,normal,
6299,0,normal,
6300,0,normal,
6301,0,normal,
6302,0,normal,
6303,0,normal,
6304,0,normal,
6305,0,normal,
6306,0,normal,
6307,0,normal,
6308,0,normal,
6309,0,normal,
6310,0,normal,
6311,0,normal,
6312,0,normal,
6313,0,normal,
6314,0,normal,
6315,0,normal,
6316,0,normal,
6317,0,normal,
6318,0,normal,
6319,0,normal,
6320,0,normal,
6321,0,normal,
6322,0,normal,
6323,0,normal,
6324,0,normal,
6325,0,normal,
6326,0,normal,
6327,0,normal,
6328,0,normal,
6329,0,normal,
6330,0,normal,
6331,0,normal,
6332,0,normal,
6333,0,normal,
6334,0,normal,
6335,0,normal,
6336,0,normal,
6337,0,normal,
6338,0,normal,
6339,0,normal,
6340,0,normal,
6341,0,normal,
6342,1,structuring,structuring-11
6343,0,normal,
6344,0,normal,
6345,0,normal,
6346,0,normal,
6347,0,normal,
6348,0,normal,
6349,0,normal,
6350,0,normal,
6351,0,normal,
6352,0,normal,
6353,0,normal,
6354,0,normal,
6355,0,normal,
6356,0,normal,
6357,0,normal,
6358,1,structuring,structuring-08
6359,0,normal,
6360,0,normal,
6361,0,normal,
6362,0,normal,
6363,0,normal,
6364,0,normal,
6365,1,structuring,structuring-08
6366,0,normal,
6367,0,normal,
6368,0,normal,
6369,0,normal,
6370,0,normal,
6371,0,normal,
6372,0,normal,
6373,0,normal,
6374,0,normal,
6375,0,normal,
6376,0,normal,
6377,0,normal,
6378,0,normal,
6379,0,normal,
6380,0,normal,
6381,0,normal,
6382,0,normal,
6383,0,normal,
6384,0,normal,
6385,0,normal,
6386,0,normal,
6387,0,normal,
6388,0,normal,
6389,0,normal,
6390,0,normal,
6391,0,normal,
6392,0,normal,
6393,0,normal,
6394,0,normal,
6395,0,normal,
6396,0,normal,
6397,0,normal,
6398,0,normal,
6399,0,normal,
6400,0,normal,
6401,0,normal,
6402,0,normal,
6403,0,normal,
6404,0,normal,
6405,0,normal,
6406,0,normal,
6407,0,normal,
6408,0,normal,
6409,0,normal,
6410,0,normal,
6411,0,normal,
6412,0,normal,
6413,0,normal,
6414,0,normal,
6415,0,normal,
6416,0,normal,
6417,0,normal,
6418,0,normal,
6419,0,normal,
6420,0,normal,
6421,0,normal,
6422,0,normal,
6423,0,normal,
6424,0,normal,
6425,0,normal,
6426,0,normal,
6427,0,normal,
6428,0,normal,
6429,0,normal,
6430,0,normal,
6431,0,normal,
6432,0,normal,
6433,0,normal,
6434,0,normal,
6435,0,normal,
6436,0,normal,
6437,0,normal,
6438,0,normal,
6439,0,normal,
6440,0,normal,
6441,0,normal,
6442,0,normal,
6443,0,normal,
6444,0,normal,
6445,0,normal,
6446,0,normal,
6447,0,normal,
6448,0,normal,
6449,0,normal,
6450,0,normal,
6451,1,burst,burst-05
6452,1,burst,burst-05
6453,1,burst,burst-05
6454,1,burst,burst-05
6455,1,burst,burst-05
6456,0,normal,
6457,1,burst,burst-05
6458,1,burst,burst-05
6459,1,burst,burst-05
6460,0,normal,
6461,0,normal,
6462,0,normal,
6463,0,normal,
6464,0,normal,
6465,0,normal,
6466,0,normal,
6467,0,normal,
6468,0,normal,
6469,0,normal,
6470,0,normal,
6471,0,normal,
6472,0,normal,
6473,0,normal,
6474,0,normal,
6475,0,normal,
6476,0,normal,
6477,0,normal,
6478,0,normal,
6479,0,normal,
6480,0,normal,
6481,0,normal,
6482,0,normal,
6483,0,normal,
6484,0,normal,
6485,0,normal,
6486,0,normal,
6487,0,normal,
6488,0,normal,
6489,0,normal,
6490,0,normal,
6491,0,normal,
6492,0,normal,
6493,0,normal,
6494,0,normal,
6495,0,normal,
6496,0,normal,
6497,0,normal,
6498,0,normal,
6499,0,normal,
6500,0,normal,
6501,0,normal,
6502,0,normal,
6503,0,normal,
6504,0,normal,
6505,0,normal,
6506,0,normal,
6507,0,normal,
6508,0,normal,
6509,1,structuring,structuring-07
6510,0,normal,
6511,1,burst,burst-01
6512,1,burst,burst-01
6513,1,burst,burst-01
6514,1,burst,burst-01
6515,1,burst,burst-01
6516,1,burst,burst-01
6517,1,burst,burst-01
6518,0,normal,
6519,0,normal,
6520,1,mule_chain,mule-05
6521,0,normal,
6522,0,normal,
6523,1,mule_chain,mule-05
6524,0,normal,
6525,0,normal,
6526,1,mule_chain,mule-05
6527,0,normal,
6528,0,normal,
6529,0,normal,
6530,0,normal,
6531,0,normal,
6532,0,normal,
6533,0,normal,
6534,0,normal,
6535,1,mule_chain,mule-05
6536,0,normal,
6537,0,normal,
6538,0,normal,
6539,0,normal,
6540,0,normal,
6541,0,normal,
6542,0,normal,
6543,0,normal,
6544,1,structuring,structuring-07
6545,0,normal,
6546,0,normal,
6547,0,normal,
6548,0,normal,
6549,0,normal,
6550,0,normal,
6551,0,normal,
6552,0,normal,
6553,0,normal,
6554,0,normal,
6555,0,normal,
6556,0,normal,
6557,0,normal,
6558,0,normal,
6559,0,normal,
6560,0,normal,
6561,0,normal,
6562,1,account_takeover,takeover-12
6563,1,account_takeover,takeover-12
6564,0,normal,
6565,0,normal,
6566,1,account_takeover,takeover-12
6567,0,normal,
6568,0,normal,
6569,0,normal,
6570,0,normal,
6571,1,account_takeover,takeover-01
6572,1,account_takeover,takeover-01
6573,0,normal,
6574,0,normal,
6575,0,normal,
6576,0,normal,
6577,0,normal,
6578,0,normal,
6579,0,normal,
6580,0,normal,
6581,0,normal,
6582,0,normal,
6583,0,normal,
6584,0,normal,
6585,0,normal,
6586,0,normal,
6587,0,normal,
6588,0,normal,
6589,0,normal,
6590,0,normal,
6591,0,normal,
6592,0,normal,
6593,0,normal,
6594,0,normal,
6595,1,structuring,structuring-13
6596,0,normal,
6597,0,normal,
6598,0,normal,
6599,1,structuring,structuring-13
6600,0,normal,
6601,0,normal,
6602,0,normal,
6603,0,normal,
6604,0,normal,
6605,1,structuring,structuring-10
6606,0,normal,
6607,0,normal,
6608,0,normal,
6609,0,normal,
6610,0,normal,
6611,1,structuring,structuring-10
6612,0,normal,
6613,0,normal,
6614,0,normal,
6615,0,normal,
6616,0,normal,
6617,0,normal,
6618,0,normal,
6619,0,normal,
6620,0,normal,
6621,0,normal,
6622,0,normal,
6623,0,normal,
6624,0,normal,
6625,0,normal,
6626,0,normal,
6627,0,normal,
6628,0,normal,
6629,0,normal,
6630,0,normal,
6631,0,normal,
6632,0,normal,
6633,0,normal,
6634,0,normal,
6635,1,structuring,structuring-11
6636,0,normal,
6637,0,normal,
6638,0,normal,
6639,0,normal,
6640,0,normal,
6641,0,normal,
6642,0,normal,
6643,0,normal,
6644,1,structuring,structuring-11
6645,0,normal,
6646,0,normal,
6647,0,normal,
6648,0,normal,
6649,0,normal,
6650,0,normal,
6651,0,normal,
6652,0,normal,
6653,0,normal,
6654,0,normal,
6655,0,normal,
6656,0,normal,
6657,0,normal,
6658,0,normal,
6659,0,normal,
6660,1,structuring,structuring-08
6661,1,structuring,structuring-08
6662,0,normal,
6663,0,normal,
6664,0,normal,
6665,0,normal,
6666,0,normal,
6667,0,normal,
6668,0,normal,
6669,0,normal,
6670,0,normal,
6671,0,normal,
6672,0,normal,
6673,0,normal,
6674,0,normal,
6675,0,normal,
6676,0,normal,
6677,0,normal,
6678,0,normal,
6679,0,normal,
6680,0,normal,
6681,0,normal,
6682,0,normal,
6683,0,normal,
6684,0,normal,
6685,0,normal,
6686,0,normal,
6687,0,normal,
6688,0,normal,
6689,0,normal,
6690,0,normal,
6691,0,normal,
6692,0,normal,
6693,0,normal,
6694,0,normal,
6695,0,normal,
6696,0,normal,
6697,0,normal,
6698,0,normal,
6699,0,normal,
6700,0,normal,
6701,0,normal,
6702,0,normal,
6703,0,normal,
6704,0,normal,
6705,0,normal,
6706,0,normal,
6707,0,normal,
6708,0,normal,
6709,0,normal,
6710,0,normal,
6711,0,normal,
6712,0,normal,
6713,0,normal,
6714,0,normal,
6715,0,normal,
6716,0,normal,
6717,0,normal,
6718,0,normal,
6719,0,normal,
6720,0,normal,
6721,0,normal,
6722,0,normal,
6723,0,normal,
6724,0,normal,
6725,0,normal,
6726,0,normal,
6727,0,normal,
6728,0,normal,
6729,0,normal,
6730,0,normal,
6731,0,normal,
6732,0,normal,
6733,0,normal,
6734,0,normal,
6735,0,normal,
6736,0,normal,
6737,0,normal,
6738,0,normal,
6739,0,normal,
6740,0,normal,
6741,0,normal,
6742,0,normal,
6743,0,normal,
6744,0,normal,
6745,0,normal,
6746,0,normal,
6747,0,normal,
6748,0,normal,
6749,0,normal,
6750,0,normal,
6751,0,normal,
6752,0,normal,
6753,0,normal,
6754,0,normal,
6755,0,normal,
6756,0,normal,
6757,0,normal,
6758,0,normal,
6759,0,normal,
6760,0,normal,
6761,0,normal,
6762,0,normal,
6763,0,normal,
6764,0,normal,
6765,0,normal,
6766,0,normal,
6767,0,normal,
6768,0,normal,
6769,0,normal,
6770,0,normal,
6771,0,normal,
6772,0,normal,
6773,0,normal,
6774,0,normal,
6775,0,normal,
6776,0,normal,
6777,0,normal,
6778,0,normal,
6779,0,normal,
6780,0,normal,
6781,0,normal,
6782,1,burst,burst-02
6783,1,burst,burst-02
6784,1,burst,burst-02
6785,1,burst,burst-02
6786,1,burst,burst-02
6787,0,normal,
6788,0,normal,
6789,1,burst,burst-02
6790,0,normal,
6791,0,normal,
6792,0,normal,
6793,0,normal,
6794,0,normal,
6795,0,normal,
6796,0,normal,
6797,0,normal,
6798,0,normal,
6799,0,normal,
6800,0,normal,
6801,0,normal,
6802,0,normal,
6803,0,normal,
6804,0,normal,
6805,0,normal,
6806,0,normal,
6807,0,normal,
6808,0,normal,
6809,0,normal,
6810,0,normal,
6811,0,normal,
6812,0,normal,
6813,0,normal,
6814,0,normal,
6815,0,normal,
6816,0,normal,
6817,0,normal,
6818,0,normal,
6819,1,mule_chain,mule-12
6820,0,normal,
6821,0,normal,
6822,0,normal,
6823,0,normal,
6824,0,normal,
6825,0,normal,
6826,0,normal,
6827,1,mule_chain,mule-12
6828,0,normal,
6829,0,normal,
6830,0,normal,
6831,0,normal,
6832,0,normal,
6833,0,normal,
6834,0,normal,
6835,0,normal,
6836,1,mule_chain,mule-12
6837,0,normal,
6838,0,normal,
6839,0,normal,
6840,1,mule_chain,mule-12
6841,0,normal,
6842,0,normal,
6843,0,normal,
6844,0,normal,
6845,0,normal,
6846,1,mule_chain,mule-12
6847,0,normal,
6848,0,normal,
6849,0,normal,
6850,0,normal,
6851,0,normal,
6852,0,normal,
6853,0,normal,
6854,0,normal,
6855,0,normal,
6856,0,normal,
6857,0,normal,
6858,0,normal,
6859,1,structuring,structuring-07
6860,0,normal,
6861,0,normal,
6862,0,normal,
6863,0,normal,
6864,0,normal,
6865,0,normal,
6866,0,normal,
6867,0,normal,
6868,0,normal,
6869,0,normal,
6870,0,normal,
6871,0,normal,
6872,0,normal,
6873,0,normal,
6874,0,normal,
6875,1,mule_chain,mule-07
6876,0,normal,
6877,0,normal,
6878,0,normal,
6879,1,mule_chain,mule-07
6880,0,normal,
6881,0,normal,
6882,1,mule_chain,mule-07
6883,1,mule_chain,mule-07
6884,0,normal,
6885,0,normal,
6886,1,mule_chain,mule-07
6887,0,normal,
6888,0,normal,
6889,1,structuring,structuring-07
6890,0,normal,
6891,0,normal,
6892,0,normal,
6893,0,normal,
6894,0,normal,
6895,0,normal,
6896,0,normal,
6897,0,normal,
6898,0,normal,
6899,0,normal,
6900,0,normal,
6901,0,normal,
6902,0,normal,
6903,0,normal,
6904,0,normal,
6905,0,normal,
6906,0,normal,
6907,0,normal,
6908,0,normal,
6909,0,normal,
6910,0,normal,
6911,0,normal,
6912,0,normal,
6913,0,normal,
6914,0,normal,
6915,0,normal,
6916,0,normal,
6917,0,normal,
6918,0,normal,
6919,0,normal,
6920,0,normal,
6921,0,normal,
6922,0,normal,
6923,0,normal,
6924,0,normal,
6925,0,normal,
6926,0,normal,
6927,0,normal,
6928,1,structuring,structuring-13
6929,0,normal,
6930,0,normal,
6931,0,normal,
6932,0,normal,
6933,0,normal,
6934,0,normal,
6935,0,normal,
6936,0,normal,
6937,0,normal,
6938,0,normal,
6939,0,normal,
6940,0,normal,
6941,0,normal,
6942,0,normal,
6943,0,normal,
6944,0,normal,
6945,1,burst,burst-03
6946,0,normal,
6947,1,burst,burst-03
6948,1,burst,burst-03
6949,0,normal,
6950,1,burst,burst-03
6951,1,burst,burst-03
6952,1,burst,burst-03
6953,1,burst,burst-03
6954,1,burst,burst-03
6955,1,burst,burst-03
6956,0,normal,
6957,1,burst,burst-03
6958,1,burst,burst-03
6959,0,normal,
6960,0,normal,
6961,0,normal,
6962,0,normal,
6963,0,normal,
6964,0,normal,
6965,0,normal,
6966,0,normal,
6967,0,normal,
6968,0,normal,
6969,0,normal,
6970,0,normal,
6971,0,normal,
6972,0,normal,
6973,0,normal,
6974,0,normal,
6975,0,normal,
6976,0,normal,
6977,0,normal,
6978,0,normal,
6979,0,normal,
6980,0,normal,
6981,0,normal,
6982,0,normal,
6983,0,normal,
6984,0,normal,
6985,0,normal,
6986,0,normal,
6987,0,normal,
6988,0,normal,
6989,0,normal,
6990,0,normal,
6991,0,normal,
6992,0,normal,
6993,0,normal,
6994,0,normal,
6995,0,normal,
6996,0,normal,
6997,1,structuring,structuring-11
6998,0,normal,
6999,0,normal,
7000,0,normal,
7001,0,normal,
7002,0,normal,
7003,0,normal,
7004,0,normal,
7005,0,normal,
7006,0,normal,
7007,0,normal,
7008,0,normal,
7009,0,normal,
7010,0,normal,
7011,0,normal,
7012,0,normal,
7013,0,normal,
7014,0,normal,
7015,0,normal,
7016,0,normal,
7017,0,normal,
7018,0,normal,
7019,1,structuring,structuring-08
7020,0,normal,
7021,0,normal,
7022,0,normal,
7023,0,normal,
7024,0,normal,
7025,0,normal,
7026,0,normal,
7027,0,normal,
7028,0,normal,
7029,0,normal,
7030,0,normal,
7031,0,normal,
7032,0,normal,
7033,0,normal,
7034,0,normal,
7035,0,normal,
7036,0,normal,
7037,0,normal,
7038,0,normal,
7039,0,normal,
7040,0,normal,
7041,0,normal,
7042,0,normal,
7043,0,normal,
7044,0,normal,
7045,0,normal,
7046,0,normal,
7047,0,normal,
7048,0,normal,
7049,0,normal,
7050,0,normal,
7051,0,normal,
7052,0,normal,
7053,0,normal,
7054,0,normal,
7055,0,normal,
7056,0,normal,
7057,0,normal,
7058,0,normal,
7059,0,normal,
7060,0,normal,
7061,0,normal,
7062,1,mule_chain,mule-06
7063,0,normal,
7064,0,normal,
7065,0,normal,
7066,0,normal,
7067,0,normal,
7068,0,normal,
7069,1,structuring,structuring-02
7070,1,mule_chain,mule-06
7071,0,normal,
7072,1,mule_chain,mule-06
7073,0,normal,
7074,0,normal,
7075,0,normal,
7076,0,normal,
7077,0,normal,
7078,0,normal,
7079,0,normal,
7080,0,normal,
7081,0,normal,
7082,1,mule_chain,mule-06
7083,0,normal,
7084,0,normal,
7085,0,normal,
7086,0,normal,
7087,0,normal,
7088,0,normal,
7089,1,mule_chain,mule-06
7090,0,normal,
7091,0,normal,
7092,0,normal,
7093,0,normal,
7094,0,normal,
7095,0,normal,
7096,1,burst,burst-07
7097,0,normal,
7098,1,burst,burst-07
7099,1,burst,burst-07
7100,1,burst,burst-07
7101,0,normal,
7102,0,normal,
7103,1,burst,burst-07
7104,1,burst,burst-07
7105,0,normal,
7106,1,burst,burst-07
7107,1,burst,burst-07
7108,1,burst,burst-07
7109,0,normal,
7110,1,burst,burst-07
7111,1,burst,burst-07
7112,0,normal,
7113,0,normal,
7114,0,normal,
7115,0,normal,
7116,0,normal,
7117,0,normal,
7118,0,normal,
7119,0,normal,
7120,0,normal,
7121,0,normal,
7122,0,normal,
7123,0,normal,
7124,0,normal,
7125,1,structuring,structuring-12
7126,0,normal,
7127,0,normal,
7128,0,normal,
7129,1,structuring,structuring-02
7130,0,normal,
7131,0,normal,
7132,0,normal,
7133,0,normal,
7134,0,normal,
7135,0,normal,
7136,0,normal,
7137,0,normal,
7138,0,normal,
7139,0,normal,
7140,0,normal,
7141,0,normal,
7142,0,normal,
7143,0,normal,
7144,0,normal,
7145,0,normal,
7146,0,normal,
7147,0,normal,
7148,0,normal,
7149,0,normal,
7150,0,normal,
7151,1,structuring,structuring-12
7152,0,normal,
7153,0,normal,
7154,0,normal,
7155,0,normal,
7156,0,normal,
7157,0,normal,
7158,0,normal,
7159,0,normal,
7160,0,normal,
7161,0,normal,
7162,0,normal,
7163,0,normal,
7164,0,normal,
7165,0,normal,
7166,0,normal,
7167,0,normal,
7168,0,normal,
7169,0,normal,
7170,0,normal,
7171,0,normal,
7172,0,normal,
7173,0,normal,
7174,0,normal,
7175,0,normal,
7176,0,normal,
7177,0,normal,
7178,0,normal,
7179,0,normal,
7180,0,normal,
7181,0,normal,
7182,0,normal,
7183,0,normal,
7184,0,normal,
7185,0,normal,
7186,0,normal,
7187,0,normal,
7188,0,normal,
7189,0,normal,
7190,0,normal,
7191,0,normal,
7192,0,normal,
7193,0,normal,
7194,0,normal,
7195,0,normal,
7196,0,normal,
7197,0,normal,
7198,0,normal,
7199,0,normal,
7200,0,normal,
7201,0,normal,
7202,0,normal,
7203,0,normal,
7204,0,normal,
7205,0,normal,
7206,0,normal,
7207,0,normal,
7208,0,normal,
7209,0,normal,
7210,0,normal,
7211,0,normal,
7212,0,normal,
7213,0,normal,
7214,0,normal,
7215,0,normal,
7216,0,normal,
7217,0,normal,
7218,0,normal,
7219,0,normal,
7220,0,normal,
7221,0,normal,
7222,0,normal,
7223,0,normal,
7224,0,normal,
7225,0,normal,
7226,0,normal,
7227,0,normal,
7228,0,normal,
7229,0,normal,
7230,0,normal,
7231,0,normal,
7232,0,normal,
7233,0,normal,
7234,0,normal,
7235,0,normal,
7236,0,normal,
7237,0,normal,
7238,0,normal,
7239,0,normal,
7240,0,normal,
7241,0,normal,
7242,0,normal,
7243,0,normal,
7244,0,normal,
7245,0,normal,
7246,0,normal,
7247,0,normal,
7248,0,normal,
7249,0,normal,
7250,0,normal,
7251,0,normal,
7252,1,account_takeover,takeover-08
7253,1,account_takeover,takeover-08
7254,1,account_takeover,takeover-08
7255,0,normal,
7256,0,normal,
7257,0,normal,
7258,0,normal,
7259,0,normal,
7260,0,normal,
7261,0,normal,
7262,0,normal,
7263,0,normal,
7264,0,normal,
7265,0,normal,
7266,0,normal,
7267,0,normal,
7268,0,normal,
7269,0,normal,
7270,0,normal,
7271,0,normal,
7272,0,normal,
7273,0,normal,
7274,0,normal,
7275,0,normal,
7276,0,normal,
7277,0,normal,
7278,0,normal,
7279,0,normal,
7280,0,normal,
7281,0,normal,
7282,0,normal,
7283,0,normal,
7284,0,normal,
7285,0,normal,
7286,0,normal,
7287,0,normal,
7288,0,normal,
7289,0,normal,
7290,0,normal,
7291,0,normal,
7292,0,normal,
7293,0,normal,
7294,0,normal,
7295,0,normal,
7296,0,normal,
7297,0,normal,
7298,0,normal,
7299,0,normal,
7300,0,normal,
7301,0,normal,
7302,0,normal,
7303,0,normal,
7304,0,normal,
7305,0,normal,
7306,0,normal,
7307,0,normal,
7308,0,normal,
7309,0,normal,
7310,0,normal,
7311,0,normal,
7312,0,normal,
7313,0,normal,
7314,0,normal,
7315,0,normal,
7316,0,normal,
7317,0,normal,
7318,0,normal,
7319,0,normal,
7320,0,normal,
7321,1,mule_chain,mule-02
7322,0,normal,
7323,0,normal,
7324,0,normal,
7325,0,normal,
7326,0,normal,
7327,1,mule_chain,mule-02
7328,0,normal,
7329,0,normal,
7330,0,normal,
7331,1,mule_chain,mule-02
7332,0,normal,
7333,0,normal,
7334,0,normal,
7335,0,normal,
7336,0,normal,
7337,1,mule_chain,mule-02
7338,0,normal,
7339,0,normal,
7340,0,normal,
7341,0,normal,
7342,1,mule_chain,mule-02
7343,0,normal,
7344,0,normal,
7345,0,normal,
7346,0,normal,
7347,0,normal,
7348,0,normal,
7349,0,normal,
7350,0,normal,
7351,0,normal,
7352,0,normal,
7353,0,normal,
7354,0,normal,
7355,0,normal,
7356,0,normal,
7357,0,normal,
7358,0,normal,
7359,0,normal,
7360,0,normal,
7361,0,normal,
7362,0,normal,
7363,0,normal,
7364,0,normal,
7365,0,normal,
7366,0,normal,
7367,0,normal,
7368,0,normal,
7369,0,normal,
7370,0,normal,
7371,1,structuring,structuring-08
7372,0,normal,
7373,0,normal,
7374,0,normal,
7375,0,normal,
7376,0,normal,
7377,0,normal,
7378,0,normal,
7379,0,normal,
7380,0,normal,
7381,0,normal,
7382,0,normal,
7383,0,normal,
7384,0,normal,
7385,0,normal,
7386,0,normal,
7387,0,normal,
7388,0,normal,
7389,0,normal,
7390,0,normal,
7391,0,normal,
7392,0,normal,
7393,0,normal,
7394,0,normal,
7395,0,normal,
7396,0,normal,
7397,0,normal,
7398,0,normal,
7399,0,normal,
7400,0,normal,
7401,0,normal,
7402,0,normal,
7403,0,normal,
7404,0,normal,
7405,0,normal,
7406,1,structuring,structuring-05
7407,0,normal,
7408,0,normal,
7409,0,normal,
7410,0,normal,
7411,0,normal,
7412,0,normal,
7413,0,normal,
7414,0,normal,
7415,1,structuring,structuring-04
7416,0,normal,
7417,0,normal,
7418,0,normal,
7419,0,normal,
7420,0,normal,
7421,0,normal,
7422,0,normal,
7423,0,normal,
7424,0,normal,
7425,0,normal,
7426,0,normal,
7427,1,structuring,structuring-08
7428,0,normal,
7429,0,normal,
7430,0,normal,
7431,0,normal,
7432,0,normal,
7433,0,normal,
7434,0,normal,
7435,0,normal,
7436,1,structuring,structuring-01
7437,0,normal,
7438,0,normal,
7439,0,normal,
7440,0,normal,
7441,1,structuring,structuring-05
7442,0,normal,
7443,0,normal,
7444,0,normal,
7445,0,normal,
7446,0,normal,
7447,0,normal,
7448,0,normal,
7449,0,normal,
7450,0,normal,
7451,0,normal,
7452,0,normal,
7453,0,normal,
7454,0,normal,
7455,0,normal,
7456,0,normal,
7457,1,structuring,structuring-01
7458,0,normal,
7459,0,normal,
7460,0,normal,
7461,0,normal,
7462,0,normal,
7463,0,normal,
7464,0,normal,
7465,0,normal,
7466,0,normal,
7467,0,normal,
7468,0,normal,
7469,0,normal,
7470,0,normal,
7471,0,normal,
7472,0,normal,
7473,0,normal,
7474,0,normal,
7475,1,mule_chain,mule-10
7476,0,normal,
7477,0,normal,
7478,1,structuring,structuring-12
7479,0,normal,
7480,0,normal,
7481,1,structuring,structuring-02
7482,1,mule_chain,mule-10
7483,0,normal,
7484,0,normal,
7485,0,normal,
7486,0,normal,
7487,0,normal,
7488,0,normal,
7489,0,normal,
7490,1,structuring,structuring-02
7491,1,mule_chain,mule-10
7492,0,normal,
7493,0,normal,
7494,0,normal,
7495,0,normal,
7496,0,normal,
7497,0,normal,
7498,1,mule_chain,mule-10
7499,0,normal,
7500,0,normal,
7501,0,normal,
7502,0,normal,
7503,0,normal,
7504,0,normal,
7505,0,normal,
7506,0,normal,
7507,0,normal,
7508,1,structuring,structuring-01
7509,0,normal,
7510,0,normal,
7511,0,normal,
7512,1,mule_chain,mule-10
7513,0,normal,
7514,0,normal,
7515,0,normal,
7516,0,normal,
7517,0,normal,
7518,1,structuring,structuring-02
7519,0,normal,
7520,0,normal,
7521,0,normal,
7522,0,normal,
7523,0,normal,
7524,0,normal,
7525,0,normal,
7526,0,normal,
7527,0,normal,
7528,0,normal,
7529,0,normal,
7530,0,normal,
7531,0,normal,
7532,0,normal,
7533,0,normal,
7534,0,normal,
7535,0,normal,
7536,0,normal,
7537,0,normal,
7538,0,normal,
7539,0,normal,
7540,0,normal,
7541,1,structuring,structuring-12
7542,0,normal,
7543,0,normal,
7544,0,normal,
7545,0,normal,
7546,0,normal,
7547,0,normal,
7548,0,normal,
7549,0,normal,
7550,0,normal,
7551,0,normal,
7552,0,normal,
7553,0,normal,
7554,0,normal,
7555,0,normal,
7556,0,normal,
7557,0,normal,
7558,0,normal,
7559,0,normal,
7560,0,normal,
7561,0,normal,
7562,0,normal,
7563,0,normal,
7564,0,normal,
7565,0,normal,
7566,0,normal,
7567,0,normal,
7568,0,normal,
7569,0,normal,
7570,0,normal,
7571,0,normal,
7572,0,normal,
7573,0,normal,
7574,0,normal,
7575,0,normal,
7576,0,normal,
7577,0,normal,
7578,0,normal,
7579,0,normal,
7580,0,normal,
7581,0,normal,
7582,0,normal,
7583,0,normal,
7584,0,normal,
7585,0,normal,
7586,0,normal,
7587,0,normal,
7588,0,normal,
7589,0,normal,
7590,0,normal,
7591,0,normal,
7592,0,normal,
7593,0,normal,
7594,0,normal,
7595,0,normal,
7596,0,normal,
7597,0,normal,
7598,0,normal,
7599,0,normal,
7600,0,normal,
7601,0,normal,
7602,1,account_takeover,takeover-14
7603,0,normal,
7604,0,normal,
7605,0,normal,
7606,0,normal,
7607,0,normal,
7608,0,normal,
7609,0,normal,
7610,0,normal,
7611,0,normal,
7612,0,normal,
7613,0,normal,
7614,0,normal,
7615,0,normal,
7616,0,normal,
7617,0,normal,
7618,0,normal,
7619,0,normal,
7620,0,normal,
7621,0,normal,
7622,0,normal,
7623,0,normal,
7624,0,normal,
7625,0,normal,
7626,0,normal,
7627,0,normal,
7628,0,normal,
7629,0,normal,
7630,0,normal,
7631,0,normal,
7632,0,normal,
7633,0,normal,
7634,0,normal,
7635,0,normal,
7636,0,normal,
7637,0,normal,
7638,0,normal,
7639,1,mule_chain,mule-08
7640,0,normal,
7641,0,normal,
7642,1,mule_chain,mule-08
7643,0,normal,
7644,1,mule_chain,mule-08
7645,0,normal,
7646,0,normal,
7647,0,normal,
7648,0,normal,
7649,1,mule_chain,mule-08
7650,0,normal,
7651,0,normal,
7652,0,normal,
7653,0,normal,
7654,0,normal,
7655,0,normal,
7656,0,normal,
7657,0,normal,
7658,0,normal,
7659,0,normal,
7660,0,normal,
7661,0,normal,
7662,0,normal,
7663,0,normal,
7664,0,normal,
7665,0,normal,
7666,0,normal,
7667,1,burst,burst-00
7668,1,burst,burst-00
7669,1,burst,burst-00
7670,1,burst,burst-00
7671,1,burst,burst-00
7672,1,burst,burst-00
7673,1,burst,burst-00
7674,0,normal,
7675,0,normal,
7676,0,normal,
7677,0,normal,
7678,0,normal,
7679,0,normal,
7680,0,normal,
7681,0,normal,
7682,0,normal,
7683,0,normal,
7684,0,normal,
7685,0,normal,
7686,0,normal,
7687,0,normal,
7688,0,normal,
7689,0,normal,
7690,0,normal,
7691,0,normal,
7692,0,normal,
7693,0,normal,
7694,0,normal,
7695,0,normal,
7696,0,normal,
7697,0,normal,
7698,0,normal,
7699,0,normal,
7700,0,normal,
7701,0,normal,
7702,0,normal,
7703,0,normal,
7704,0,normal,
7705,0,normal,
7706,0,normal,
7707,0,normal,
7708,0,normal,
7709,0,normal,
7710,0,normal,
7711,0,normal,
7712,0,normal,
7713,0,normal,
7714,0,normal,
7715,0,normal,
7716,0,normal,
7717,0,normal,
7718,0,normal,
7719,0,normal,
7720,0,normal,
7721,0,normal,
7722,0,normal,
7723,0,normal,
7724,0,normal,
7725,0,normal,
7726,1,structuring,structuring-06
7727,0,normal,
7728,0,normal,
7729,0,normal,
7730,0,normal,
7731,0,normal,
7732,0,normal,
7733,0,normal,
7734,0,normal,
7735,0,normal,
7736,0,normal,
7737,0,normal,
7738,0,normal,
7739,0,normal,
7740,0,normal,
7741,0,normal,
7742,0,normal,
7743,0,normal,
7744,0,normal,
7745,0,normal,
7746,0,normal,
7747,0,normal,
7748,0,normal,
7749,0,normal,
7750,0,normal,
7751,0,normal,
7752,0,normal,
7753,0,normal,
7754,0,normal,
7755,0,normal,
7756,0,normal,
7757,0,normal,
7758,0,normal,
7759,0,normal,
7760,0,normal,
7761,0,normal,
7762,0,normal,
7763,0,normal,
7764,0,normal,
7765,0,normal,
7766,0,normal,
7767,0,normal,
7768,0,normal,
7769,0,normal,
7770,0,normal,
7771,0,normal,
7772,0,normal,
7773,0,normal,
7774,0,normal,
7775,0,normal,
7776,0,normal,
7777,0,normal,
7778,0,normal,
7779,0,normal,
7780,0,normal,
7781,0,normal,
7782,0,normal,
7783,0,normal,
7784,0,normal,
7785,0,normal,
7786,0,normal,
7787,0,normal,
7788,0,normal,
7789,0,normal,
7790,0,normal,
7791,0,normal,
7792,1,structuring,structuring-05
7793,0,normal,
7794,0,normal,
7795,0,normal,
7796,0,normal,
7797,0,normal,
7798,0,normal,
7799,0,normal,
7800,0,normal,
7801,1,structuring,structuring-01
7802,0,normal,
7803,0,normal,
7804,0,normal,
7805,1,structuring,structuring-04
7806,0,normal,
7807,0,normal,
7808,0,normal,
7809,0,normal,
7810,0,normal,
7811,0,normal,
7812,0,normal,
7813,0,normal,
7814,0,normal,
7815,0,normal,
7816,0,normal,
7817,0,normal,
7818,0,normal,
7819,0,normal,
7820,0,normal,
7821,0,normal,
7822,0,normal,
7823,0,normal,
7824,0,normal,
7825,0,normal,
7826,0,normal,
7827,0,normal,
7828,0,normal,
7829,0,normal,
7830,0,normal,
7831,0,normal,
7832,0,normal,
7833,0,normal,
7834,0,normal,
7835,0,normal,
7836,1,structuring,structuring-04
7837,0,normal,
7838,0,normal,
7839,0,normal,
7840,0,normal,
7841,1,structuring,structuring-01
7842,0,normal,
7843,0,normal,
7844,0,normal,
7845,0,normal,
7846,0,normal,
7847,0,normal,
7848,0,normal,
7849,0,normal,
7850,0,normal,
7851,0,normal,
7852,0,normal,
7853,0,normal,
7854,0,normal,
7855,0,normal,
7856,0,normal,
7857,0,normal,
7858,0,normal,
7859,0,normal,
7860,0,normal,
7861,0,normal,
7862,0,normal,
7863,0,normal,
7864,0,normal,
7865,0,normal,
7866,0,normal,
7867,0,normal,
7868,0,normal,
7869,0,normal,
7870,0,normal,
7871,0,normal,
7872,0,normal,
7873,0,normal,
7874,0,normal,
7875,0,normal,
7876,0,normal,
7877,0,normal,
7878,0,normal,
7879,0,normal,
7880,0,normal,
7881,0,normal,
7882,0,normal,
7883,0,normal,
7884,0,normal,
7885,0,normal,
7886,0,normal,
7887,0,normal,
7888,0,normal,
7889,0,normal,
7890,0,normal,
7891,0,normal,
7892,0,normal,
7893,0,normal,
7894,0,normal,
7895,0,normal,
7896,0,normal,
7897,0,normal,
7898,0,normal,
7899,0,normal,
7900,1,structuring,structuring-12
7901,0,normal,
7902,0,normal,
7903,0,normal,
7904,0,normal,
7905,0,normal,
7906,0,normal,
7907,0,normal,
7908,0,normal,
7909,0,normal,
7910,0,normal,
7911,0,normal,
7912,0,normal,
7913,0,normal,
7914,0,normal,
7915,0,normal,
7916,0,normal,
7917,0,normal,
7918,0,normal,
7919,0,normal,
7920,0,normal,
7921,0,normal,
7922,0,normal,
7923,0,normal,
7924,0,normal,
7925,0,normal,
7926,0,normal,
7927,0,normal,
7928,0,normal,
7929,0,normal,
7930,0,normal,
7931,0,normal,
7932,0,normal,
7933,0,normal,
7934,0,normal,
7935,1,burst,burst-13
7936,1,burst,burst-13
7937,1,burst,burst-13
7938,1,burst,burst-13
7939,1,burst,burst-13
7940,1,burst,burst-13
7941,0,normal,
7942,0,normal,
7943,0,normal,
7944,0,normal,
7945,0,normal,
7946,0,normal,
7947,0,normal,
7948,0,normal,
7949,0,normal,
7950,0,normal,
7951,0,normal,
7952,0,normal,
7953,0,normal,
7954,0,normal,
7955,0,normal,
7956,0,normal,
7957,0,normal,
7958,0,normal,
7959,0,normal,
7960,0,normal,
7961,0,normal,
7962,0,normal,
7963,0,normal,
7964,0,normal,
7965,0,normal,
7966,0,normal,
7967,0,normal,
7968,0,normal,
7969,0,normal,
7970,0,normal,
7971,0,normal,
7972,1,account_takeover,takeover-02
7973,0,normal,
7974,0,normal,
7975,0,normal,
7976,0,normal,
7977,0,normal,
7978,0,normal,
7979,0,normal,
7980,0,normal,
7981,0,normal,
7982,0,normal,
7983,0,normal,
7984,0,normal,
7985,0,normal,
7986,0,normal,
7987,0,normal,
7988,0,normal,
7989,0,normal,
7990,0,normal,
7991,0,normal,
7992,0,normal,
7993,0,normal,
7994,0,normal,
7995,0,normal,
7996,1,account_takeover,takeover-04
7997,0,normal,
7998,0,normal,
7999,0,normal,
8000,0,normal,
8001,0,normal,
8002,0,normal,
8003,0,normal,
8004,0,normal,
8005,0,normal,
8006,0,normal,
8007,0,normal,
8008,0,normal,
8009,0,normal,
8010,0,normal,
8011,0,normal,
8012,0,normal,
8013,0,normal,
8014,0,normal,
8015,0,normal,
8016,0,normal,
8017,0,normal,
8018,0,normal,
8019,1,account_takeover,takeover-03
8020,0,normal,
8021,0,normal,
8022,0,normal,
8023,0,normal,
8024,0,normal,
8025,0,normal,
8026,0,normal,
8027,0,normal,
8028,0,normal,
8029,1,structuring,structuring-00
8030,0,normal,
8031,0,normal,
8032,1,structuring,structuring-00
8033,0,normal,
8034,0,normal,
8035,0,normal,
8036,0,normal,
8037,0,normal,
8038,0,normal,
8039,0,normal,
8040,0,normal,
8041,0,normal,
8042,0,normal,
8043,0,normal,
8044,0,normal,
8045,1,burst,burst-12
8046,1,structuring,structuring-09
8047,1,burst,burst-12
8048,1,burst,burst-12
8049,1,burst,burst-12
8050,1,burst,burst-12
8051,1,burst,burst-12
8052,1,structuring,structuring-09
8053,0,normal,
8054,0,normal,
8055,0,normal,
8056,0,normal,
8057,0,normal,
8058,0,normal,
8059,0,normal,
8060,0,normal,
8061,0,normal,
8062,0,normal,
8063,0,normal,
8064,0,normal,
8065,0,normal,
8066,0,normal,
8067,0,normal,
8068,1,structuring,structuring-06
8069,0,normal,
8070,0,normal,
8071,0,normal,
8072,0,normal,
8073,0,normal,
8074,0,normal,
8075,0,normal,
8076,0,normal,
8077,0,normal,
8078,0,normal,
8079,1,structuring,structuring-09
8080,0,normal,
8081,0,normal,
8082,0,normal,
8083,0,normal,
8084,0,normal,
8085,0,normal,
8086,0,normal,
8087,1,structuring,structuring-06
8088,0,normal,
8089,0,normal,
8090,0,normal,
8091,0,normal,
8092,0,normal,
8093,0,normal,
8094,0,normal,
8095,0,normal,
8096,1,structuring,structuring-06
8097,0,normal,
8098,0,normal,
8099,0,normal,
8100,0,normal,
8101,0,normal,
8102,0,normal,
8103,0,normal,
8104,0,normal,
8105,0,normal,
8106,0,normal,
8107,0,normal,
8108,0,normal,
8109,0,normal,
8110,0,normal,
8111,0,normal,
8112,0,normal,
8113,0,normal,
8114,0,normal,
8115,0,normal,
8116,0,normal,
8117,0,normal,
8118,0,normal,
8119,0,normal,
8120,0,normal,
8121,1,structuring,structuring-05
8122,0,normal,
8123,0,normal,
8124,0,normal,
8125,0,normal,
8126,0,normal,
8127,0,normal,
8128,0,normal,
8129,0,normal,
8130,0,normal,
8131,0,normal,
8132,0,normal,
8133,0,normal,
8134,0,normal,
8135,0,normal,
8136,0,normal,
8137,0,normal,
8138,1,structuring,structuring-01
8139,0,normal,
8140,0,normal,
8141,0,normal,
8142,0,normal,
8143,0,normal,
8144,0,normal,
8145,0,normal,
8146,0,normal,
8147,0,normal,
8148,0,normal,
8149,0,normal,
8150,1,structuring,structuring-04
8151,0,normal,
8152,0,normal,
8153,0,normal,
8154,0,normal,
8155,0,normal,
8156,0,normal,
8157,0,normal,
8158,0,normal,
8159,0,normal,
8160,0,normal,
8161,0,normal,
8162,0,normal,
8163,0,normal,
8164,0,normal,
8165,0,normal,
8166,0,normal,
8167,0,normal,
8168,0,normal,
8169,0,normal,
8170,0,normal,
8171,0,normal,
8172,0,normal,
8173,0,normal,
8174,0,normal,
8175,0,normal,
8176,0,normal,
8177,0,normal,
8178,0,normal,
8179,0,normal,
8180,0,normal,
8181,0,normal,
8182,0,normal,
8183,0,normal,
8184,0,normal,
8185,0,normal,
8186,0,normal,
8187,0,normal,
8188,0,normal,
8189,0,normal,
8190,1,structuring,structuring-04
8191,0,normal,
8192,0,normal,
8193,0,normal,
8194,0,normal,
8195,0,normal,
8196,0,normal,
8197,0,normal,
8198,0,normal,
8199,0,normal,
8200,0,normal,
8201,0,normal,
8202,0,normal,
8203,0,normal,
8204,0,normal,
8205,0,normal,
8206,0,normal,
8207,0,normal,
8208,0,normal,
8209,0,normal,
8210,0,normal,
8211,0,normal,
8212,0,normal,
8213,0,normal,
8214,0,normal,
8215,0,normal,
8216,0,normal,
8217,0,normal,
8218,0,normal,
8219,0,normal,
8220,0,normal,
8221,0,normal,
8222,0,normal,
8223,0,normal,
8224,0,normal,
8225,0,normal,
8226,0,normal,
8227,0,normal,
8228,0,normal,
8229,0,normal,
8230,0,normal,
8231,0,normal,
8232,0,normal,
8233,0,normal,
8234,0,normal,
8235,0,normal,
8236,0,normal,
8237,0,normal,
8238,0,normal,
8239,0,normal,
8240,0,normal,
8241,0,normal,
8242,0,normal,
8243,0,normal,
8244,0,normal,
8245,0,normal,
8246,0,normal,
8247,0,normal,
8248,0,normal,
8249,0,normal,
8250,1,structuring,structuring-14
8251,0,normal,
8252,0,normal,
8253,0,normal,
8254,0,normal,
8255,0,normal,
8256,0,normal,
8257,0,normal,
8258,0,normal,
8259,0,normal,
8260,0,normal,
8261,1,structuring,structuring-03
8262,0,normal,
8263,0,normal,
8264,0,normal,
8265,0,normal,
8266,0,normal,
8267,0,normal,
8268,0,normal,
8269,0,normal,
8270,0,normal,
8271,0,normal,
8272,0,normal,
8273,0,normal,
8274,0,normal,
8275,0,normal,
8276,1,structuring,structuring-14
8277,0,normal,
8278,0,normal,
8279,0,normal,
8280,0,normal,
8281,0,normal,
8282,0,normal,
8283,0,normal,
8284,0,normal,
8285,0,normal,
8286,0,normal,
8287,0,normal,
8288,0,normal,
8289,0,normal,
8290,0,normal,
8291,0,normal,
8292,0,normal,
8293,0,normal,
8294,0,normal,
8295,0,normal,
8296,0,normal,
8297,0,normal,
8298,0,normal,
8299,0,normal,
8300,0,normal,
8301,1,account_takeover,takeover-00
8302,0,normal,
8303,0,normal,
8304,0,normal,
8305,0,normal,
8306,0,normal,
8307,0,normal,
8308,0,normal,
8309,0,normal,
8310,0,normal,
8311,0,normal,
8312,0,normal,
8313,0,normal,
8314,0,normal,
8315,0,normal,
8316,0,normal,
8317,0,normal,
8318,0,normal,
8319,0,normal,
8320,0,normal,
8321,0,normal,
8322,0,normal,
8323,0,normal,
8324,0,normal,
8325,0,normal,
8326,0,normal,
8327,0,normal,
8328,0,normal,
8329,0,normal,
8330,0,normal,
8331,0,normal,
8332,0,normal,
8333,0,normal,
8334,0,normal,
8335,0,normal,
8336,0,normal,
8337,0,normal,
8338,1,burst,burst-10
8339,1,burst,burst-10
8340,1,burst,burst-10
8341,1,burst,burst-10
8342,1,burst,burst-10
8343,0,normal,
8344,1,burst,burst-10
8345,1,burst,burst-10
8346,1,burst,burst-10
8347,1,burst,burst-10
8348,1,burst,burst-10
8349,0,normal,
8350,0,normal,
8351,0,normal,
8352,0,normal,
8353,0,normal,
8354,0,normal,
8355,0,normal,
8356,0,normal,
8357,0,normal,
8358,0,normal,
8359,0,normal,
8360,0,normal,
8361,0,normal,
8362,0,normal,
8363,0,normal,
8364,0,normal,
8365,0,normal,
8366,0,normal,
8367,0,normal,
8368,0,normal,
8369,0,normal,
8370,0,normal,
8371,0,normal,
8372,0,normal,
8373,0,normal,
8374,0,normal,
8375,0,normal,
8376,0,normal,
8377,0,normal,
8378,0,normal,
8379,0,normal,
8380,0,normal,
8381,0,normal,
8382,1,structuring,structuring-09
8383,0,normal,
8384,1,structuring,structuring-00
8385,0,normal,
8386,1,structuring,structuring-06
8387,0,normal,
8388,0,normal,
8389,0,normal,
8390,0,normal,
8391,0,normal,
8392,0,normal,
8393,0,normal,
8394,0,normal,
8395,0,normal,
8396,0,normal,
8397,0,normal,
8398,0,normal,
8399,0,normal,
8400,0,normal,
8401,0,normal,
8402,0,normal,
8403,0,normal,
8404,0,normal,
8405,0,normal,
8406,0,normal,
8407,0,normal,
8408,0,normal,
8409,0,normal,
8410,0,normal,
8411,0,normal,
8412,0,normal,
8413,0,normal,
8414,0,normal,
8415,0,normal,
8416,0,normal,
8417,0,normal,
8418,0,normal,
8419,0,normal,
8420,0,normal,
8421,0,normal,
8422,1,structuring,structuring-09
8423,0,normal,
8424,0,normal,
8425,0,normal,
8426,0,normal,
8427,1,structuring,structuring-09
8428,0,normal,
8429,0,normal,
8430,0,normal,
8431,0,normal,
8432,0,normal,
8433,0,normal,
8434,0,normal,
8435,0,normal,
8436,0,normal,
8437,0,normal,
8438,0,normal,
8439,0,normal,
8440,0,normal,
8441,0,normal,
8442,0,normal,
8443,0,normal,
8444,0,normal,
8445,0,normal,
8446,0,normal,
8447,0,normal,
8448,0,normal,
8449,0,normal,
8450,0,normal,
8451,0,normal,
8452,0,normal,
8453,0,normal,
8454,0,normal,
8455,0,normal,
8456,0,normal,
8457,0,normal,
8458,0,normal,
8459,0,normal,
8460,1,mule_chain,mule-09
8461,0,normal,
8462,0,normal,
8463,1,mule_chain,mule-09
8464,1,mule_chain,mule-09
8465,0,normal,
8466,0,normal,
8467,0,normal,
8468,0,normal,
8469,0,normal,
8470,0,normal,
8471,0,normal,
8472,0,normal,
8473,0,normal,
8474,0,normal,
8475,0,normal,
8476,1,mule_chain,mule-09
8477,0,normal,
8478,0,normal,
8479,0,normal,
8480,0,normal,
8481,0,normal,
8482,0,normal,
8483,0,normal,
8484,0,normal,
8485,0,normal,
8486,0,normal,
8487,0,normal,
8488,0,normal,
8489,0,normal,
8490,0,normal,
8491,0,normal,
8492,0,normal,
8493,0,normal,
8494,0,normal,
8495,0,normal,
8496,0,normal,
8497,0,normal,
8498,0,normal,
8499,0,normal,
8500,0,normal,
8501,0,normal,
8502,0,normal,
8503,0,normal,
8504,0,normal,
8505,0,normal,
8506,0,normal,
8507,0,normal,
8508,0,normal,
8509,1,structuring,structuring-04
8510,1,structuring,structuring-04
8511,0,normal,
8512,1,mule_chain,mule-03
8513,0,normal,
8514,0,normal,
8515,0,normal,
8516,1,mule_chain,mule-03
8517,1,mule_chain,mule-04
8518,0,normal,
8519,0,normal,
8520,0,normal,
8521,0,normal,
8522,0,normal,
8523,1,mule_chain,mule-04
8524,1,mule_chain,mule-03
8525,1,burst,burst-11
8526,1,mule_chain,mule-03
8527,1,burst,burst-11
8528,0,normal,
8529,1,burst,burst-11
8530,1,burst,burst-11
8531,1,burst,burst-11
8532,1,burst,burst-11
8533,0,normal,
8534,1,burst,burst-11
8535,1,mule_chain,mule-04
8536,1,burst,burst-11
8537,0,normal,
8538,0,normal,
8539,1,burst,burst-11
8540,1,burst,burst-11
8541,1,burst,burst-11
8542,1,burst,burst-11
8543,0,normal,
8544,0,normal,
8545,0,normal,
8546,0,normal,
8547,0,normal,
8548,0,normal,
8549,0,normal,
8550,0,normal,
8551,0,normal,
8552,1,mule_chain,mule-04
8553,0,normal,
8554,0,normal,
8555,0,normal,
8556,0,normal,
8557,0,normal,
8558,1,mule_chain,mule-04
8559,0,normal,
8560,0,normal,
8561,0,normal,
8562,0,normal,
8563,0,normal,
8564,0,normal,
8565,0,normal,
8566,0,normal,
8567,0,normal,
8568,0,normal,
8569,0,normal,
8570,0,normal,
8571,0,normal,
8572,0,normal,
8573,0,normal,
8574,0,normal,
8575,0,normal,
8576,0,normal,
8577,0,normal,
8578,0,normal,
8579,0,normal,
8580,0,normal,
8581,0,normal,
8582,0,normal,
8583,0,normal,
8584,0,normal,
8585,0,normal,
8586,0,normal,
8587,0,normal,
8588,0,normal,
8589,0,normal,
8590,0,normal,
8591,0,normal,
8592,0,normal,
8593,0,normal,
8594,0,normal,
8595,0,normal,
8596,0,normal,
8597,0,normal,
8598,0,normal,
8599,0,normal,
8600,0,normal,
8601,0,normal,
8602,0,normal,
8603,0,normal,
8604,0,normal,
8605,0,normal,
8606,0,normal,
8607,0,normal,
8608,0,normal,
8609,0,normal,
8610,0,normal,
8611,0,normal,
8612,0,normal,
8613,0,normal,
8614,1,structuring,structuring-03
8615,0,normal,
8616,0,normal,
8617,1,structuring,structuring-03
8618,0,normal,
8619,0,normal,
8620,0,normal,
8621,0,normal,
8622,0,normal,
8623,1,structuring,structuring-14
8624,0,normal,
8625,0,normal,
8626,0,normal,
8627,0,normal,
8628,0,normal,
8629,0,normal,
8630,1,structuring,structuring-14
8631,0,normal,
8632,0,normal,
8633,0,normal,
8634,0,normal,
8635,0,normal,
8636,0,normal,
8637,0,normal,
8638,0,normal,
8639,0,normal,
8640,0,normal,
8641,0,normal,
8642,0,normal,
8643,0,normal,
8644,0,normal,
8645,0,normal,
8646,0,normal,
8647,1,account_takeover,takeover-05
8648,1,account_takeover,takeover-10
8649,1,account_takeover,takeover-10
8650,1,account_takeover,takeover-10
8651,0,normal,
8652,0,normal,
8653,0,normal,
8654,0,normal,
8655,0,normal,
8656,0,normal,
8657,0,normal,
8658,0,normal,
8659,0,normal,
8660,0,normal,
8661,0,normal,
8662,0,normal,
8663,0,normal,
8664,0,normal,
8665,0,normal,
8666,0,normal,
8667,0,normal,
8668,0,normal,
8669,0,normal,
8670,0,normal,
8671,0,normal,
8672,0,normal,
8673,0,normal,
8674,0,normal,
8675,0,normal,
8676,0,normal,
8677,0,normal,
8678,0,normal,
8679,0,normal,
8680,0,normal,
8681,0,normal,
8682,0,normal,
8683,0,normal,
8684,0,normal,
8685,0,normal,
8686,1,structuring,structuring-00
8687,0,normal,
8688,0,normal,
8689,0,normal,
8690,0,normal,
8691,0,normal,
8692,0,normal,
8693,0,normal,
8694,0,normal,
8695,0,normal,
8696,0,normal,
8697,0,normal,
8698,0,normal,
8699,1,mule_chain,mule-11
8700,0,normal,
8701,0,normal,
8702,0,normal,
8703,0,normal,
8704,1,mule_chain,mule-11
8705,0,normal,
8706,0,normal,
8707,0,normal,
8708,0,normal,
8709,0,normal,
8710,1,mule_chain,mule-11
8711,1,mule_chain,mule-11
8712,0,normal,
8713,0,normal,
8714,1,mule_chain,mule-11
8715,0,normal,
8716,0,normal,
8717,0,normal,
8718,0,normal,
8719,0,normal,
8720,0,normal,
8721,0,normal,
8722,0,normal,
8723,0,normal,
8724,0,normal,
8725,0,normal,
8726,0,normal,
8727,0,normal,
8728,0,normal,
8729,0,normal,
8730,0,normal,
8731,0,normal,
8732,0,normal,
8733,0,normal,
8734,0,normal,
8735,0,normal,
8736,0,normal,
8737,0,normal,
8738,0,normal,
8739,0,normal,
8740,0,normal,
8741,0,normal,
8742,0,normal,
8743,0,normal,
8744,0,normal,
8745,0,normal,
8746,0,normal,
8747,0,normal,
8748,0,normal,
8749,0,normal,
8750,0,normal,
8751,0,normal,
8752,0,normal,
8753,0,normal,
8754,0,normal,
8755,0,normal,
8756,0,normal,
8757,0,normal,
8758,0,normal,
8759,0,normal,
8760,0,normal,
8761,0,normal,
8762,0,normal,
8763,0,normal,
8764,0,normal,
8765,0,normal,
8766,0,normal,
8767,0,normal,
8768,0,normal,
8769,1,structuring,structuring-06
8770,0,normal,
8771,0,normal,
8772,0,normal,
8773,0,normal,
8774,0,normal,
8775,0,normal,
8776,0,normal,
8777,0,normal,
8778,0,normal,
8779,0,normal,
8780,0,normal,
8781,0,normal,
8782,0,normal,
8783,0,normal,
8784,0,normal,
8785,0,normal,
8786,0,normal,
8787,0,normal,
8788,0,normal,
8789,0,normal,
8790,0,normal,
8791,0,normal,
8792,0,normal,
8793,0,normal,
8794,0,normal,
8795,0,normal,
8796,0,normal,
8797,0,normal,
8798,0,normal,
8799,0,normal,
8800,0,normal,
8801,0,normal,
8802,0,normal,
8803,0,normal,
8804,0,normal,
8805,0,normal,
8806,0,normal,
8807,0,normal,
8808,0,normal,
8809,0,normal,
8810,0,normal,
8811,0,normal,
8812,0,normal,
8813,0,normal,
8814,0,normal,
8815,0,normal,
8816,0,normal,
8817,0,normal,
8818,0,normal,
8819,0,normal,
8820,0,normal,
8821,0,normal,
8822,0,normal,
8823,0,normal,
8824,0,normal,
8825,0,normal,
8826,0,normal,
8827,0,normal,
8828,0,normal,
8829,0,normal,
8830,0,normal,
8831,0,normal,
8832,0,normal,
8833,0,normal,
8834,0,normal,
8835,0,normal,
8836,0,normal,
8837,0,normal,
8838,0,normal,
8839,0,normal,
8840,0,normal,
8841,0,normal,
8842,0,normal,
8843,0,normal,
8844,0,normal,
8845,0,normal,
8846,0,normal,
8847,0,normal,
8848,0,normal,
8849,0,normal,
8850,0,normal,
8851,0,normal,
8852,0,normal,
8853,0,normal,
8854,0,normal,
8855,0,normal,
8856,0,normal,
8857,0,normal,
8858,0,normal,
8859,0,normal,
8860,0,normal,
8861,0,normal,
8862,0,normal,
8863,0,normal,
8864,0,normal,
8865,0,normal,
8866,0,normal,
8867,0,normal,
8868,0,normal,
8869,0,normal,
8870,0,normal,
8871,0,normal,
8872,0,normal,
8873,0,normal,
8874,0,normal,
8875,0,normal,
8876,0,normal,
8877,0,normal,
8878,0,normal,
8879,0,normal,
8880,0,normal,
8881,0,normal,
8882,0,normal,
8883,0,normal,
8884,0,normal,
8885,0,normal,
8886,0,normal,
8887,0,normal,
8888,0,normal,
8889,0,normal,
8890,0,normal,
8891,0,normal,
8892,0,normal,
8893,0,normal,
8894,0,normal,
8895,0,normal,
8896,0,normal,
8897,0,normal,
8898,0,normal,
8899,0,normal,
8900,0,normal,
8901,0,normal,
8902,0,normal,
8903,0,normal,
8904,0,normal,
8905,0,normal,
8906,0,normal,
8907,0,normal,
8908,0,normal,
8909,0,normal,
8910,1,account_takeover,takeover-06
8911,0,normal,
8912,1,structuring,structuring-03
8913,0,normal,
8914,0,normal,
8915,0,normal,
8916,0,normal,
8917,0,normal,
8918,0,normal,
8919,0,normal,
8920,0,normal,
8921,0,normal,
8922,0,normal,
8923,0,normal,
8924,0,normal,
8925,0,normal,
8926,0,normal,
8927,0,normal,
8928,0,normal,
8929,0,normal,
8930,0,normal,
8931,0,normal,
8932,0,normal,
8933,1,structuring,structuring-14
8934,0,normal,
8935,0,normal,
8936,0,normal,
8937,0,normal,
8938,0,normal,
8939,0,normal,
8940,0,normal,
8941,0,normal,
8942,0,normal,
8943,0,normal,
8944,0,normal,
8945,0,normal,
8946,0,normal,
8947,0,normal,
8948,0,normal,
8949,0,normal,
8950,0,normal,
8951,0,normal,
8952,0,normal,
8953,0,normal,
8954,0,normal,
8955,1,account_takeover,takeover-09
8956,1,account_takeover,takeover-09
8957,0,normal,
8958,0,normal,
8959,0,normal,
8960,0,normal,
8961,0,normal,
8962,0,normal,
8963,0,normal,
8964,0,normal,
8965,0,normal,
8966,0,normal,
8967,0,normal,
8968,1,account_takeover,takeover-07
8969,1,account_takeover,takeover-07
8970,1,account_takeover,takeover-07
8971,0,normal,
8972,0,normal,
8973,0,normal,
8974,0,normal,
8975,0,normal,
8976,0,normal,
8977,0,normal,
8978,0,normal,
8979,0,normal,
8980,0,normal,
8981,0,normal,
8982,0,normal,
8983,0,normal,
8984,0,normal,
8985,0,normal,
8986,0,normal,
8987,0,normal,
8988,0,normal,
8989,0,normal,
8990,0,normal,
8991,0,normal,
8992,0,normal,
8993,0,normal,
8994,0,normal,
8995,0,normal,
8996,0,normal,
8997,0,normal,
8998,0,normal,
8999,0,normal,
9000,0,normal,
9001,0,normal,
9002,0,normal,
9003,0,normal,
9004,0,normal,
9005,0,normal,
9006,0,normal,
9007,0,normal,
9008,0,normal,
9009,0,normal,
9010,0,normal,
9011,0,normal,
9012,0,normal,
9013,0,normal,
9014,0,normal,
9015,0,normal,
9016,1,mule_chain,mule-14
9017,0,normal,
9018,0,normal,
9019,1,mule_chain,mule-14
9020,0,normal,
9021,0,normal,
9022,0,normal,
9023,1,mule_chain,mule-14
9024,0,normal,
9025,0,normal,
9026,0,normal,
9027,0,normal,
9028,1,mule_chain,mule-14
9029,0,normal,
9030,0,normal,
9031,0,normal,
9032,0,normal,
9033,0,normal,
9034,0,normal,
9035,0,normal,
9036,0,normal,
9037,0,normal,
9038,0,normal,
9039,0,normal,
9040,0,normal,
9041,0,normal,
9042,0,normal,
9043,0,normal,
9044,0,normal,
9045,0,normal,
9046,0,normal,
9047,0,normal,
9048,0,normal,
9049,0,normal,
9050,0,normal,
9051,0,normal,
9052,0,normal,
9053,0,normal,
9054,0,normal,
9055,0,normal,
9056,0,normal,
9057,0,normal,
9058,0,normal,
9059,0,normal,
9060,0,normal,
9061,0,normal,
9062,0,normal,
9063,0,normal,
9064,0,normal,
9065,0,normal,
9066,0,normal,
9067,0,normal,
9068,0,normal,
9069,0,normal,
9070,0,normal,
9071,0,normal,
9072,0,normal,
9073,0,normal,
9074,0,normal,
9075,0,normal,
9076,0,normal,
9077,0,normal,
9078,0,normal,
9079,0,normal,
9080,1,burst,burst-04
9081,0,normal,
9082,1,burst,burst-04
9083,1,burst,burst-04
9084,1,burst,burst-04
9085,1,burst,burst-04
9086,0,normal,
9087,1,burst,burst-04
9088,0,normal,
9089,0,normal,
9090,0,normal,
9091,0,normal,
9092,0,normal,
9093,0,normal,
9094,0,normal,
9095,0,normal,
9096,0,normal,
9097,0,normal,
9098,0,normal,
9099,0,normal,
9100,0,normal,
9101,0,normal,
9102,0,normal,
9103,0,normal,
9104,0,normal,
9105,0,normal,
9106,0,normal,
9107,0,normal,
9108,0,normal,
9109,0,normal,
9110,0,normal,
9111,0,normal,
9112,0,normal,
9113,0,normal,
9114,0,normal,
9115,0,normal,
9116,0,normal,
9117,0,normal,
9118,0,normal,
9119,0,normal,
9120,0,normal,
9121,0,normal,
9122,0,normal,
9123,0,normal,
9124,0,normal,
9125,0,normal,
9126,0,normal,
9127,0,normal,
9128,1,mule_chain,mule-13
9129,0,normal,
9130,0,normal,
9131,0,normal,
9132,0,normal,
9133,0,normal,
9134,0,normal,
9135,0,normal,
9136,0,normal,
9137,0,normal,
9138,0,normal,
9139,0,normal,
9140,0,normal,
9141,0,normal,
9142,1,mule_chain,mule-13
9143,0,normal,
9144,0,normal,
9145,0,normal,
9146,0,normal,
9147,0,normal,
9148,0,normal,
9149,0,normal,
9150,0,normal,
9151,0,normal,
9152,0,normal,
9153,1,mule_chain,mule-13
9154,0,normal,
9155,0,normal,
9156,0,normal,
9157,0,normal,
9158,0,normal,
9159,0,normal,
9160,0,normal,
9161,0,normal,
9162,1,mule_chain,mule-13
9163,0,normal,
9164,1,mule_chain,mule-13
9165,0,normal,
9166,0,normal,
9167,0,normal,
9168,0,normal,
9169,0,normal,
9170,0,normal,
9171,0,normal,
9172,0,normal,
9173,0,normal,
9174,0,normal,
9175,0,normal,
9176,0,normal,
9177,0,normal,
9178,0,normal,
9179,0,normal,
9180,0,normal,
9181,0,normal,
9182,0,normal,
9183,0,normal,
9184,0,normal,
9185,0,normal,
9186,0,normal,
9187,0,normal,
9188,0,normal,
9189,0,normal,
9190,0,normal,
9191,0,normal,
9192,0,normal,
9193,0,normal,
9194,0,normal,
9195,0,normal,
9196,0,normal,
9197,0,normal,
9198,0,normal,
9199,0,normal,
9200,0,normal,
9201,0,normal,
9202,0,normal,
9203,0,normal,
9204,0,normal,
9205,0,normal,
9206,0,normal,
9207,0,normal,
9208,0,normal,
9209,0,normal,
9210,0,normal,
9211,0,normal,
9212,0,normal,
9213,0,normal,
9214,0,normal,
9215,0,normal,
9216,0,normal,
9217,0,normal,
9218,0,normal,
9219,0,normal,
9220,0,normal,
9221,0,normal,
9222,0,normal,
9223,0,normal,
9224,0,normal,
9225,0,normal,
9226,0,normal,
9227,0,normal,
9228,0,normal,
9229,0,normal,
9230,0,normal,
9231,0,normal,
9232,0,normal,
9233,0,normal,
9234,0,normal,
9235,0,normal,
9236,0,normal,
9237,0,normal,
9238,0,normal,
9239,0,normal,
9240,0,normal,
9241,0,normal,
9242,0,normal,
9243,0,normal,
9244,0,normal,
9245,0,normal,
9246,0,normal,
9247,0,normal,
9248,0,normal,
9249,0,normal,
9250,0,normal,
9251,0,normal,
9252,0,normal,
9253,0,normal,
9254,0,normal,
9255,0,normal,
9256,0,normal,
9257,0,normal,
9258,0,normal,
9259,0,normal,
9260,0,normal,
9261,0,normal,
9262,0,normal,
9263,0,normal,
9264,0,normal,
9265,0,normal,
9266,0,normal,
9267,0,normal,
9268,0,normal,
9269,0,normal,
9270,0,normal,
9271,0,normal,
9272,0,normal,
9273,0,normal,
9274,0,normal,
9275,0,normal,
9276,0,normal,
9277,0,normal,
9278,0,normal,
9279,0,normal,
9280,0,normal,
9281,0,normal,
9282,0,normal,
9283,0,normal,
9284,0,normal,
9285,0,normal,
9286,0,normal,
9287,0,normal,
9288,0,normal,
9289,0,normal,
9290,0,normal,
