seq,event_time,from,to,amount_minor
1,2026-08-01T03:25:00Z,c045,m008,4070
2,2026-08-01T04:00:00Z,c032,m028,420
3,2026-08-01T04:17:00Z,c032,c083,1900
4,2026-08-01T04:48:00Z,c171,m027,6643
5,2026-08-01T04:53:00Z,c076,m000,26255
6,2026-08-01T05:04:00Z,c032,m022,1390
7,2026-08-01T05:04:00Z,c043,m037,9519
8,2026-08-01T05:21:00Z,c063,m029,4262
9,2026-08-01T05:41:00Z,c095,m031,5157
10,2026-08-01T06:18:00Z,c032,m011,1197
11,2026-08-01T06:23:00Z,c076,m006,10742
12,2026-08-01T06:30:00Z,c078,m001,1518
13,2026-08-01T06:39:00Z,c169,c172,16823
14,2026-08-01T06:50:00Z,c078,m011,1397
15,2026-08-01T06:56:00Z,c169,c172,18039
16,2026-08-01T06:57:00Z,c079,m008,9176
17,2026-08-01T07:01:00Z,c042,c013,17157
18,2026-08-01T07:10:00Z,c171,c156,14753
19,2026-08-01T07:15:00Z,c171,m015,15417
20,2026-08-01T07:26:00Z,c098,m010,7000
21,2026-08-01T07:32:00Z,c065,c069,11417
22,2026-08-01T07:34:00Z,c065,m004,14762
23,2026-08-01T07:36:00Z,c065,m030,23505
24,2026-08-01T07:41:00Z,c032,m011,1632
25,2026-08-01T07:45:00Z,c120,c078,4800
26,2026-08-01T07:49:00Z,c076,m009,14305
27,2026-08-01T07:50:00Z,c065,c038,21468
28,2026-08-01T08:00:00Z,c169,m009,16611
29,2026-08-01T08:02:00Z,c121,m014,13452
30,2026-08-01T08:03:00Z,c098,m033,8999
31,2026-08-01T08:06:00Z,c005,m023,5442
32,2026-08-01T08:06:00Z,c027,c002,1386
33,2026-08-01T08:07:00Z,c126,c086,5646
34,2026-08-01T08:11:00Z,c016,m037,4546
35,2026-08-01T08:11:00Z,c135,m034,12650
36,2026-08-01T08:14:00Z,c135,m034,15522
37,2026-08-01T08:21:00Z,c135,c119,8759
38,2026-08-01T08:23:00Z,c005,m018,7836
39,2026-08-01T08:30:00Z,c009,m020,3133
40,2026-08-01T08:33:00Z,c153,m009,21239
41,2026-08-01T08:36:00Z,c040,m000,14306
42,2026-08-01T08:45:00Z,c121,c136,13177
43,2026-08-01T08:48:00Z,c153,m009,8986
44,2026-08-01T08:51:00Z,c166,m039,5655
45,2026-08-01T08:54:00Z,c166,m004,1172
46,2026-08-01T08:59:00Z,c126,m006,5323
47,2026-08-01T08:59:00Z,c166,c085,2119
48,2026-08-01T09:07:00Z,c170,m029,551
49,2026-08-01T09:15:00Z,c170,c124,2206
50,2026-08-01T09:27:00Z,c105,c001,1220
51,2026-08-01T09:30:00Z,c071,m000,5558
52,2026-08-01T09:34:00Z,c050,c089,3988
53,2026-08-01T09:39:00Z,c098,c172,6458
54,2026-08-01T09:45:00Z,c107,m038,3630
55,2026-08-01T09:49:00Z,c141,c043,1890
56,2026-08-01T09:52:00Z,c103,m026,1004
57,2026-08-01T09:52:00Z,c133,m023,1181
58,2026-08-01T09:55:00Z,c013,m014,39744
59,2026-08-01T10:00:00Z,c031,c103,3002
60,2026-08-01T10:03:00Z,c031,m026,3045
61,2026-08-01T10:06:00Z,c031,m026,4803
62,2026-08-01T10:06:00Z,c120,m009,6806
63,2026-08-01T10:09:00Z,c031,c103,3682
64,2026-08-01T10:09:00Z,c078,c171,5735
65,2026-08-01T10:10:00Z,c006,m038,11397
66,2026-08-01T10:11:00Z,c171,m031,15976
67,2026-08-01T10:12:00Z,c137,m038,4862
68,2026-08-01T10:13:00Z,c006,m002,12889
69,2026-08-01T10:15:00Z,c076,m010,11724
70,2026-08-01T10:15:00Z,c122,m018,7310
71,2026-08-01T10:18:00Z,c006,m023,8933
72,2026-08-01T10:19:00Z,c006,c026,9614
73,2026-08-01T10:21:00Z,c119,c128,1245
74,2026-08-01T10:24:00Z,c071,m023,4352
75,2026-08-01T10:26:00Z,c139,m007,19954
76,2026-08-01T10:29:00Z,c005,c076,3456
77,2026-08-01T10:30:00Z,c098,m021,6449
78,2026-08-01T10:33:00Z,c066,c125,4459
79,2026-08-01T10:36:00Z,c043,m014,11201
80,2026-08-01T10:38:00Z,c021,c012,36682
81,2026-08-01T10:41:00Z,c107,m038,1070
82,2026-08-01T10:45:00Z,c004,m028,1414
83,2026-08-01T10:46:00Z,c029,m019,4183
84,2026-08-01T10:47:00Z,c002,m038,11732
85,2026-08-01T10:47:00Z,c089,m009,13476
86,2026-08-01T10:48:00Z,c021,c158,10341
87,2026-08-01T10:53:00Z,c090,m020,40379
88,2026-08-01T10:59:00Z,c067,m032,2626
89,2026-08-01T11:05:00Z,c103,m029,850
90,2026-08-01T11:06:00Z,c002,m026,12857
91,2026-08-01T11:06:00Z,c067,m019,1355
92,2026-08-01T11:06:00Z,c159,c163,1425
93,2026-08-01T11:06:00Z,c168,c108,19680
94,2026-08-01T11:09:00Z,c092,m005,1140
95,2026-08-01T11:11:00Z,c040,c039,10844
96,2026-08-01T11:11:00Z,c089,c125,7707
97,2026-08-01T11:12:00Z,c159,c070,1963
98,2026-08-01T11:17:00Z,c098,m021,5070
99,2026-08-01T11:22:00Z,c050,m030,3732
100,2026-08-01T11:29:00Z,c101,m028,9546
101,2026-08-01T11:30:00Z,c151,c017,1273
102,2026-08-01T11:33:00Z,c120,m014,7912
103,2026-08-01T11:36:00Z,c027,c126,1726
104,2026-08-01T11:38:00Z,c000,m036,18037
105,2026-08-01T11:38:00Z,c078,m001,1705
106,2026-08-01T11:38:00Z,c103,m025,2015
107,2026-08-01T11:41:00Z,c005,m029,5457
108,2026-08-01T11:46:00Z,c066,m023,9175
109,2026-08-01T11:52:00Z,c153,m015,22146
110,2026-08-01T11:54:00Z,c052,m029,6708
111,2026-08-01T12:00:00Z,c159,m034,2379
112,2026-08-01T12:02:00Z,c041,m036,5677
113,2026-08-01T12:03:00Z,c111,m008,10907
114,2026-08-01T12:06:00Z,c029,m019,3056
115,2026-08-01T12:12:00Z,c002,c048,4663
116,2026-08-01T12:13:00Z,c064,m011,3004
117,2026-08-01T12:15:00Z,c016,c177,7298
118,2026-08-01T12:19:00Z,c078,m001,2128
119,2026-08-01T12:23:00Z,c114,m034,27422
120,2026-08-01T12:25:00Z,c139,m028,21061
121,2026-08-01T12:29:00Z,c104,m003,22254
122,2026-08-01T12:34:00Z,c034,m018,12221
123,2026-08-01T12:34:00Z,c122,m031,8791
124,2026-08-01T12:44:00Z,c005,m029,6518
125,2026-08-01T12:48:00Z,c081,m024,3909
126,2026-08-01T12:51:00Z,c008,m005,5961
127,2026-08-01T12:53:00Z,c104,m010,8376
128,2026-08-01T12:53:00Z,c158,m033,2481
129,2026-08-01T12:59:00Z,c035,m011,1890
130,2026-08-01T13:00:00Z,c069,m006,823
131,2026-08-01T13:01:00Z,c120,c078,23774
132,2026-08-01T13:06:00Z,c041,m036,3190
133,2026-08-01T13:11:00Z,c041,m017,1579
134,2026-08-01T13:16:00Z,c029,c178,3749
135,2026-08-01T13:18:00Z,c039,m036,6118
136,2026-08-01T13:19:00Z,c074,m021,6417
137,2026-08-01T13:19:00Z,c122,m034,6204
138,2026-08-01T13:21:00Z,c177,m009,2205
139,2026-08-01T13:22:00Z,c134,c101,12727
140,2026-08-01T13:29:00Z,c108,m026,1855
141,2026-08-01T13:40:00Z,c056,m003,7972
142,2026-08-01T13:41:00Z,c108,m021,2877
143,2026-08-01T13:41:00Z,c110,m028,12507
144,2026-08-01T13:49:00Z,c116,m036,2112
145,2026-08-01T13:51:00Z,c022,m035,2396
146,2026-08-01T13:53:00Z,c168,c108,26342
147,2026-08-01T13:54:00Z,c104,m003,240000
148,2026-08-01T13:59:00Z,c092,c176,50000
149,2026-08-01T14:01:00Z,c085,m023,931
150,2026-08-01T14:01:00Z,c165,m008,2550
151,2026-08-01T14:03:00Z,c143,c121,1511
152,2026-08-01T14:05:00Z,c017,m016,22679
153,2026-08-01T14:08:00Z,c059,m027,8641
154,2026-08-01T14:08:00Z,c168,c108,12680
155,2026-08-01T14:14:00Z,c136,m035,14359
156,2026-08-01T14:16:00Z,c002,m014,3827
157,2026-08-01T14:18:00Z,c113,c011,1454
158,2026-08-01T14:19:00Z,c134,m037,16122
159,2026-08-01T14:23:00Z,c074,c010,4995
160,2026-08-01T14:26:00Z,c150,m028,15222
161,2026-08-01T14:28:00Z,c000,c018,33125
162,2026-08-01T14:29:00Z,c064,m015,7037
163,2026-08-01T14:34:00Z,c004,m028,1543
164,2026-08-01T14:35:00Z,c092,c176,1631
165,2026-08-01T14:39:00Z,c019,m012,49078
166,2026-08-01T14:41:00Z,c061,m026,14797
167,2026-08-01T14:42:00Z,c029,m037,3000
168,2026-08-01T14:43:00Z,c081,m030,1772
169,2026-08-01T14:44:00Z,c029,c178,2461
170,2026-08-01T14:53:00Z,c035,m011,1037
171,2026-08-01T14:55:00Z,c067,m037,547
172,2026-08-01T15:00:00Z,c023,m038,1736
173,2026-08-01T15:05:00Z,c094,c128,23165
174,2026-08-01T15:09:00Z,c094,m038,14027
175,2026-08-01T15:11:00Z,c094,m032,12520
176,2026-08-01T15:13:00Z,c148,m032,15736
177,2026-08-01T15:14:00Z,c145,m005,3587
178,2026-08-01T15:17:00Z,c156,m022,22990
179,2026-08-01T15:20:00Z,c094,m032,17595
180,2026-08-01T15:21:00Z,c041,m000,3032
181,2026-08-01T15:22:00Z,c051,m032,5984
182,2026-08-01T15:23:00Z,c028,m005,2481
183,2026-08-01T15:30:00Z,c140,c157,2441
184,2026-08-01T15:30:00Z,c156,c045,22745
185,2026-08-01T15:33:00Z,c033,m006,1036
186,2026-08-01T15:35:00Z,c044,c147,8304
187,2026-08-01T15:40:00Z,c112,m032,3407
188,2026-08-01T15:40:00Z,c122,m031,4558
189,2026-08-01T15:40:00Z,c136,m003,9204
190,2026-08-01T15:43:00Z,c018,m026,28864
191,2026-08-01T15:45:00Z,c020,c058,17634
192,2026-08-01T15:47:00Z,c130,m033,6535
193,2026-08-01T15:48:00Z,c082,m008,24789
194,2026-08-01T15:48:00Z,c106,c055,9428
195,2026-08-01T15:52:00Z,c026,m038,2750
196,2026-08-01T15:58:00Z,c108,c095,2845
197,2026-08-01T16:01:00Z,c175,m018,746
198,2026-08-01T16:02:00Z,c000,c039,22638
199,2026-08-01T16:05:00Z,c108,m035,4007
200,2026-08-01T16:12:00Z,c046,m009,3649
201,2026-08-01T16:13:00Z,c160,m034,14404
202,2026-08-01T16:15:00Z,c149,m022,983
203,2026-08-01T16:26:00Z,c012,c171,873
204,2026-08-01T16:31:00Z,c102,m028,5168
205,2026-08-01T16:33:00Z,c140,m013,2488
206,2026-08-01T16:34:00Z,c157,m000,4796
207,2026-08-01T16:37:00Z,c102,c151,4615
208,2026-08-01T16:39:00Z,c102,m011,11667
209,2026-08-01T16:43:00Z,c082,m026,400000
210,2026-08-01T16:43:00Z,c154,m037,7137
211,2026-08-01T16:44:00Z,c024,c044,5854
212,2026-08-01T16:46:00Z,c000,m039,16744
213,2026-08-01T16:47:00Z,c023,m038,2740
214,2026-08-01T16:52:00Z,c028,m037,784
215,2026-08-01T16:53:00Z,c048,m006,7099
216,2026-08-01T17:01:00Z,c047,m020,11379
217,2026-08-01T17:03:00Z,c116,m022,1963
218,2026-08-01T17:09:00Z,c000,m027,27350
219,2026-08-01T17:11:00Z,c024,m010,2352
220,2026-08-01T17:15:00Z,c083,m012,2242
221,2026-08-01T17:22:00Z,c160,c153,6158
222,2026-08-01T17:24:00Z,c003,m032,1239
223,2026-08-01T17:24:00Z,c080,m034,4222
224,2026-08-01T17:28:00Z,c080,m036,3894
225,2026-08-01T17:33:00Z,c136,m035,11460
226,2026-08-01T17:36:00Z,c080,c151,1983
227,2026-08-01T17:36:00Z,c080,m036,2798
228,2026-08-01T17:37:00Z,c072,m015,6582
229,2026-08-01T17:37:00Z,c084,m028,13594
230,2026-08-01T17:39:00Z,c084,m004,8154
231,2026-08-01T17:41:00Z,c082,m009,9680
232,2026-08-01T17:42:00Z,c175,m018,1801
233,2026-08-01T17:47:00Z,c084,m037,11645
234,2026-08-01T17:47:00Z,c175,m000,1036
235,2026-08-01T17:50:00Z,c012,c153,1388
236,2026-08-01T17:54:00Z,c140,m013,4924
237,2026-08-01T17:58:00Z,c167,m036,24310
238,2026-08-01T17:59:00Z,c136,m026,14391
239,2026-08-01T18:00:00Z,c108,c095,60000
240,2026-08-01T18:00:00Z,c114,m034,24945
241,2026-08-01T18:02:00Z,c062,m004,12840
242,2026-08-01T18:03:00Z,c007,m036,10929
243,2026-08-01T18:07:00Z,c047,c065,4089
244,2026-08-01T18:07:00Z,c136,c120,11228
245,2026-08-01T18:08:00Z,c167,c133,14098
246,2026-08-01T18:11:00Z,c130,m001,24698
247,2026-08-01T18:13:00Z,c142,c075,15048
248,2026-08-01T18:15:00Z,c044,m033,3580
249,2026-08-01T18:18:00Z,c167,m026,9911
250,2026-08-01T18:25:00Z,c160,c153,14878
251,2026-08-01T18:31:00Z,c007,m002,26496
252,2026-08-01T18:36:00Z,c146,m008,21310
253,2026-08-01T18:38:00Z,c148,c098,23387
254,2026-08-01T18:39:00Z,c054,m010,3253
255,2026-08-01T18:59:00Z,c036,m032,9909
256,2026-08-01T19:00:00Z,c112,m005,7049
257,2026-08-01T19:02:00Z,c051,m032,8193
258,2026-08-01T19:02:00Z,c160,m034,11771
259,2026-08-01T19:21:00Z,c160,m011,13068
260,2026-08-01T19:28:00Z,c175,c009,953
261,2026-08-01T19:29:00Z,c156,c045,7973
262,2026-08-01T19:32:00Z,c096,c037,29571
263,2026-08-01T19:33:00Z,c156,m022,16866
264,2026-08-01T19:39:00Z,c160,m034,17363
265,2026-08-01T19:40:00Z,c025,m022,26166
266,2026-08-01T19:45:00Z,c118,c086,2311
267,2026-08-01T19:51:00Z,c156,c045,18637
268,2026-08-01T19:52:00Z,c128,m014,709
269,2026-08-01T19:54:00Z,c140,m013,4998
270,2026-08-01T19:59:00Z,c091,m021,7540
271,2026-08-01T20:03:00Z,c130,m025,19048
272,2026-08-01T20:03:00Z,c147,c112,21610
273,2026-08-01T20:07:00Z,c147,m021,17245
274,2026-08-01T20:07:00Z,c147,m030,10817
275,2026-08-01T20:09:00Z,c055,c162,1734
276,2026-08-01T20:12:00Z,c147,m002,27801
277,2026-08-01T20:19:00Z,c147,m032,22573
278,2026-08-01T20:24:00Z,c140,m009,6051
279,2026-08-01T20:25:00Z,c176,c064,13011
280,2026-08-01T20:27:00Z,c077,m035,30275
281,2026-08-01T20:34:00Z,c062,m011,25851
282,2026-08-01T20:37:00Z,c118,m009,1409
283,2026-08-01T20:39:00Z,c118,m027,1007
284,2026-08-01T20:49:00Z,c018,m022,38790
285,2026-08-01T21:11:00Z,c173,m012,3295
286,2026-08-01T21:29:00Z,c173,m012,8535
287,2026-08-01T21:32:00Z,c049,m015,2943
288,2026-08-01T21:37:00Z,c178,m039,4655
289,2026-08-01T21:40:00Z,c178,c154,6212
290,2026-08-01T21:47:00Z,c178,m035,10984
291,2026-08-01T21:51:00Z,c161,m015,7604
292,2026-08-01T21:55:00Z,c178,m011,5797
293,2026-08-01T21:57:00Z,c178,m009,6119
294,2026-08-01T22:01:00Z,c178,m039,4895
295,2026-08-01T22:26:00Z,c152,m017,12611
296,2026-08-01T22:28:00Z,c142,c075,24327
297,2026-08-01T22:30:00Z,c152,m020,19776
298,2026-08-01T22:32:00Z,c152,m036,21116
299,2026-08-01T22:38:00Z,c152,c043,11341
300,2026-08-01T22:47:00Z,c091,m013,4272
301,2026-08-01T23:52:00Z,c055,m029,3047
302,2026-08-02T00:51:00Z,c077,m003,27749
303,2026-08-02T04:07:00Z,c135,m037,8504
304,2026-08-02T04:10:00Z,c045,c018,2904
305,2026-08-02T04:21:00Z,c045,c018,2573
306,2026-08-02T04:29:00Z,c008,m032,4362
307,2026-08-02T04:56:00Z,c045,m000,1644
308,2026-08-02T05:35:00Z,c169,m039,15874
309,2026-08-02T05:44:00Z,c053,m013,400000
310,2026-08-02T05:48:00Z,c032,m002,3693
311,2026-08-02T06:31:00Z,c031,m002,3158
312,2026-08-02T06:31:00Z,c093,m007,563
313,2026-08-02T06:38:00Z,c057,c084,2903
314,2026-08-02T06:40:00Z,c065,m010,400000
315,2026-08-02T06:49:00Z,c135,m029,11213
316,2026-08-02T06:50:00Z,c053,m034,22615
317,2026-08-02T06:57:00Z,c042,m007,7055
318,2026-08-02T07:05:00Z,c098,m032,5800
319,2026-08-02T07:21:00Z,c126,m006,4903
320,2026-08-02T07:23:00Z,c138,m028,10677
321,2026-08-02T07:28:00Z,c169,m039,31355
322,2026-08-02T07:35:00Z,c166,m015,2108
323,2026-08-02T07:43:00Z,c030,m020,2301
324,2026-08-02T07:48:00Z,c093,m037,1732
325,2026-08-02T07:52:00Z,c078,m031,1473
326,2026-08-02T07:55:00Z,c127,m030,10344
327,2026-08-02T07:58:00Z,c043,m032,12206
328,2026-08-02T08:02:00Z,c005,m011,7849
329,2026-08-02T08:05:00Z,c005,c018,3188
330,2026-08-02T08:07:00Z,c098,m032,8892
331,2026-08-02T08:08:00Z,c005,m009,3324
332,2026-08-02T08:13:00Z,c138,c003,18666
333,2026-08-02T08:27:00Z,c169,m007,21904
334,2026-08-02T08:31:00Z,c038,c144,1764
335,2026-08-02T08:31:00Z,c166,m004,793
336,2026-08-02T08:33:00Z,c031,m026,11543
337,2026-08-02T08:33:00Z,c038,m002,3218
338,2026-08-02T08:36:00Z,c158,m033,1392
339,2026-08-02T08:39:00Z,c002,c048,7502
340,2026-08-02T08:41:00Z,c119,m011,1711
341,2026-08-02T08:42:00Z,c124,m003,18486
342,2026-08-02T08:46:00Z,c171,c156,240000
343,2026-08-02T08:48:00Z,c120,m029,11588
344,2026-08-02T08:51:00Z,c041,m029,4898
345,2026-08-02T08:54:00Z,c107,m038,1782
346,2026-08-02T08:59:00Z,c078,m001,4676
347,2026-08-02T09:00:00Z,c093,m022,1987
348,2026-08-02T09:06:00Z,c032,c083,2579
349,2026-08-02T09:06:00Z,c050,c063,2384
350,2026-08-02T09:08:00Z,c042,m007,15543
351,2026-08-02T09:10:00Z,c050,c005,9100
352,2026-08-02T09:15:00Z,c127,c061,6601
353,2026-08-02T09:16:00Z,c050,m001,6388
354,2026-08-02T09:20:00Z,c119,m013,2417
355,2026-08-02T09:22:00Z,c098,m010,6962
356,2026-08-02T09:23:00Z,c078,c021,8155
357,2026-08-02T09:24:00Z,c050,m035,2855
358,2026-08-02T09:28:00Z,c127,m030,15495
359,2026-08-02T09:30:00Z,c177,m013,8257
360,2026-08-02T09:40:00Z,c002,m039,5366
361,2026-08-02T09:50:00Z,c021,m038,7189
362,2026-08-02T09:51:00Z,c177,m011,1927
363,2026-08-02T09:59:00Z,c041,m029,4062
364,2026-08-02T09:59:00Z,c057,c059,1955
365,2026-08-02T10:06:00Z,c039,m036,9033
366,2026-08-02T10:07:00Z,c048,m022,3981
367,2026-08-02T10:11:00Z,c066,m029,9379
368,2026-08-02T10:16:00Z,c057,c059,1606
369,2026-08-02T10:16:00Z,c090,m017,26854
370,2026-08-02T10:18:00Z,c151,c088,2577
371,2026-08-02T10:20:00Z,c078,m024,2456
372,2026-08-02T10:22:00Z,c165,m015,4313
373,2026-08-02T10:25:00Z,c090,m024,13059
374,2026-08-02T10:35:00Z,c013,c090,18017
375,2026-08-02T10:36:00Z,c021,m026,9513
376,2026-08-02T10:37:00Z,c093,c083,1385
377,2026-08-02T10:38:00Z,c120,m001,11042
378,2026-08-02T10:44:00Z,c153,m013,400000
379,2026-08-02T10:49:00Z,c009,m011,4115
380,2026-08-02T10:50:00Z,c153,m013,29267
381,2026-08-02T10:51:00Z,c070,m024,10208
382,2026-08-02T10:51:00Z,c162,m015,12094
383,2026-08-02T10:54:00Z,c153,c054,24892
384,2026-08-02T10:55:00Z,c133,m023,767
385,2026-08-02T10:59:00Z,c070,m036,6510
386,2026-08-02T11:05:00Z,c127,m030,3047
387,2026-08-02T11:06:00Z,c162,m026,10692
388,2026-08-02T11:08:00Z,c006,m031,14838
389,2026-08-02T11:09:00Z,c079,m006,6240
390,2026-08-02T11:09:00Z,c079,m006,18636
391,2026-08-02T11:11:00Z,c070,m024,9047
392,2026-08-02T11:19:00Z,c150,c166,13714
393,2026-08-02T11:27:00Z,c109,m022,1885
394,2026-08-02T11:29:00Z,c104,m017,9944
395,2026-08-02T11:33:00Z,c015,c060,16240
396,2026-08-02T11:33:00Z,c043,m036,38620
397,2026-08-02T11:37:00Z,c037,m006,17971
398,2026-08-02T11:38:00Z,c052,c030,4941
399,2026-08-02T11:39:00Z,c101,m010,12461
400,2026-08-02T11:40:00Z,c022,m009,423
401,2026-08-02T11:42:00Z,c103,m026,1677
402,2026-08-02T11:42:00Z,c151,m001,2706
403,2026-08-02T11:46:00Z,c048,m022,8110
404,2026-08-02T11:48:00Z,c122,m034,7837
405,2026-08-02T11:50:00Z,c079,m004,5707
406,2026-08-02T11:50:00Z,c103,m029,2341
407,2026-08-02T11:55:00Z,c057,c059,4106
408,2026-08-02T12:01:00Z,c021,m026,14353
409,2026-08-02T12:05:00Z,c149,c094,4400
410,2026-08-02T12:08:00Z,c078,m024,4658
411,2026-08-02T12:10:00Z,c052,m029,120000
412,2026-08-02T12:13:00Z,c111,m037,11680
413,2026-08-02T12:16:00Z,c176,c166,10087
414,2026-08-02T12:19:00Z,c170,m017,339
415,2026-08-02T12:21:00Z,c170,m011,1855
416,2026-08-02T12:23:00Z,c046,c064,4677
417,2026-08-02T12:24:00Z,c040,m005,27087
418,2026-08-02T12:24:00Z,c141,m010,1298
419,2026-08-02T12:25:00Z,c139,m028,14928
420,2026-08-02T12:26:00Z,c095,c022,3883
421,2026-08-02T12:28:00Z,c120,m009,19199
422,2026-08-02T12:28:00Z,c150,c071,14637
423,2026-08-02T12:30:00Z,c099,m007,2018
424,2026-08-02T12:30:00Z,c139,m038,22321
425,2026-08-02T12:31:00Z,c092,m016,2904
426,2026-08-02T12:33:00Z,c122,m026,5637
427,2026-08-02T12:39:00Z,c120,m004,18631
428,2026-08-02T12:39:00Z,c155,m025,1384
429,2026-08-02T12:40:00Z,c020,m031,15302
430,2026-08-02T12:43:00Z,c134,m034,19933
431,2026-08-02T12:45:00Z,c149,c090,1872
432,2026-08-02T12:46:00Z,c007,m002,23020
433,2026-08-02T12:49:00Z,c070,m024,4062
434,2026-08-02T13:00:00Z,c106,c055,8225
435,2026-08-02T13:01:00Z,c061,m029,15429
436,2026-08-02T13:05:00Z,c058,m001,11013
437,2026-08-02T13:05:00Z,c120,c073,20361
438,2026-08-02T13:06:00Z,c058,m002,6503
439,2026-08-02T13:10:00Z,c079,m023,5351
440,2026-08-02T13:13:00Z,c099,c011,1628
441,2026-08-02T13:20:00Z,c134,m034,20552
442,2026-08-02T13:21:00Z,c074,m036,4667
443,2026-08-02T13:21:00Z,c168,c091,17182
444,2026-08-02T13:36:00Z,c104,m036,15647
445,2026-08-02T13:40:00Z,c119,c128,619
446,2026-08-02T13:40:00Z,c149,c090,1152
447,2026-08-02T13:43:00Z,c127,m030,5170
448,2026-08-02T13:44:00Z,c037,m017,21890
449,2026-08-02T13:52:00Z,c058,c018,7207
450,2026-08-02T13:52:00Z,c076,m005,35021
451,2026-08-02T13:54:00Z,c061,m029,19931
452,2026-08-02T13:54:00Z,c162,m001,4890
453,2026-08-02T14:06:00Z,c035,c005,749
454,2026-08-02T14:08:00Z,c103,c176,842
455,2026-08-02T14:10:00Z,c035,m007,878
456,2026-08-02T14:10:00Z,c035,m029,1691
457,2026-08-02T14:10:00Z,c159,m013,1134
458,2026-08-02T14:14:00Z,c139,m034,7146
459,2026-08-02T14:15:00Z,c012,m021,2340
460,2026-08-02T14:17:00Z,c037,c061,14742
461,2026-08-02T14:21:00Z,c034,m034,8417
462,2026-08-02T14:24:00Z,c020,m020,11561
463,2026-08-02T14:25:00Z,c157,m032,17655
464,2026-08-02T14:28:00Z,c004,m031,1673
465,2026-08-02T14:34:00Z,c122,m028,6674
466,2026-08-02T14:36:00Z,c067,m035,1875
467,2026-08-02T14:39:00Z,c058,c018,5105
468,2026-08-02T14:41:00Z,c165,m009,2529
469,2026-08-02T14:45:00Z,c163,m036,2357
470,2026-08-02T14:52:00Z,c056,m010,15915
471,2026-08-02T14:52:00Z,c097,m024,1867
472,2026-08-02T14:55:00Z,c094,m004,10089
473,2026-08-02T14:56:00Z,c132,m039,13395
474,2026-08-02T15:06:00Z,c081,m024,1834
475,2026-08-02T15:12:00Z,c069,c075,2007
476,2026-08-02T15:13:00Z,c060,m022,12389
477,2026-08-02T15:16:00Z,c000,c039,21135
478,2026-08-02T15:16:00Z,c003,m016,50000
479,2026-08-02T15:16:00Z,c046,m004,3744
480,2026-08-02T15:16:00Z,c144,m023,7660
481,2026-08-02T15:18:00Z,c010,m009,4426
482,2026-08-02T15:21:00Z,c170,c124,942
483,2026-08-02T15:24:00Z,c071,m023,5389
484,2026-08-02T15:24:00Z,c108,m035,3117
485,2026-08-02T15:28:00Z,c037,c003,26732
486,2026-08-02T15:30:00Z,c064,m011,7462
487,2026-08-02T15:34:00Z,c061,m009,15059
488,2026-08-02T15:36:00Z,c143,m013,1509
489,2026-08-02T15:40:00Z,c058,m021,4349
490,2026-08-02T15:40:00Z,c122,m034,6443
491,2026-08-02T15:45:00Z,c142,m015,9634
492,2026-08-02T15:48:00Z,c029,c175,60000
493,2026-08-02T15:50:00Z,c084,m037,12344
494,2026-08-02T15:52:00Z,c074,m036,9512
495,2026-08-02T15:54:00Z,c064,m011,6843
496,2026-08-02T15:57:00Z,c068,m038,240000
497,2026-08-02T15:58:00Z,c101,c129,2950
498,2026-08-02T15:58:00Z,c103,c176,1035
499,2026-08-02T16:08:00Z,c161,m001,12496
500,2026-08-02T16:11:00Z,c046,m008,6528
501,2026-08-02T16:11:00Z,c155,c056,1594
502,2026-08-02T16:12:00Z,c011,c134,4861
503,2026-08-02T16:15:00Z,c160,c069,240000
504,2026-08-02T16:15:00Z,c160,m003,9466
505,2026-08-02T16:21:00Z,c116,m025,4262
506,2026-08-02T16:25:00Z,c068,m019,12762
507,2026-08-02T16:35:00Z,c062,m025,23580
508,2026-08-02T16:37:00Z,c116,m027,3399
509,2026-08-02T16:46:00Z,c037,c122,22687
510,2026-08-02T16:47:00Z,c168,m024,16221
511,2026-08-02T16:47:00Z,c176,c064,3518
512,2026-08-02T16:49:00Z,c108,m035,4117
513,2026-08-02T16:52:00Z,c074,c038,1956
514,2026-08-02T16:56:00Z,c084,c067,12698
515,2026-08-02T17:05:00Z,c086,m030,7405
516,2026-08-02T17:08:00Z,c011,m026,1297
517,2026-08-02T17:08:00Z,c176,m012,6252
518,2026-08-02T17:10:00Z,c033,m002,931
519,2026-08-02T17:11:00Z,c089,m037,11583
520,2026-08-02T17:15:00Z,c086,c020,7712
521,2026-08-02T17:24:00Z,c051,c006,6962
522,2026-08-02T17:24:00Z,c068,m030,11100
523,2026-08-02T17:29:00Z,c029,c178,4918
524,2026-08-02T17:32:00Z,c033,m035,1650
525,2026-08-02T17:33:00Z,c046,m008,2701
526,2026-08-02T17:36:00Z,c178,m037,3144
527,2026-08-02T17:42:00Z,c007,m036,14516
528,2026-08-02T17:45:00Z,c012,m021,919
529,2026-08-02T17:45:00Z,c017,m010,15496
530,2026-08-02T17:51:00Z,c091,c069,5015
531,2026-08-02T17:56:00Z,c014,c084,4028
532,2026-08-02T18:00:00Z,c014,c084,2489
533,2026-08-02T18:01:00Z,c014,m005,5559
534,2026-08-02T18:03:00Z,c148,m001,9318
535,2026-08-02T18:05:00Z,c014,m005,1711
536,2026-08-02T18:26:00Z,c128,m038,1974
537,2026-08-02T18:28:00Z,c047,c065,1871
538,2026-08-02T18:30:00Z,c128,c129,2374
539,2026-08-02T18:32:00Z,c175,c009,759
540,2026-08-02T18:37:00Z,c064,m003,5175
541,2026-08-02T18:38:00Z,c128,m038,2543
542,2026-08-02T18:44:00Z,c128,m021,4082
543,2026-08-02T19:06:00Z,c024,m035,3928
544,2026-08-02T19:07:00Z,c152,m017,12461
545,2026-08-02T19:23:00Z,c087,m031,32088
546,2026-08-02T19:29:00Z,c062,m022,3572
547,2026-08-02T19:32:00Z,c011,m025,903
548,2026-08-02T19:37:00Z,c112,m032,6140
549,2026-08-02T19:50:00Z,c125,m003,5121
550,2026-08-02T19:52:00Z,c082,m015,25285
551,2026-08-02T19:52:00Z,c116,m002,2089
552,2026-08-02T19:55:00Z,c010,c047,3546
553,2026-08-02T20:19:00Z,c025,c091,14517
554,2026-08-02T20:22:00Z,c025,c091,16550
555,2026-08-02T20:29:00Z,c025,c091,9764
556,2026-08-02T20:43:00Z,c123,m034,2003
557,2026-08-02T20:44:00Z,c010,m039,2166
558,2026-08-02T20:46:00Z,c091,m013,4388
559,2026-08-02T20:51:00Z,c147,c104,10569
560,2026-08-02T20:51:00Z,c178,m011,6857
561,2026-08-02T20:54:00Z,c125,m029,9816
562,2026-08-02T20:54:00Z,c172,m032,810
563,2026-08-02T21:03:00Z,c154,m016,1809
564,2026-08-02T21:05:00Z,c062,m004,14657
565,2026-08-02T21:07:00Z,c010,m003,7112
566,2026-08-02T21:14:00Z,c026,m027,5634
567,2026-08-02T21:16:00Z,c075,m029,19834
568,2026-08-02T21:16:00Z,c142,m005,240000
569,2026-08-02T21:19:00Z,c096,m003,10866
570,2026-08-02T21:59:00Z,c123,m034,4378
571,2026-08-02T22:12:00Z,c096,m006,17282
572,2026-08-02T22:33:00Z,c026,m038,2619
573,2026-08-02T22:38:00Z,c072,c071,8562
574,2026-08-02T22:38:00Z,c152,m036,12977
575,2026-08-02T22:38:00Z,c167,c133,9323
576,2026-08-02T22:58:00Z,c125,m031,3542
577,2026-08-03T00:51:00Z,c154,m016,2870
578,2026-08-03T00:51:00Z,c172,m038,1513
579,2026-08-03T01:15:00Z,c049,c040,1898
580,2026-08-03T03:49:00Z,c021,m038,9021
581,2026-08-03T04:46:00Z,c045,m039,1746
582,2026-08-03T04:57:00Z,c171,m031,11127
583,2026-08-03T05:10:00Z,c137,m005,2785
584,2026-08-03T05:18:00Z,c166,m033,2001
585,2026-08-03T05:33:00Z,c169,m012,18893
586,2026-08-03T05:35:00Z,c121,m007,11606
587,2026-08-03T06:05:00Z,c076,m016,27366
588,2026-08-03T06:16:00Z,c163,c017,4542
589,2026-08-03T06:18:00Z,c093,m024,1354
590,2026-08-03T06:38:00Z,c100,c063,3463
591,2026-08-03T06:41:00Z,c038,m023,2327
592,2026-08-03T06:45:00Z,c135,m025,16214
593,2026-08-03T06:46:00Z,c008,m032,3342
594,2026-08-03T06:47:00Z,c021,m002,15219
595,2026-08-03T06:47:00Z,c076,m016,17599
596,2026-08-03T06:50:00Z,c078,m011,4538
597,2026-08-03T06:52:00Z,c078,m001,1570
598,2026-08-03T06:56:00Z,c093,m008,1446
599,2026-08-03T07:06:00Z,c093,m027,920
600,2026-08-03T07:06:00Z,c098,m032,5016
601,2026-08-03T07:13:00Z,c093,m024,2165
602,2026-08-03T07:15:00Z,c065,m030,19406
603,2026-08-03T07:16:00Z,c095,c022,1967
604,2026-08-03T07:20:00Z,c103,m026,1129
605,2026-08-03T07:22:00Z,c105,m013,973
606,2026-08-03T07:28:00Z,c005,m023,4105
607,2026-08-03T07:37:00Z,c016,m037,3189
608,2026-08-03T07:41:00Z,c032,m022,571
609,2026-08-03T07:43:00Z,c060,m032,15564
610,2026-08-03T07:46:00Z,c169,m039,29613
611,2026-08-03T07:47:00Z,c032,m011,1561
612,2026-08-03T07:49:00Z,c032,m002,2256
613,2026-08-03T07:55:00Z,c169,m012,36252
614,2026-08-03T07:58:00Z,c002,m014,9468
615,2026-08-03T07:59:00Z,c126,c029,7998
616,2026-08-03T08:09:00Z,c002,m029,4845
617,2026-08-03T08:10:00Z,c043,m018,18054
618,2026-08-03T08:38:00Z,c093,m007,1183
619,2026-08-03T08:43:00Z,c021,m002,8665
620,2026-08-03T08:47:00Z,c099,m011,677
621,2026-08-03T08:52:00Z,c008,m016,2737
622,2026-08-03T08:59:00Z,c042,c128,17910
623,2026-08-03T09:02:00Z,c098,m032,4981
624,2026-08-03T09:03:00Z,c042,m001,47528
625,2026-08-03T09:04:00Z,c070,m036,7716
626,2026-08-03T09:05:00Z,c042,m013,20713
627,2026-08-03T09:10:00Z,c109,m028,1976
628,2026-08-03T09:14:00Z,c109,m038,1194
629,2026-08-03T09:16:00Z,c109,m035,1552
630,2026-08-03T09:16:00Z,c165,c044,1751
631,2026-08-03T09:17:00Z,c016,m005,2318
632,2026-08-03T09:21:00Z,c057,m039,1971
633,2026-08-03T09:27:00Z,c005,m011,9259
634,2026-08-03T09:28:00Z,c109,c177,1704
635,2026-08-03T09:29:00Z,c053,m017,10379
636,2026-08-03T09:40:00Z,c041,m000,2926
637,2026-08-03T09:46:00Z,c153,m009,24476
638,2026-08-03T09:47:00Z,c137,m038,1793
639,2026-08-03T09:48:00Z,c029,m037,4072
640,2026-08-03T09:48:00Z,c166,m004,1540
641,2026-08-03T09:50:00Z,c135,m034,15307
642,2026-08-03T09:55:00Z,c163,m029,3104
643,2026-08-03T10:06:00Z,c103,m026,1378
644,2026-08-03T10:07:00Z,c110,m037,9305
645,2026-08-03T10:11:00Z,c027,c002,50000
646,2026-08-03T10:12:00Z,c095,m012,3312
647,2026-08-03T10:13:00Z,c027,m016,1712
648,2026-08-03T10:17:00Z,c098,m033,6492
649,2026-08-03T10:21:00Z,c019,m031,16478
650,2026-08-03T10:21:00Z,c027,m024,1299
651,2026-08-03T10:24:00Z,c095,c022,1887
652,2026-08-03T10:25:00Z,c090,m024,33151
653,2026-08-03T10:35:00Z,c001,c133,8139
654,2026-08-03T10:38:00Z,c030,c038,50000
655,2026-08-03T10:43:00Z,c092,c176,1025
656,2026-08-03T10:45:00Z,c005,m011,8106
657,2026-08-03T10:45:00Z,c066,c158,4083
658,2026-08-03T10:46:00Z,c004,c166,2885
659,2026-08-03T10:49:00Z,c006,m031,14218
660,2026-08-03T10:52:00Z,c004,m028,3439
661,2026-08-03T10:52:00Z,c105,m013,3147
662,2026-08-03T10:55:00Z,c037,c122,9835
663,2026-08-03T10:56:00Z,c000,m039,71586
664,2026-08-03T10:57:00Z,c017,m000,10250
665,2026-08-03T10:57:00Z,c120,m028,6255
666,2026-08-03T10:58:00Z,c053,m025,22500
667,2026-08-03T10:59:00Z,c043,m002,9593
668,2026-08-03T11:03:00Z,c000,m036,26773
669,2026-08-03T11:03:00Z,c009,m024,1958
670,2026-08-03T11:13:00Z,c000,m039,35933
671,2026-08-03T11:17:00Z,c127,m000,3325
672,2026-08-03T11:23:00Z,c163,m029,2758
673,2026-08-03T11:26:00Z,c158,m033,1591
674,2026-08-03T11:30:00Z,c158,m025,2184
675,2026-08-03T11:30:00Z,c158,m028,1289
676,2026-08-03T11:37:00Z,c119,m036,789
677,2026-08-03T11:41:00Z,c053,m001,20794
678,2026-08-03T11:41:00Z,c158,m025,1067
679,2026-08-03T11:45:00Z,c139,m026,14469
680,2026-08-03T11:46:00Z,c037,c003,25187
681,2026-08-03T11:47:00Z,c138,m028,13240
682,2026-08-03T11:48:00Z,c034,m014,25111
683,2026-08-03T11:50:00Z,c001,c133,10651
684,2026-08-03T11:50:00Z,c138,m037,20825
685,2026-08-03T11:52:00Z,c034,m019,12034
686,2026-08-03T11:52:00Z,c034,m022,8844
687,2026-08-03T11:53:00Z,c138,m028,16209
688,2026-08-03T11:56:00Z,c065,m030,26682
689,2026-08-03T12:01:00Z,c120,m004,10377
690,2026-08-03T12:07:00Z,c101,c022,4658
691,2026-08-03T12:08:00Z,c092,m037,1617
692,2026-08-03T12:08:00Z,c153,m025,32081
693,2026-08-03T12:10:00Z,c101,m018,6311
694,2026-08-03T12:13:00Z,c101,c022,8127
695,2026-08-03T12:13:00Z,c101,c129,4702
696,2026-08-03T12:14:00Z,c035,m011,1080
697,2026-08-03T12:16:00Z,c035,m037,1191
698,2026-08-03T12:21:00Z,c092,c176,2081
699,2026-08-03T12:26:00Z,c074,c038,7627
700,2026-08-03T12:28:00Z,c000,m036,25181
701,2026-08-03T12:43:00Z,c153,m009,28536
702,2026-08-03T12:45:00Z,c022,m031,1774
703,2026-08-03T12:45:00Z,c074,m036,7543
704,2026-08-03T12:47:00Z,c022,m035,1974
705,2026-08-03T12:50:00Z,c126,m006,6691
706,2026-08-03T12:51:00Z,c150,m028,10730
707,2026-08-03T12:51:00Z,c162,c161,23946
708,2026-08-03T12:53:00Z,c022,m035,1166
709,2026-08-03T12:53:00Z,c111,m039,13122
710,2026-08-03T12:54:00Z,c006,m016,10505
711,2026-08-03T12:54:00Z,c162,m038,14083
712,2026-08-03T12:55:00Z,c162,m026,13609
713,2026-08-03T13:02:00Z,c052,c030,5892
714,2026-08-03T13:06:00Z,c000,c018,10081
715,2026-08-03T13:08:00Z,c117,m009,3501
716,2026-08-03T13:09:00Z,c113,m010,2182
717,2026-08-03T13:12:00Z,c146,m023,13486
718,2026-08-03T13:13:00Z,c114,m029,32187
719,2026-08-03T13:17:00Z,c144,m038,4320
720,2026-08-03T13:18:00Z,c150,m032,10525
721,2026-08-03T13:27:00Z,c020,c058,34248
722,2026-08-03T13:30:00Z,c149,m003,2372
723,2026-08-03T13:31:00Z,c033,m002,1364
724,2026-08-03T13:40:00Z,c030,m021,1357
725,2026-08-03T13:45:00Z,c168,c091,22904
726,2026-08-03T13:50:00Z,c133,c155,1546
727,2026-08-03T13:51:00Z,c122,c144,4277
728,2026-08-03T13:51:00Z,c127,m000,3890
729,2026-08-03T13:52:00Z,c099,m007,1824
730,2026-08-03T13:52:00Z,c108,m035,4047
731,2026-08-03T13:53:00Z,c175,m028,738
732,2026-08-03T13:54:00Z,c122,m010,3706
733,2026-08-03T13:56:00Z,c052,m026,11648
734,2026-08-03T13:56:00Z,c127,m014,3911
735,2026-08-03T13:57:00Z,c122,m010,3738
736,2026-08-03T13:59:00Z,c159,m005,2325
737,2026-08-03T14:06:00Z,c175,c009,1497
738,2026-08-03T14:12:00Z,c023,m013,1515
739,2026-08-03T14:15:00Z,c117,m028,10035
740,2026-08-03T14:27:00Z,c114,c154,400000
741,2026-08-03T14:28:00Z,c069,m011,882
742,2026-08-03T14:30:00Z,c030,m021,1041
743,2026-08-03T14:35:00Z,c174,m032,1646
744,2026-08-03T14:36:00Z,c033,c084,1745
745,2026-08-03T14:37:00Z,c089,m039,13756
746,2026-08-03T14:40:00Z,c155,c056,778
747,2026-08-03T14:41:00Z,c029,m007,2404
748,2026-08-03T14:43:00Z,c104,m036,8708
749,2026-08-03T14:44:00Z,c050,c063,6787
750,2026-08-03T14:46:00Z,c102,m028,14132
751,2026-08-03T14:49:00Z,c136,m003,12909
752,2026-08-03T14:55:00Z,c069,m006,1721
753,2026-08-03T15:03:00Z,c179,c080,2583
754,2026-08-03T15:04:00Z,c051,m015,9749
755,2026-08-03T15:04:00Z,c061,c055,23612
756,2026-08-03T15:06:00Z,c179,c080,799
757,2026-08-03T15:08:00Z,c086,m021,3786
758,2026-08-03T15:10:00Z,c156,m023,34443
759,2026-08-03T15:12:00Z,c179,m024,1386
760,2026-08-03T15:15:00Z,c179,m031,1870
761,2026-08-03T15:16:00Z,c012,m038,2101
762,2026-08-03T15:16:00Z,c156,m022,21895
763,2026-08-03T15:20:00Z,c113,m021,1495
764,2026-08-03T15:23:00Z,c159,c060,1663
765,2026-08-03T15:25:00Z,c107,m039,579
766,2026-08-03T15:34:00Z,c130,c095,12275
767,2026-08-03T15:38:00Z,c130,m025,17298
768,2026-08-03T15:40:00Z,c134,m006,27424
769,2026-08-03T15:42:00Z,c134,m006,34159
770,2026-08-03T15:43:00Z,c023,m039,1173
771,2026-08-03T15:43:00Z,c130,m001,12335
772,2026-08-03T15:44:00Z,c036,c077,15597
773,2026-08-03T15:44:00Z,c130,m024,21691
774,2026-08-03T15:49:00Z,c167,m026,8820
775,2026-08-03T15:52:00Z,c134,m028,17591
776,2026-08-03T15:53:00Z,c094,m010,50127
777,2026-08-03T15:55:00Z,c046,c064,3838
778,2026-08-03T15:57:00Z,c088,c173,16214
779,2026-08-03T15:58:00Z,c035,m029,1726
780,2026-08-03T15:58:00Z,c130,c095,5785
781,2026-08-03T15:59:00Z,c113,c011,1133
782,2026-08-03T16:03:00Z,c136,c120,15402
783,2026-08-03T16:05:00Z,c161,m015,3147
784,2026-08-03T16:10:00Z,c094,m021,24852
785,2026-08-03T16:12:00Z,c150,m018,10229
786,2026-08-03T16:13:00Z,c074,c038,10658
787,2026-08-03T16:13:00Z,c080,m036,3690
788,2026-08-03T16:15:00Z,c044,m038,1657
789,2026-08-03T16:17:00Z,c144,m006,8720
790,2026-08-03T16:19:00Z,c080,m023,2271
791,2026-08-03T16:22:00Z,c118,c106,2277
792,2026-08-03T16:23:00Z,c033,m004,916
793,2026-08-03T16:25:00Z,c068,m038,8560
794,2026-08-03T16:25:00Z,c080,m023,2584
795,2026-08-03T16:26:00Z,c154,c009,5985
796,2026-08-03T16:31:00Z,c048,c127,5949
797,2026-08-03T16:31:00Z,c154,m037,7849
798,2026-08-03T16:36:00Z,c048,m023,8817
799,2026-08-03T16:37:00Z,c048,m010,9553
800,2026-08-03T16:41:00Z,c059,m021,22898
801,2026-08-03T16:47:00Z,c054,m010,1364
802,2026-08-03T16:48:00Z,c146,m039,10285
803,2026-08-03T16:51:00Z,c069,c050,1999
804,2026-08-03T16:52:00Z,c061,m014,13044
805,2026-08-03T16:56:00Z,c089,m014,8946
806,2026-08-03T16:58:00Z,c059,m002,14128
807,2026-08-03T17:04:00Z,c173,m013,5709
808,2026-08-03T17:05:00Z,c082,c039,13601
809,2026-08-03T17:06:00Z,c074,c171,9303
810,2026-08-03T17:08:00Z,c167,m036,9502
811,2026-08-03T17:15:00Z,c014,c084,1634
812,2026-08-03T17:16:00Z,c059,m032,19914
813,2026-08-03T17:29:00Z,c174,m038,1223
814,2026-08-03T17:33:00Z,c024,c083,4853
815,2026-08-03T17:36:00Z,c018,m026,29324
816,2026-08-03T17:36:00Z,c102,m028,7119
817,2026-08-03T17:36:00Z,c168,c112,17145
818,2026-08-03T17:39:00Z,c082,m009,10422
819,2026-08-03T17:41:00Z,c018,m024,14022
820,2026-08-03T17:42:00Z,c094,m038,16492
821,2026-08-03T17:46:00Z,c018,c170,13837
822,2026-08-03T17:46:00Z,c069,c075,1559
823,2026-08-03T17:50:00Z,c014,c084,2689
824,2026-08-03T17:51:00Z,c083,m009,1155
825,2026-08-03T17:54:00Z,c150,m022,9748
826,2026-08-03T17:57:00Z,c146,m023,19246
827,2026-08-03T17:58:00Z,c026,m002,6426
828,2026-08-03T18:03:00Z,c012,c171,1085
829,2026-08-03T18:08:00Z,c003,c166,977
830,2026-08-03T18:08:00Z,c010,m003,4703
831,2026-08-03T18:10:00Z,c003,m026,50000
832,2026-08-03T18:12:00Z,c003,m026,2317
833,2026-08-03T18:12:00Z,c010,c047,1973
834,2026-08-03T18:13:00Z,c010,m009,4925
835,2026-08-03T18:13:00Z,c047,c089,5232
836,2026-08-03T18:14:00Z,c003,m026,1364
837,2026-08-03T18:16:00Z,c010,m022,1809
838,2026-08-03T18:17:00Z,c010,m023,5043
839,2026-08-03T18:18:00Z,c047,c089,3678
840,2026-08-03T18:19:00Z,c132,c146,13970
841,2026-08-03T18:23:00Z,c047,c069,8118
842,2026-08-03T18:28:00Z,c149,c090,1345
843,2026-08-03T18:34:00Z,c142,m015,7225
844,2026-08-03T18:42:00Z,c051,m032,2790
845,2026-08-03T18:44:00Z,c128,m036,1445
846,2026-08-03T18:45:00Z,c068,m038,4676
847,2026-08-03T18:54:00Z,c152,m032,25245
848,2026-08-03T18:58:00Z,c068,c102,16966
849,2026-08-03T18:58:00Z,c152,c043,10088
850,2026-08-03T18:59:00Z,c152,c104,9183
851,2026-08-03T19:04:00Z,c028,m031,661
852,2026-08-03T19:06:00Z,c028,c007,5442
853,2026-08-03T19:08:00Z,c087,m024,28845
854,2026-08-03T19:10:00Z,c028,c007,1972
855,2026-08-03T19:26:00Z,c125,m035,3906
856,2026-08-03T19:29:00Z,c073,m013,19452
857,2026-08-03T19:30:00Z,c155,m025,604
858,2026-08-03T19:31:00Z,c125,m035,8409
859,2026-08-03T19:34:00Z,c125,m029,9539
860,2026-08-03T19:35:00Z,c125,m001,3712
861,2026-08-03T19:38:00Z,c088,m021,240000
862,2026-08-03T19:42:00Z,c125,m028,6751
863,2026-08-03T19:48:00Z,c155,m027,2098
864,2026-08-03T20:01:00Z,c072,m027,15336
865,2026-08-03T20:04:00Z,c072,c097,6780
866,2026-08-03T20:04:00Z,c112,m015,5191
867,2026-08-03T20:11:00Z,c072,m027,7744
868,2026-08-03T20:20:00Z,c102,c151,9972
869,2026-08-03T20:28:00Z,c173,m012,5110
870,2026-08-03T20:29:00Z,c096,m006,24608
871,2026-08-03T20:39:00Z,c062,m025,16525
872,2026-08-03T20:42:00Z,c118,m009,1673
873,2026-08-03T21:04:00Z,c087,m019,20323
874,2026-08-03T21:10:00Z,c049,m019,1282
875,2026-08-03T21:14:00Z,c036,m032,10090
876,2026-08-03T21:14:00Z,c091,m024,5103
877,2026-08-03T21:18:00Z,c091,m024,7802
878,2026-08-03T21:20:00Z,c091,m024,3318
879,2026-08-03T21:30:00Z,c178,m027,12699
880,2026-08-03T21:33:00Z,c082,c039,14492
881,2026-08-03T21:34:00Z,c178,m035,9799
882,2026-08-03T21:42:00Z,c178,m039,8098
883,2026-08-03T21:53:00Z,c173,m008,3851
884,2026-08-03T21:54:00Z,c173,c047,6287
885,2026-08-03T21:56:00Z,c073,m004,10667
886,2026-08-03T22:20:00Z,c055,m018,3098
887,2026-08-03T22:26:00Z,c055,m018,3416
888,2026-08-03T22:28:00Z,c055,m024,3773
889,2026-08-03T22:30:00Z,c025,c070,8840
890,2026-08-03T22:51:00Z,c148,c046,27535
891,2026-08-03T23:51:00Z,c160,m000,5072
892,2026-08-04T00:07:00Z,c172,m038,1545
893,2026-08-04T03:19:00Z,c095,m025,3070
894,2026-08-04T05:00:00Z,c016,c025,10640
895,2026-08-04T05:21:00Z,c057,c016,4048
896,2026-08-04T05:38:00Z,c098,m010,120000
897,2026-08-04T05:41:00Z,c027,c126,1222
898,2026-08-04T05:53:00Z,c016,m037,4845
899,2026-08-04T05:57:00Z,c005,m011,4248
900,2026-08-04T06:39:00Z,c063,m022,4035
901,2026-08-04T06:51:00Z,c079,m018,10067
902,2026-08-04T07:24:00Z,c138,m009,18090
903,2026-08-04T07:39:00Z,c063,m011,2990
904,2026-08-04T07:44:00Z,c045,m000,4306
905,2026-08-04T07:44:00Z,c053,m017,48010
906,2026-08-04T07:50:00Z,c045,c018,3668
907,2026-08-04T07:50:00Z,c045,m025,1647
908,2026-08-04T07:51:00Z,c131,m010,13081
909,2026-08-04T07:53:00Z,c001,m016,17438
910,2026-08-04T07:56:00Z,c100,m017,3402
911,2026-08-04T08:03:00Z,c169,m007,25282
912,2026-08-04T08:13:00Z,c008,c063,6112
913,2026-08-04T08:13:00Z,c170,m024,1008
914,2026-08-04T08:18:00Z,c169,m014,24034
915,2026-08-04T08:20:00Z,c043,m022,240000
916,2026-08-04T08:22:00Z,c016,c025,6443
917,2026-08-04T08:23:00Z,c021,m015,18964
918,2026-08-04T08:27:00Z,c005,m023,2168
919,2026-08-04T08:28:00Z,c119,c128,1042
920,2026-08-04T08:29:00Z,c151,c038,5815
921,2026-08-04T08:31:00Z,c169,m014,8057
922,2026-08-04T08:33:00Z,c078,c054,2343
923,2026-08-04T08:36:00Z,c085,m003,2064
924,2026-08-04T08:40:00Z,c032,m006,741
925,2026-08-04T08:42:00Z,c177,m020,4719
926,2026-08-04T08:43:00Z,c001,m000,13840
927,2026-08-04T08:43:00Z,c032,m039,1775
928,2026-08-04T08:43:00Z,c135,c116,23074
929,2026-08-04T08:48:00Z,c032,m011,1674
930,2026-08-04T08:55:00Z,c001,m033,7041
931,2026-08-04T08:55:00Z,c032,m028,1202
932,2026-08-04T08:59:00Z,c137,m004,4675
933,2026-08-04T09:00:00Z,c171,c156,9879
934,2026-08-04T09:04:00Z,c166,m004,760
935,2026-08-04T09:06:00Z,c050,c005,4311
936,2026-08-04T09:07:00Z,c027,c002,1258
937,2026-08-04T09:09:00Z,c038,c144,3968
938,2026-08-04T09:09:00Z,c050,c089,3832
939,2026-08-04T09:10:00Z,c050,m001,5976
940,2026-08-04T09:12:00Z,c065,m030,19028
941,2026-08-04T09:16:00Z,c005,m011,8436
942,2026-08-04T09:18:00Z,c050,c063,10859
943,2026-08-04T09:19:00Z,c108,m026,60000
944,2026-08-04T09:19:00Z,c121,m025,7280
945,2026-08-04T09:22:00Z,c078,c021,2484
946,2026-08-04T09:24:00Z,c050,m033,5560
947,2026-08-04T09:37:00Z,c065,c137,400000
948,2026-08-04T10:02:00Z,c000,m036,21406
949,2026-08-04T10:03:00Z,c030,m020,2293
950,2026-08-04T10:04:00Z,c030,m037,984
951,2026-08-04T10:04:00Z,c166,m015,4218
952,2026-08-04T10:09:00Z,c065,c038,12569
953,2026-08-04T10:10:00Z,c119,m020,762
954,2026-08-04T10:14:00Z,c133,m022,1182
955,2026-08-04T10:15:00Z,c120,c078,8942
956,2026-08-04T10:17:00Z,c053,m025,20414
957,2026-08-04T10:19:00Z,c133,m009,902
958,2026-08-04T10:25:00Z,c137,m038,3215
959,2026-08-04T10:30:00Z,c169,m012,11512
960,2026-08-04T10:33:00Z,c060,m025,9443
961,2026-08-04T10:36:00Z,c137,c110,2505
962,2026-08-04T10:37:00Z,c157,m000,14275
963,2026-08-04T10:44:00Z,c058,m021,8636
964,2026-08-04T10:45:00Z,c120,c166,12619
965,2026-08-04T10:46:00Z,c103,c176,1658
966,2026-08-04T10:47:00Z,c066,c158,4800
967,2026-08-04T11:01:00Z,c042,m001,14335
968,2026-08-04T11:01:00Z,c042,m001,37315
969,2026-08-04T11:01:00Z,c058,m021,120000
970,2026-08-04T11:07:00Z,c108,c095,2324
971,2026-08-04T11:11:00Z,c120,m028,6363
972,2026-08-04T11:13:00Z,c107,c087,1442
973,2026-08-04T11:15:00Z,c035,m029,883
974,2026-08-04T11:15:00Z,c162,m022,11110
975,2026-08-04T11:20:00Z,c019,m012,14620
976,2026-08-04T11:21:00Z,c070,m024,4287
977,2026-08-04T11:22:00Z,c159,m035,543
978,2026-08-04T11:26:00Z,c019,m008,45907
979,2026-08-04T11:28:00Z,c035,m029,2074
980,2026-08-04T11:29:00Z,c058,m021,5153
981,2026-08-04T11:30:00Z,c019,m008,27228
982,2026-08-04T11:32:00Z,c141,m010,1484
983,2026-08-04T11:32:00Z,c143,c121,1874
984,2026-08-04T11:33:00Z,c005,c076,4163
985,2026-08-04T11:35:00Z,c078,c054,3596
986,2026-08-04T11:37:00Z,c124,m029,17815
987,2026-08-04T11:40:00Z,c035,m037,2437
988,2026-08-04T11:42:00Z,c170,c053,2055
989,2026-08-04T11:47:00Z,c119,m013,2594
990,2026-08-04T11:48:00Z,c119,m011,2031
991,2026-08-04T11:52:00Z,c070,m036,6832
992,2026-08-04T11:57:00Z,c137,m038,2084
993,2026-08-04T11:58:00Z,c131,c100,9492
994,2026-08-04T12:15:00Z,c099,c011,1997
995,2026-08-04T12:16:00Z,c079,m018,10425
996,2026-08-04T12:16:00Z,c120,m029,12722
997,2026-08-04T12:19:00Z,c110,m028,30727
998,2026-08-04T12:20:00Z,c008,m032,120000
999,2026-08-04T12:20:00Z,c099,m027,1647
1000,2026-08-04T12:21:00Z,c041,m029,5584
1001,2026-08-04T12:25:00Z,c099,m039,2130
1002,2026-08-04T12:27:00Z,c090,m008,24957
1003,2026-08-04T12:27:00Z,c157,c116,17747
1004,2026-08-04T12:27:00Z,c176,m033,6602
1005,2026-08-04T12:29:00Z,c159,m013,50000
1006,2026-08-04T12:34:00Z,c042,m001,33016
1007,2026-08-04T12:35:00Z,c141,c043,1187
1008,2026-08-04T12:42:00Z,c031,m026,1535
1009,2026-08-04T12:44:00Z,c131,m014,9879
1010,2026-08-04T12:45:00Z,c043,c095,10588
1011,2026-08-04T12:47:00Z,c067,m006,910
1012,2026-08-04T12:47:00Z,c111,m031,7281
1013,2026-08-04T12:53:00Z,c030,c150,1562
1014,2026-08-04T12:55:00Z,c003,m036,3230
1015,2026-08-04T12:56:00Z,c131,m025,9610
1016,2026-08-04T12:57:00Z,c061,m014,8411
1017,2026-08-04T12:57:00Z,c139,m007,48002
1018,2026-08-04T12:59:00Z,c169,m039,14525
1019,2026-08-04T13:00:00Z,c030,m021,1524
1020,2026-08-04T13:03:00Z,c058,c018,3037
1021,2026-08-04T13:03:00Z,c078,m020,4298
1022,2026-08-04T13:04:00Z,c084,m004,46394
1023,2026-08-04T13:09:00Z,c090,m027,12865
1024,2026-08-04T13:09:00Z,c168,c108,10214
1025,2026-08-04T13:10:00Z,c103,m029,2202
1026,2026-08-04T13:13:00Z,c058,m002,3294
1027,2026-08-04T13:14:00Z,c067,m038,1981
1028,2026-08-04T13:15:00Z,c094,m038,26651
1029,2026-08-04T13:21:00Z,c041,m000,3989
1030,2026-08-04T13:21:00Z,c179,m031,1327
1031,2026-08-04T13:24:00Z,c179,c094,5548
1032,2026-08-04T13:25:00Z,c131,m025,12547
1033,2026-08-04T13:27:00Z,c179,m024,2713
1034,2026-08-04T13:30:00Z,c034,c166,10232
1035,2026-08-04T13:30:00Z,c037,c003,18635
1036,2026-08-04T13:30:00Z,c179,m007,2017
1037,2026-08-04T13:32:00Z,c037,c122,22524
1038,2026-08-04T13:34:00Z,c061,m029,28612
1039,2026-08-04T13:37:00Z,c179,c080,1640
1040,2026-08-04T13:40:00Z,c168,m034,14494
1041,2026-08-04T13:45:00Z,c085,m003,1820
1042,2026-08-04T13:52:00Z,c134,c101,16237
1043,2026-08-04T13:55:00Z,c059,m021,24221
1044,2026-08-04T13:56:00Z,c084,c056,5345
1045,2026-08-04T13:59:00Z,c059,m030,15541
1046,2026-08-04T14:00:00Z,c059,m032,240000
1047,2026-08-04T14:01:00Z,c075,c007,7096
1048,2026-08-04T14:03:00Z,c134,c101,22468
1049,2026-08-04T14:03:00Z,c144,c174,10116
1050,2026-08-04T14:04:00Z,c059,m002,14157
1051,2026-08-04T14:07:00Z,c088,m021,8905
1052,2026-08-04T14:07:00Z,c092,c116,1788
1053,2026-08-04T14:09:00Z,c073,c154,10862
1054,2026-08-04T14:10:00Z,c139,m038,400000
1055,2026-08-04T14:12:00Z,c083,m023,1757
1056,2026-08-04T14:13:00Z,c052,m026,5958
1057,2026-08-04T14:17:00Z,c047,c069,120000
1058,2026-08-04T14:18:00Z,c022,c066,1518
1059,2026-08-04T14:18:00Z,c073,m004,6752
1060,2026-08-04T14:19:00Z,c123,m010,1241
1061,2026-08-04T14:20:00Z,c029,c175,1236
1062,2026-08-04T14:21:00Z,c047,m000,11479
1063,2026-08-04T14:22:00Z,c047,c065,6559
1064,2026-08-04T14:29:00Z,c047,m015,5512
1065,2026-08-04T14:31:00Z,c041,m037,4574
1066,2026-08-04T14:36:00Z,c029,m019,5151
1067,2026-08-04T14:39:00Z,c162,m001,11517
1068,2026-08-04T14:40:00Z,c012,m021,50000
1069,2026-08-04T14:42:00Z,c153,c054,20683
1070,2026-08-04T14:44:00Z,c133,c155,1990
1071,2026-08-04T14:49:00Z,c018,m024,17651
1072,2026-08-04T15:01:00Z,c083,c113,3191
1073,2026-08-04T15:02:00Z,c017,m016,31390
1074,2026-08-04T15:03:00Z,c013,m014,39896
1075,2026-08-04T15:03:00Z,c058,m021,7245
1076,2026-08-04T15:03:00Z,c116,m022,2864
1077,2026-08-04T15:05:00Z,c127,c061,3877
1078,2026-08-04T15:07:00Z,c070,c064,7193
1079,2026-08-04T15:09:00Z,c029,c175,1020
1080,2026-08-04T15:11:00Z,c106,m028,13933
1081,2026-08-04T15:11:00Z,c127,m015,4213
1082,2026-08-04T15:13:00Z,c068,c102,11859
1083,2026-08-04T15:17:00Z,c127,c061,2590
1084,2026-08-04T15:20:00Z,c058,m001,7151
1085,2026-08-04T15:21:00Z,c127,m030,5972
1086,2026-08-04T15:23:00Z,c127,m037,3303
1087,2026-08-04T15:36:00Z,c055,c162,4986
1088,2026-08-04T15:37:00Z,c010,m009,1652
1089,2026-08-04T15:38:00Z,c009,m020,1869
1090,2026-08-04T15:38:00Z,c056,c064,7452
1091,2026-08-04T15:39:00Z,c136,m003,12170
1092,2026-08-04T15:40:00Z,c017,m001,16112
1093,2026-08-04T15:40:00Z,c146,m039,8027
1094,2026-08-04T15:41:00Z,c130,c095,12823
1095,2026-08-04T15:44:00Z,c020,m005,14416
1096,2026-08-04T15:47:00Z,c037,c061,46809
1097,2026-08-04T15:48:00Z,c037,c003,16885
1098,2026-08-04T15:51:00Z,c113,m011,1980
1099,2026-08-04T15:53:00Z,c083,m009,690
1100,2026-08-04T15:54:00Z,c150,m022,10871
1101,2026-08-04T15:56:00Z,c026,m015,2744
1102,2026-08-04T15:59:00Z,c018,m032,29229
1103,2026-08-04T15:59:00Z,c068,m030,13001
1104,2026-08-04T16:00:00Z,c113,m022,2196
1105,2026-08-04T16:00:00Z,c150,m028,4909
1106,2026-08-04T16:03:00Z,c029,m037,1595
1107,2026-08-04T16:04:00Z,c012,c122,1799
1108,2026-08-04T16:04:00Z,c150,m037,15806
1109,2026-08-04T16:05:00Z,c112,m005,4242
1110,2026-08-04T16:06:00Z,c150,c166,10323
1111,2026-08-04T16:06:00Z,c150,m037,7282
1112,2026-08-04T16:08:00Z,c160,m034,4995
1113,2026-08-04T16:18:00Z,c150,m000,17025
1114,2026-08-04T16:24:00Z,c145,m005,1629
1115,2026-08-04T16:25:00Z,c055,m007,3381
1116,2026-08-04T16:28:00Z,c074,m036,11037
1117,2026-08-04T16:36:00Z,c014,m010,1450
1118,2026-08-04T16:45:00Z,c175,m014,2009
1119,2026-08-04T16:47:00Z,c028,m031,1496
1120,2026-08-04T16:48:00Z,c069,m006,3164
1121,2026-08-04T16:49:00Z,c020,m020,7220
1122,2026-08-04T16:51:00Z,c091,c069,7503
1123,2026-08-04T17:01:00Z,c156,m023,22758
1124,2026-08-04T17:01:00Z,c172,m027,661
1125,2026-08-04T17:04:00Z,c055,m029,2601
1126,2026-08-04T17:08:00Z,c037,m017,23953
1127,2026-08-04T17:08:00Z,c049,c040,1662
1128,2026-08-04T17:08:00Z,c149,m003,1919
1129,2026-08-04T17:10:00Z,c051,m015,5074
1130,2026-08-04T17:10:00Z,c132,m032,17284
1131,2026-08-04T17:15:00Z,c176,m019,13958
1132,2026-08-04T17:17:00Z,c104,m026,9871
1133,2026-08-04T17:24:00Z,c014,c059,5864
1134,2026-08-04T17:27:00Z,c172,c151,2975
1135,2026-08-04T17:37:00Z,c156,m022,25952
1136,2026-08-04T17:39:00Z,c149,c010,1709
1137,2026-08-04T17:40:00Z,c161,c092,6838
1138,2026-08-04T17:44:00Z,c161,m001,4719
1139,2026-08-04T17:50:00Z,c156,m032,27544
1140,2026-08-04T17:52:00Z,c161,m001,1856
1141,2026-08-04T17:53:00Z,c096,m013,19709
1142,2026-08-04T17:53:00Z,c112,c132,13610
1143,2026-08-04T17:59:00Z,c037,c003,17862
1144,2026-08-04T17:59:00Z,c072,m012,5926
1145,2026-08-04T18:04:00Z,c096,m015,14131
1146,2026-08-04T18:09:00Z,c072,m015,4935
1147,2026-08-04T18:10:00Z,c017,m001,29297
1148,2026-08-04T18:10:00Z,c140,m037,4009
1149,2026-08-04T18:15:00Z,c173,m020,4888
1150,2026-08-04T18:16:00Z,c068,c054,8510
1151,2026-08-04T18:17:00Z,c080,m036,3160
1152,2026-08-04T18:25:00Z,c160,m000,12151
1153,2026-08-04T18:29:00Z,c152,m036,18449
1154,2026-08-04T18:34:00Z,c149,m012,1534
1155,2026-08-04T18:35:00Z,c087,m022,15834
1156,2026-08-04T18:36:00Z,c044,c015,6678
1157,2026-08-04T18:49:00Z,c033,m004,1321
1158,2026-08-04T18:52:00Z,c007,m002,400000
1159,2026-08-04T18:59:00Z,c017,c024,30085
1160,2026-08-04T19:06:00Z,c167,c132,11167
1161,2026-08-04T19:07:00Z,c167,m036,12679
1162,2026-08-04T19:12:00Z,c011,m014,1523
1163,2026-08-04T19:16:00Z,c011,c134,1104
1164,2026-08-04T19:17:00Z,c062,m036,14663
1165,2026-08-04T19:18:00Z,c011,c177,1356
1166,2026-08-04T19:18:00Z,c088,m037,8671
1167,2026-08-04T19:21:00Z,c062,c110,35347
1168,2026-08-04T19:21:00Z,c062,m014,14250
1169,2026-08-04T19:21:00Z,c082,m026,18610
1170,2026-08-04T19:22:00Z,c160,c153,5672
1171,2026-08-04T19:29:00Z,c062,c047,9181
1172,2026-08-04T19:30:00Z,c007,m010,22833
1173,2026-08-04T19:31:00Z,c172,c166,560
1174,2026-08-04T19:32:00Z,c062,m008,14899
1175,2026-08-04T19:33:00Z,c125,c073,13055
1176,2026-08-04T19:36:00Z,c160,c153,6903
1177,2026-08-04T19:52:00Z,c167,m026,9463
1178,2026-08-04T19:54:00Z,c051,m015,12675
1179,2026-08-04T19:58:00Z,c128,m019,1329
1180,2026-08-04T20:11:00Z,c146,m012,8210
1181,2026-08-04T20:18:00Z,c017,c024,13165
1182,2026-08-04T20:38:00Z,c173,m008,6406
1183,2026-08-04T20:40:00Z,c125,c157,4886
1184,2026-08-04T20:40:00Z,c142,m015,17108
1185,2026-08-04T20:43:00Z,c175,c009,1298
1186,2026-08-04T20:47:00Z,c097,m036,1146
1187,2026-08-04T20:52:00Z,c128,m038,2296
1188,2026-08-04T21:06:00Z,c112,c132,10427
1189,2026-08-04T21:28:00Z,c173,m014,6060
1190,2026-08-04T21:35:00Z,c167,c133,13383
1191,2026-08-04T22:01:00Z,c087,m024,15296
1192,2026-08-04T22:02:00Z,c086,m017,5987
1193,2026-08-04T22:27:00Z,c036,m032,17619
1194,2026-08-04T22:30:00Z,c129,m037,13372
1195,2026-08-04T22:43:00Z,c086,c132,6716
1196,2026-08-04T22:46:00Z,c129,m037,14407
1197,2026-08-04T22:50:00Z,c154,m035,5837
1198,2026-08-04T23:09:00Z,c152,m017,13963
1199,2026-08-04T23:17:00Z,c025,m037,7323
1200,2026-08-04T23:57:00Z,c118,m029,1945
1201,2026-08-05T00:02:00Z,c167,m036,14914
1202,2026-08-05T00:17:00Z,c082,c039,19265
1203,2026-08-05T00:28:00Z,c125,c073,16308
1204,2026-08-05T01:17:00Z,c178,m039,7598
1205,2026-08-05T04:23:00Z,c078,c171,2587
1206,2026-08-05T04:25:00Z,c121,c136,7809
1207,2026-08-05T04:50:00Z,c042,m001,32326
1208,2026-08-05T04:51:00Z,c063,m032,5062
1209,2026-08-05T05:01:00Z,c078,m024,2147
1210,2026-08-05T05:03:00Z,c038,m023,2827
1211,2026-08-05T05:04:00Z,c076,m009,19485
1212,2026-08-05T05:07:00Z,c098,m038,9457
1213,2026-08-05T05:17:00Z,c042,c151,14804
1214,2026-08-05T05:19:00Z,c169,c027,33241
1215,2026-08-05T05:20:00Z,c042,c128,28065
1216,2026-08-05T05:49:00Z,c031,m026,1896
1217,2026-08-05T05:53:00Z,c031,m022,2377
1218,2026-08-05T05:57:00Z,c031,m026,1522
1219,2026-08-05T06:17:00Z,c042,m013,34660
1220,2026-08-05T06:24:00Z,c078,m001,60000
1221,2026-08-05T06:24:00Z,c169,m012,16347
1222,2026-08-05T06:29:00Z,c166,m017,2222
1223,2026-08-05T06:35:00Z,c135,m034,19679
1224,2026-08-05T06:46:00Z,c099,m039,1919
1225,2026-08-05T06:51:00Z,c040,m031,31107
1226,2026-08-05T07:00:00Z,c098,c172,15699
1227,2026-08-05T07:28:00Z,c042,m013,21149
1228,2026-08-05T07:30:00Z,c093,m024,917
1229,2026-08-05T07:31:00Z,c076,c167,22134
1230,2026-08-05T07:34:00Z,c005,m011,2610
1231,2026-08-05T07:37:00Z,c099,c011,1693
1232,2026-08-05T07:40:00Z,c005,m002,4785
1233,2026-08-05T07:50:00Z,c001,c046,19130
1234,2026-08-05T07:54:00Z,c078,c171,2279
1235,2026-08-05T07:59:00Z,c045,m000,2265
1236,2026-08-05T08:03:00Z,c038,m036,1792
1237,2026-08-05T08:03:00Z,c060,m003,8821
1238,2026-08-05T08:08:00Z,c098,m021,5207
1239,2026-08-05T08:10:00Z,c053,c174,16770
1240,2026-08-05T08:13:00Z,c079,m018,6824
1241,2026-08-05T08:23:00Z,c107,m020,2544
1242,2026-08-05T08:26:00Z,c053,m017,30434
1243,2026-08-05T08:27:00Z,c005,c076,7644
1244,2026-08-05T08:34:00Z,c016,c177,5075
1245,2026-08-05T08:37:00Z,c171,m014,10581
1246,2026-08-05T08:39:00Z,c000,m036,15838
1247,2026-08-05T08:40:00Z,c131,m014,6155
1248,2026-08-05T08:41:00Z,c099,m023,1157
1249,2026-08-05T08:42:00Z,c078,m011,6018
1250,2026-08-05T08:57:00Z,c135,c077,23778
1251,2026-08-05T08:59:00Z,c035,m029,933
1252,2026-08-05T08:59:00Z,c099,m007,2646
1253,2026-08-05T09:02:00Z,c015,m011,15482
1254,2026-08-05T09:05:00Z,c065,m022,20003
1255,2026-08-05T09:12:00Z,c177,m019,3126
1256,2026-08-05T09:17:00Z,c170,c157,3790
1257,2026-08-05T09:22:00Z,c109,c104,2179
1258,2026-08-05T09:22:00Z,c127,m000,10601
1259,2026-08-05T09:24:00Z,c008,m032,5867
1260,2026-08-05T09:34:00Z,c065,c137,19882
1261,2026-08-05T09:38:00Z,c124,m023,21869
1262,2026-08-05T09:39:00Z,c065,m022,32131
1263,2026-08-05T09:41:00Z,c066,m023,120000
1264,2026-08-05T09:45:00Z,c066,m029,4082
1265,2026-08-05T09:47:00Z,c066,c173,7300
1266,2026-08-05T09:48:00Z,c078,m011,1933
1267,2026-08-05T09:49:00Z,c066,m023,10565
1268,2026-08-05T09:49:00Z,c066,m029,4814
1269,2026-08-05T09:57:00Z,c169,m039,20858
1270,2026-08-05T10:00:00Z,c035,m004,1382
1271,2026-08-05T10:06:00Z,c061,m011,16376
1272,2026-08-05T10:06:00Z,c100,m012,12082
1273,2026-08-05T10:10:00Z,c103,m029,1879
1274,2026-08-05T10:12:00Z,c058,c018,4714
1275,2026-08-05T10:15:00Z,c171,c156,7802
1276,2026-08-05T10:18:00Z,c137,m004,3796
1277,2026-08-05T10:18:00Z,c163,m037,1533
1278,2026-08-05T10:20:00Z,c030,m020,2076
1279,2026-08-05T10:24:00Z,c041,m036,2483
1280,2026-08-05T10:24:00Z,c137,m004,2827
1281,2026-08-05T10:28:00Z,c005,m023,3996
1282,2026-08-05T10:33:00Z,c105,m028,2281
1283,2026-08-05T10:35:00Z,c131,m011,11879
1284,2026-08-05T10:36:00Z,c177,m009,2876
1285,2026-08-05T10:37:00Z,c092,c176,694
1286,2026-08-05T10:39:00Z,c153,m013,10840
1287,2026-08-05T10:59:00Z,c058,m021,4993
1288,2026-08-05T11:00:00Z,c021,m031,4767
1289,2026-08-05T11:02:00Z,c103,m029,1135
1290,2026-08-05T11:02:00Z,c139,m033,23092
1291,2026-08-05T11:04:00Z,c002,c048,4089
1292,2026-08-05T11:04:00Z,c021,m015,14976
1293,2026-08-05T11:04:00Z,c021,m038,14839
1294,2026-08-05T11:04:00Z,c052,m027,7437
1295,2026-08-05T11:05:00Z,c022,m035,2115
1296,2026-08-05T11:14:00Z,c005,c018,13353
1297,2026-08-05T11:15:00Z,c021,m015,14501
1298,2026-08-05T11:17:00Z,c131,m030,17344
1299,2026-08-05T11:18:00Z,c158,m023,2418
1300,2026-08-05T11:23:00Z,c107,m015,1476
1301,2026-08-05T11:25:00Z,c095,m008,2707
1302,2026-08-05T11:28:00Z,c131,m010,10826
1303,2026-08-05T11:28:00Z,c150,m000,11369
1304,2026-08-05T11:29:00Z,c150,c166,10503
1305,2026-08-05T11:30:00Z,c000,m036,23224
1306,2026-08-05T11:30:00Z,c000,m039,34293
1307,2026-08-05T11:33:00Z,c095,m008,2645
1308,2026-08-05T11:33:00Z,c109,m034,1400
1309,2026-08-05T11:38:00Z,c095,m018,4830
1310,2026-08-05T11:38:00Z,c109,m028,1591
1311,2026-08-05T11:53:00Z,c002,m038,5110
1312,2026-08-05T11:54:00Z,c058,m021,6901
1313,2026-08-05T11:57:00Z,c067,c163,1151
1314,2026-08-05T12:14:00Z,c127,c061,11250
1315,2026-08-05T12:19:00Z,c159,m031,1673
1316,2026-08-05T12:24:00Z,c120,m006,29113
1317,2026-08-05T12:27:00Z,c131,m010,5414
1318,2026-08-05T12:31:00Z,c133,m024,1575
1319,2026-08-05T12:33:00Z,c012,c153,1354
1320,2026-08-05T12:33:00Z,c081,m039,1939
1321,2026-08-05T12:37:00Z,c176,m012,7225
1322,2026-08-05T12:40:00Z,c050,c089,7390
1323,2026-08-05T12:46:00Z,c050,c005,5438
1324,2026-08-05T12:46:00Z,c050,m015,7217
1325,2026-08-05T12:48:00Z,c101,m030,6979
1326,2026-08-05T12:52:00Z,c137,c110,1495
1327,2026-08-05T12:54:00Z,c101,c022,2964
1328,2026-08-05T12:54:00Z,c119,c128,1713
1329,2026-08-05T12:56:00Z,c008,c063,6847
1330,2026-08-05T12:56:00Z,c101,c129,3603
1331,2026-08-05T13:01:00Z,c113,c144,1449
1332,2026-08-05T13:02:00Z,c019,m031,11821
1333,2026-08-05T13:03:00Z,c083,c028,1673
1334,2026-08-05T13:05:00Z,c067,m038,3274
1335,2026-08-05T13:09:00Z,c130,m033,7618
1336,2026-08-05T13:17:00Z,c037,m003,24276
1337,2026-08-05T13:19:00Z,c110,m017,16995
1338,2026-08-05T13:22:00Z,c027,m024,1770
1339,2026-08-05T13:24:00Z,c139,m007,15564
1340,2026-08-05T13:26:00Z,c151,m001,1446
1341,2026-08-05T13:27:00Z,c120,c073,11825
1342,2026-08-05T13:30:00Z,c067,m006,876
1343,2026-08-05T13:31:00Z,c149,c090,3384
1344,2026-08-05T13:33:00Z,c122,m028,3294
1345,2026-08-05T13:34:00Z,c029,m007,2990
1346,2026-08-05T13:35:00Z,c126,c086,8851
1347,2026-08-05T13:45:00Z,c113,m010,669
1348,2026-08-05T13:51:00Z,c119,m003,2493
1349,2026-08-05T13:54:00Z,c058,m001,3365
1350,2026-08-05T14:00:00Z,c111,m035,12990
1351,2026-08-05T14:02:00Z,c010,m023,4084
1352,2026-08-05T14:02:00Z,c134,m008,42385
1353,2026-08-05T14:04:00Z,c144,c174,16287
1354,2026-08-05T14:05:00Z,c158,m025,933
1355,2026-08-05T14:20:00Z,c132,m013,13910
1356,2026-08-05T14:24:00Z,c158,m033,1876
1357,2026-08-05T14:26:00Z,c071,m000,5314
1358,2026-08-05T14:33:00Z,c070,m029,8178
1359,2026-08-05T14:33:00Z,c122,m033,7527
1360,2026-08-05T14:38:00Z,c070,c064,5002
1361,2026-08-05T14:41:00Z,c070,m021,4812
1362,2026-08-05T14:43:00Z,c130,m001,7202
1363,2026-08-05T14:49:00Z,c047,c089,3518
1364,2026-08-05T14:52:00Z,c013,m007,26801
1365,2026-08-05T14:55:00Z,c047,c069,4776
1366,2026-08-05T14:55:00Z,c047,m000,7562
1367,2026-08-05T14:55:00Z,c047,m003,10441
1368,2026-08-05T14:58:00Z,c159,m005,1053
1369,2026-08-05T15:02:00Z,c140,m009,3821
1370,2026-08-05T15:04:00Z,c159,c070,464
1371,2026-08-05T15:10:00Z,c067,m004,2085
1372,2026-08-05T15:17:00Z,c162,m009,14695
1373,2026-08-05T15:19:00Z,c020,m025,11435
1374,2026-08-05T15:27:00Z,c119,c128,1535
1375,2026-08-05T15:36:00Z,c085,m009,2141
1376,2026-08-05T15:39:00Z,c162,m009,10825
1377,2026-08-05T15:42:00Z,c179,c136,1895
1378,2026-08-05T15:49:00Z,c059,c057,18171
1379,2026-08-05T15:50:00Z,c148,m034,9575
1380,2026-08-05T15:52:00Z,c059,c057,16198
1381,2026-08-05T15:55:00Z,c059,m027,17751
1382,2026-08-05T15:58:00Z,c059,m014,14613
1383,2026-08-05T15:58:00Z,c175,m028,2476
1384,2026-08-05T15:59:00Z,c122,m033,8782
1385,2026-08-05T16:02:00Z,c024,c083,3543
1386,2026-08-05T16:02:00Z,c054,m013,3001
1387,2026-08-05T16:05:00Z,c034,c112,13212
1388,2026-08-05T16:05:00Z,c062,m014,7731
1389,2026-08-05T16:14:00Z,c064,c140,4965
1390,2026-08-05T16:15:00Z,c175,m018,2015
1391,2026-08-05T16:16:00Z,c068,m030,5928
1392,2026-08-05T16:19:00Z,c020,m008,15239
1393,2026-08-05T16:23:00Z,c037,m006,19558
1394,2026-08-05T16:23:00Z,c083,c113,2734
1395,2026-08-05T16:30:00Z,c064,m036,9766
1396,2026-08-05T16:31:00Z,c176,m037,2091
1397,2026-08-05T16:33:00Z,c161,m015,9527
1398,2026-08-05T16:40:00Z,c080,c151,2038
1399,2026-08-05T16:42:00Z,c104,m031,14703
1400,2026-08-05T16:45:00Z,c161,c092,3769
1401,2026-08-05T16:48:00Z,c132,m009,12792
1402,2026-08-05T16:48:00Z,c155,m039,1710
1403,2026-08-05T16:51:00Z,c081,m031,1177
1404,2026-08-05T16:53:00Z,c056,c039,10613
1405,2026-08-05T16:56:00Z,c020,c143,10141
1406,2026-08-05T16:57:00Z,c129,m035,44408
1407,2026-08-05T16:58:00Z,c023,c055,2231
1408,2026-08-05T16:59:00Z,c056,c039,12907
1409,2026-08-05T16:59:00Z,c056,m020,14777
1410,2026-08-05T17:00:00Z,c054,m010,2512
1411,2026-08-05T17:01:00Z,c091,m024,8247
1412,2026-08-05T17:04:00Z,c112,m032,7039
1413,2026-08-05T17:06:00Z,c146,c012,19329
1414,2026-08-05T17:07:00Z,c152,m020,15712
1415,2026-08-05T17:09:00Z,c136,m008,8863
1416,2026-08-05T17:11:00Z,c024,m035,1105
1417,2026-08-05T17:13:00Z,c106,m036,12724
1418,2026-08-05T17:13:00Z,c136,m024,9608
1419,2026-08-05T17:17:00Z,c028,m023,2753
1420,2026-08-05T17:17:00Z,c136,m002,10175
1421,2026-08-05T17:25:00Z,c162,m022,10917
1422,2026-08-05T17:29:00Z,c012,m029,1547
1423,2026-08-05T17:30:00Z,c051,m004,10125
1424,2026-08-05T17:30:00Z,c122,m028,6070
1425,2026-08-05T17:30:00Z,c140,m036,2527
1426,2026-08-05T17:39:00Z,c054,m010,3498
1427,2026-08-05T17:43:00Z,c128,c129,1630
1428,2026-08-05T17:46:00Z,c114,m015,9475
1429,2026-08-05T17:47:00Z,c011,m033,2462
1430,2026-08-05T17:53:00Z,c148,m031,15041
1431,2026-08-05T17:57:00Z,c155,c056,455
1432,2026-08-05T17:59:00Z,c174,m016,2126
1433,2026-08-05T18:03:00Z,c024,m003,2404
1434,2026-08-05T18:11:00Z,c018,m024,13453
1435,2026-08-05T18:19:00Z,c134,m006,11437
1436,2026-08-05T18:20:00Z,c097,m038,979
1437,2026-08-05T18:23:00Z,c010,m023,3392
1438,2026-08-05T18:25:00Z,c129,m039,17127
1439,2026-08-05T18:25:00Z,c178,m035,4296
1440,2026-08-05T18:29:00Z,c054,m026,5528
1441,2026-08-05T18:41:00Z,c175,c059,2434
1442,2026-08-05T18:43:00Z,c051,c102,7806
1443,2026-08-05T18:44:00Z,c154,m006,7948
1444,2026-08-05T18:45:00Z,c084,m002,11571
1445,2026-08-05T18:46:00Z,c073,c158,14490
1446,2026-08-05T18:53:00Z,c116,m027,2497
1447,2026-08-05T18:53:00Z,c128,m014,1037
1448,2026-08-05T18:54:00Z,c128,m021,2821
1449,2026-08-05T18:57:00Z,c173,m004,5092
1450,2026-08-05T19:06:00Z,c140,m013,60000
1451,2026-08-05T19:18:00Z,c155,c056,1373
1452,2026-08-05T19:21:00Z,c086,c020,3229
1453,2026-08-05T19:24:00Z,c054,c114,1859
1454,2026-08-05T19:25:00Z,c168,c112,12322
1455,2026-08-05T19:26:00Z,c011,m025,2286
1456,2026-08-05T19:27:00Z,c072,c135,6069
1457,2026-08-05T19:30:00Z,c072,c071,6359
1458,2026-08-05T19:31:00Z,c062,c047,11562
1459,2026-08-05T19:32:00Z,c068,m030,5944
1460,2026-08-05T19:36:00Z,c072,m012,5725
1461,2026-08-05T19:37:00Z,c014,m031,3193
1462,2026-08-05T19:37:00Z,c145,c149,3162
1463,2026-08-05T19:38:00Z,c003,m026,2080
1464,2026-08-05T19:39:00Z,c072,m019,120000
1465,2026-08-05T19:43:00Z,c075,m015,9305
1466,2026-08-05T19:47:00Z,c084,c067,18727
1467,2026-08-05T19:52:00Z,c073,m004,21062
1468,2026-08-05T19:53:00Z,c155,m038,1039
1469,2026-08-05T19:54:00Z,c017,m000,25384
1470,2026-08-05T19:55:00Z,c017,m016,24609
1471,2026-08-05T19:56:00Z,c154,c065,10776
1472,2026-08-05T20:22:00Z,c155,m039,1657
1473,2026-08-05T20:48:00Z,c128,m014,1640
1474,2026-08-05T20:52:00Z,c082,c039,10794
1475,2026-08-05T21:03:00Z,c123,m003,5097
1476,2026-08-05T21:23:00Z,c097,m038,1547
1477,2026-08-05T21:39:00Z,c145,m026,2350
1478,2026-08-05T21:40:00Z,c118,c106,904
1479,2026-08-05T21:42:00Z,c025,c091,17310
1480,2026-08-05T21:46:00Z,c173,c027,3867
1481,2026-08-05T22:02:00Z,c086,m017,5660
1482,2026-08-05T22:18:00Z,c112,m032,120000
1483,2026-08-05T22:44:00Z,c173,m012,8170
1484,2026-08-05T22:57:00Z,c173,c047,6479
1485,2026-08-05T22:59:00Z,c055,m038,2985
1486,2026-08-05T23:03:00Z,c154,m037,3798
1487,2026-08-05T23:19:00Z,c118,m027,1558
1488,2026-08-05T23:23:00Z,c096,m009,24657
1489,2026-08-05T23:23:00Z,c097,m034,2386
1490,2026-08-05T23:43:00Z,c160,m020,13689
1491,2026-08-06T00:04:00Z,c025,m020,10130
1492,2026-08-06T00:27:00Z,c086,m003,120000
1493,2026-08-06T02:49:00Z,c032,c083,1664
1494,2026-08-06T04:07:00Z,c063,m011,3999
1495,2026-08-06T04:34:00Z,c166,m004,1280
1496,2026-08-06T05:03:00Z,c177,m013,3198
1497,2026-08-06T05:20:00Z,c063,m011,1368
1498,2026-08-06T05:47:00Z,c031,c103,4123
1499,2026-08-06T05:56:00Z,c078,m031,1838
1500,2026-08-06T06:06:00Z,c078,m011,4002
1501,2026-08-06T06:16:00Z,c060,m032,240000
1502,2026-08-06T06:29:00Z,c038,m017,1380
1503,2026-08-06T06:33:00Z,c151,m010,2711
1504,2026-08-06T06:40:00Z,c095,m012,3791
1505,2026-08-06T06:47:00Z,c043,m032,14374
1506,2026-08-06T06:54:00Z,c063,m032,5146
1507,2026-08-06T07:09:00Z,c135,m016,17307
1508,2026-08-06T07:20:00Z,c038,m036,4606
1509,2026-08-06T07:28:00Z,c008,m005,4233
1510,2026-08-06T07:30:00Z,c060,m032,16009
1511,2026-08-06T07:39:00Z,c078,m031,1381
1512,2026-08-06T07:39:00Z,c166,c004,785
1513,2026-08-06T07:48:00Z,c135,m016,36403
1514,2026-08-06T07:48:00Z,c137,m015,2838
1515,2026-08-06T07:49:00Z,c038,m002,3111
1516,2026-08-06T08:04:00Z,c177,m019,3476
1517,2026-08-06T08:10:00Z,c076,m039,24861
1518,2026-08-06T08:12:00Z,c095,c022,2276
1519,2026-08-06T08:21:00Z,c001,m035,5304
1520,2026-08-06T08:21:00Z,c027,m006,1413
1521,2026-08-06T08:31:00Z,c076,m009,41241
1522,2026-08-06T08:36:00Z,c065,c038,19086
1523,2026-08-06T08:37:00Z,c057,c059,7000
1524,2026-08-06T08:39:00Z,c021,m015,7207
1525,2026-08-06T08:45:00Z,c078,c021,2446
1526,2026-08-06T08:47:00Z,c095,m025,1687
1527,2026-08-06T08:55:00Z,c093,c083,4100
1528,2026-08-06T08:58:00Z,c093,m013,1043
1529,2026-08-06T09:00:00Z,c065,m008,56574
1530,2026-08-06T09:01:00Z,c139,m032,19011
1531,2026-08-06T09:05:00Z,c093,m013,1987
1532,2026-08-06T09:09:00Z,c089,m005,12341
1533,2026-08-06T09:09:00Z,c171,m009,20891
1534,2026-08-06T09:10:00Z,c093,m023,850
1535,2026-08-06T09:22:00Z,c016,c084,6241
1536,2026-08-06T09:41:00Z,c041,m036,4350
1537,2026-08-06T09:42:00Z,c021,m038,6102
1538,2026-08-06T09:46:00Z,c139,m033,39987
1539,2026-08-06T09:52:00Z,c162,m022,20581
1540,2026-08-06T09:54:00Z,c053,m025,12856
1541,2026-08-06T10:05:00Z,c040,m031,8880
1542,2026-08-06T10:14:00Z,c041,c004,2217
1543,2026-08-06T10:14:00Z,c065,m022,51728
1544,2026-08-06T10:14:00Z,c133,m023,1521
1545,2026-08-06T10:18:00Z,c006,m038,14848
1546,2026-08-06T10:21:00Z,c008,m032,5036
1547,2026-08-06T10:29:00Z,c008,m028,8905
1548,2026-08-06T10:36:00Z,c139,m028,15059
1549,2026-08-06T10:40:00Z,c042,m019,29087
1550,2026-08-06T10:42:00Z,c059,m027,5113
1551,2026-08-06T10:52:00Z,c169,m039,22521
1552,2026-08-06T10:59:00Z,c127,c061,8302
1553,2026-08-06T11:02:00Z,c101,m010,4153
1554,2026-08-06T11:03:00Z,c037,c003,21481
1555,2026-08-06T11:03:00Z,c108,m026,5865
1556,2026-08-06T11:05:00Z,c001,m033,8068
1557,2026-08-06T11:05:00Z,c037,c061,18289
1558,2026-08-06T11:05:00Z,c108,m026,5219
1559,2026-08-06T11:09:00Z,c037,m006,47759
1560,2026-08-06T11:09:00Z,c108,m035,2099
1561,2026-08-06T11:09:00Z,c163,m011,5205
1562,2026-08-06T11:14:00Z,c066,c125,5752
1563,2026-08-06T11:17:00Z,c110,m039,24175
1564,2026-08-06T11:18:00Z,c037,m006,13754
1565,2026-08-06T11:19:00Z,c135,m029,9272
1566,2026-08-06T11:21:00Z,c168,c091,35873
1567,2026-08-06T11:23:00Z,c037,m009,20981
1568,2026-08-06T11:29:00Z,c135,c116,46232
1569,2026-08-06T11:32:00Z,c008,m018,6252
1570,2026-08-06T11:33:00Z,c170,c124,2577
1571,2026-08-06T11:40:00Z,c126,c047,2746
1572,2026-08-06T11:42:00Z,c079,m039,17752
1573,2026-08-06T11:46:00Z,c165,m015,1816
1574,2026-08-06T11:47:00Z,c059,m002,11550
1575,2026-08-06T11:48:00Z,c079,c030,9350
1576,2026-08-06T11:49:00Z,c124,c173,9124
1577,2026-08-06T11:51:00Z,c074,m036,6214
1578,2026-08-06T11:52:00Z,c052,m026,5540
1579,2026-08-06T11:52:00Z,c079,c030,9522
1580,2026-08-06T11:55:00Z,c074,c038,11617
1581,2026-08-06T11:55:00Z,c103,m025,1145
1582,2026-08-06T11:57:00Z,c070,m024,12645
1583,2026-08-06T11:59:00Z,c124,c025,35175
1584,2026-08-06T12:00:00Z,c070,m017,3964
1585,2026-08-06T12:07:00Z,c070,m029,5711
1586,2026-08-06T12:07:00Z,c133,m009,1468
1587,2026-08-06T12:09:00Z,c030,m016,1123
1588,2026-08-06T12:11:00Z,c126,m035,3162
1589,2026-08-06T12:12:00Z,c035,c005,1986
1590,2026-08-06T12:15:00Z,c101,m010,11202
1591,2026-08-06T12:16:00Z,c035,m029,1122
1592,2026-08-06T12:18:00Z,c035,c005,4395
1593,2026-08-06T12:18:00Z,c114,m038,14216
1594,2026-08-06T12:23:00Z,c114,m032,22862
1595,2026-08-06T12:24:00Z,c114,m015,15605
1596,2026-08-06T12:27:00Z,c122,m028,120000
1597,2026-08-06T12:30:00Z,c131,m030,14322
1598,2026-08-06T12:32:00Z,c059,m027,4522
1599,2026-08-06T12:41:00Z,c000,m024,19067
1600,2026-08-06T12:43:00Z,c074,c038,3994
1601,2026-08-06T12:47:00Z,c111,m017,29700
1602,2026-08-06T12:48:00Z,c065,c038,22353
1603,2026-08-06T12:49:00Z,c107,m038,1988
1604,2026-08-06T12:50:00Z,c046,m004,10835
1605,2026-08-06T12:52:00Z,c099,m027,1476
1606,2026-08-06T12:52:00Z,c174,m032,854
1607,2026-08-06T12:54:00Z,c002,m038,3808
1608,2026-08-06T12:55:00Z,c107,m004,1654
1609,2026-08-06T12:57:00Z,c140,m026,1828
1610,2026-08-06T12:58:00Z,c003,m036,2160
1611,2026-08-06T12:59:00Z,c107,m020,598
1612,2026-08-06T12:59:00Z,c149,c090,3809
1613,2026-08-06T13:01:00Z,c019,m012,27306
1614,2026-08-06T13:05:00Z,c174,m005,1352
1615,2026-08-06T13:11:00Z,c120,m001,12523
1616,2026-08-06T13:14:00Z,c120,m028,15921
1617,2026-08-06T13:15:00Z,c120,m024,12981
1618,2026-08-06T13:15:00Z,c140,c157,5398
1619,2026-08-06T13:17:00Z,c007,m010,33432
1620,2026-08-06T13:17:00Z,c023,m026,747
1621,2026-08-06T13:19:00Z,c111,m017,26763
1622,2026-08-06T13:26:00Z,c120,m024,14312
1623,2026-08-06T13:30:00Z,c061,m023,26032
1624,2026-08-06T13:31:00Z,c023,c055,590
1625,2026-08-06T13:32:00Z,c157,m004,6389
1626,2026-08-06T13:34:00Z,c163,c017,2842
1627,2026-08-06T13:35:00Z,c064,m015,4334
1628,2026-08-06T13:36:00Z,c113,c011,1941
1629,2026-08-06T13:37:00Z,c064,m004,5766
1630,2026-08-06T13:39:00Z,c000,m036,24044
1631,2026-08-06T13:41:00Z,c064,m011,4731
1632,2026-08-06T13:45:00Z,c017,m018,17894
1633,2026-08-06T13:46:00Z,c081,m024,1965
1634,2026-08-06T13:47:00Z,c168,c112,31194
1635,2026-08-06T13:53:00Z,c127,m000,2600
1636,2026-08-06T13:57:00Z,c092,m037,452
1637,2026-08-06T14:00:00Z,c000,c018,16730
1638,2026-08-06T14:00:00Z,c150,c047,6433
1639,2026-08-06T14:05:00Z,c090,m008,13053
1640,2026-08-06T14:07:00Z,c074,m021,6193
1641,2026-08-06T14:07:00Z,c084,m001,14478
1642,2026-08-06T14:09:00Z,c113,c144,2529
1643,2026-08-06T14:13:00Z,c157,m019,14011
1644,2026-08-06T14:18:00Z,c141,c043,2351
1645,2026-08-06T14:20:00Z,c162,m010,13992
1646,2026-08-06T14:20:00Z,c168,c091,6058
1647,2026-08-06T14:22:00Z,c113,m010,1382
1648,2026-08-06T14:25:00Z,c020,m004,9496
1649,2026-08-06T14:25:00Z,c119,c128,1125
1650,2026-08-06T14:26:00Z,c023,m039,1010
1651,2026-08-06T14:29:00Z,c119,m003,1067
1652,2026-08-06T14:31:00Z,c020,m031,7040
1653,2026-08-06T14:34:00Z,c020,m036,13450
1654,2026-08-06T14:34:00Z,c119,c128,1285
1655,2026-08-06T14:35:00Z,c075,c007,13555
1656,2026-08-06T14:35:00Z,c119,m013,1888
1657,2026-08-06T14:36:00Z,c010,m003,2925
1658,2026-08-06T14:37:00Z,c020,m031,4849
1659,2026-08-06T14:37:00Z,c067,m015,2216
1660,2026-08-06T14:37:00Z,c145,m005,998
1661,2026-08-06T14:45:00Z,c119,m021,1430
1662,2026-08-06T14:46:00Z,c090,c044,52448
1663,2026-08-06T14:49:00Z,c061,m031,10683
1664,2026-08-06T14:49:00Z,c134,m008,53707
1665,2026-08-06T14:56:00Z,c059,m014,10756
1666,2026-08-06T14:57:00Z,c110,m037,6468
1667,2026-08-06T14:57:00Z,c155,m031,2766
1668,2026-08-06T15:00:00Z,c175,c009,661
1669,2026-08-06T15:05:00Z,c145,m031,2374
1670,2026-08-06T15:06:00Z,c094,m010,13537
1671,2026-08-06T15:08:00Z,c028,c007,673
1672,2026-08-06T15:11:00Z,c044,c147,5260
1673,2026-08-06T15:15:00Z,c158,m025,2545
1674,2026-08-06T15:18:00Z,c067,m032,2402
1675,2026-08-06T15:23:00Z,c044,m038,4523
1676,2026-08-06T15:24:00Z,c056,m010,18757
1677,2026-08-06T15:26:00Z,c140,m001,2791
1678,2026-08-06T15:31:00Z,c153,m003,23178
1679,2026-08-06T15:45:00Z,c002,m014,4807
1680,2026-08-06T15:47:00Z,c014,c084,2014
1681,2026-08-06T15:52:00Z,c176,m018,5748
1682,2026-08-06T15:53:00Z,c080,m034,2239
1683,2026-08-06T15:54:00Z,c140,m037,7907
1684,2026-08-06T15:54:00Z,c148,m013,9082
1685,2026-08-06T15:58:00Z,c176,m037,7265
1686,2026-08-06T16:00:00Z,c172,c148,795
1687,2026-08-06T16:01:00Z,c176,m029,3882
1688,2026-08-06T16:04:00Z,c176,m012,2982
1689,2026-08-06T16:07:00Z,c174,m038,1530
1690,2026-08-06T16:08:00Z,c104,m036,9203
1691,2026-08-06T16:12:00Z,c054,m010,3652
1692,2026-08-06T16:13:00Z,c058,c018,9443
1693,2026-08-06T16:15:00Z,c010,m022,2999
1694,2026-08-06T16:17:00Z,c047,m020,4035
1695,2026-08-06T16:21:00Z,c044,m033,2570
1696,2026-08-06T16:22:00Z,c056,m008,16612
1697,2026-08-06T16:29:00Z,c058,c018,7262
1698,2026-08-06T16:30:00Z,c156,m001,13572
1699,2026-08-06T16:32:00Z,c146,m009,24356
1700,2026-08-06T16:32:00Z,c152,c043,30789
1701,2026-08-06T16:33:00Z,c118,m016,716
1702,2026-08-06T16:36:00Z,c147,m021,16148
1703,2026-08-06T16:37:00Z,c072,m027,2618
1704,2026-08-06T16:37:00Z,c102,m028,3317
1705,2026-08-06T16:43:00Z,c044,m019,1124
1706,2026-08-06T16:43:00Z,c054,m026,2402
1707,2026-08-06T16:51:00Z,c094,m034,20364
1708,2026-08-06T16:57:00Z,c056,m008,9885
1709,2026-08-06T16:58:00Z,c146,m012,34868
1710,2026-08-06T17:03:00Z,c058,m002,9482
1711,2026-08-06T17:04:00Z,c132,c146,7665
1712,2026-08-06T17:05:00Z,c010,m009,2302
1713,2026-08-06T17:05:00Z,c123,m034,2527
1714,2026-08-06T17:08:00Z,c081,m039,3580
1715,2026-08-06T17:09:00Z,c023,m004,1743
1716,2026-08-06T17:23:00Z,c158,m010,1301
1717,2026-08-06T17:24:00Z,c069,c075,1022
1718,2026-08-06T17:25:00Z,c010,m024,1638
1719,2026-08-06T17:32:00Z,c175,m014,1297
1720,2026-08-06T17:37:00Z,c154,m028,7525
1721,2026-08-06T17:39:00Z,c147,m031,25336
1722,2026-08-06T17:53:00Z,c039,c075,4497
1723,2026-08-06T17:54:00Z,c142,m029,10306
1724,2026-08-06T17:55:00Z,c130,c095,19017
1725,2026-08-06T17:56:00Z,c116,c020,5333
1726,2026-08-06T18:05:00Z,c017,m000,19180
1727,2026-08-06T18:05:00Z,c028,m037,2169
1728,2026-08-06T18:06:00Z,c102,m011,7955
1729,2026-08-06T18:08:00Z,c062,m025,21119
1730,2026-08-06T18:09:00Z,c113,m011,2385
1731,2026-08-06T18:12:00Z,c010,m039,5284
1732,2026-08-06T18:21:00Z,c146,c012,16839
1733,2026-08-06T18:25:00Z,c012,m038,1076
1734,2026-08-06T18:33:00Z,c033,m006,824
1735,2026-08-06T18:38:00Z,c072,c071,5015
1736,2026-08-06T18:48:00Z,c086,c132,6540
1737,2026-08-06T18:53:00Z,c091,m024,7225
1738,2026-08-06T18:56:00Z,c178,m037,7731
1739,2026-08-06T18:57:00Z,c007,m004,46181
1740,2026-08-06T18:59:00Z,c028,c021,781
1741,2026-08-06T19:11:00Z,c128,m014,877
1742,2026-08-06T19:14:00Z,c128,m019,1271
1743,2026-08-06T19:18:00Z,c129,m035,11512
1744,2026-08-06T19:19:00Z,c051,m015,11965
1745,2026-08-06T19:20:00Z,c129,m035,14266
1746,2026-08-06T19:25:00Z,c148,c046,15580
1747,2026-08-06T19:28:00Z,c156,m001,34169
1748,2026-08-06T19:30:00Z,c068,m030,14200
1749,2026-08-06T19:35:00Z,c167,m036,8979
1750,2026-08-06T19:39:00Z,c069,m014,1159
1751,2026-08-06T19:41:00Z,c051,m015,2462
1752,2026-08-06T19:47:00Z,c069,c112,1627
1753,2026-08-06T19:47:00Z,c128,m014,1175
1754,2026-08-06T19:51:00Z,c028,m029,964
1755,2026-08-06T19:54:00Z,c062,m011,9384
1756,2026-08-06T19:55:00Z,c118,m027,881
1757,2026-08-06T20:01:00Z,c054,m013,4082
1758,2026-08-06T20:14:00Z,c082,m026,13999
1759,2026-08-06T20:16:00Z,c112,c065,6899
1760,2026-08-06T20:38:00Z,c047,c089,16300
1761,2026-08-06T20:42:00Z,c028,m031,1554
1762,2026-08-06T20:56:00Z,c130,c095,12439
1763,2026-08-06T21:03:00Z,c112,c065,7142
1764,2026-08-06T21:05:00Z,c073,m012,9003
1765,2026-08-06T21:11:00Z,c154,c009,4509
1766,2026-08-06T21:12:00Z,c014,c084,3289
1767,2026-08-06T21:13:00Z,c055,c070,1972
1768,2026-08-06T21:14:00Z,c123,m025,3706
1769,2026-08-06T21:29:00Z,c088,m037,9274
1770,2026-08-06T21:37:00Z,c116,m023,1722
1771,2026-08-06T21:40:00Z,c125,m001,1933
1772,2026-08-06T21:53:00Z,c125,m034,3079
1773,2026-08-06T22:00:00Z,c077,m006,13756
1774,2026-08-06T22:02:00Z,c049,m031,50000
1775,2026-08-06T22:03:00Z,c154,m028,9537
1776,2026-08-06T22:07:00Z,c087,m039,8468
1777,2026-08-06T22:07:00Z,c154,c069,16846
1778,2026-08-06T22:08:00Z,c068,c054,8483
1779,2026-08-06T22:27:00Z,c096,m006,20266
1780,2026-08-06T22:31:00Z,c096,m017,17591
1781,2026-08-06T22:32:00Z,c096,m031,16829
1782,2026-08-06T23:10:00Z,c173,c027,7824
1783,2026-08-06T23:40:00Z,c125,m035,6128
1784,2026-08-06T23:43:00Z,c125,m031,12042
1785,2026-08-07T00:12:00Z,c125,c073,4427
1786,2026-08-07T03:29:00Z,c032,c083,2079
1787,2026-08-07T03:59:00Z,c095,m025,5829
1788,2026-08-07T04:37:00Z,c032,m011,1805
1789,2026-08-07T05:18:00Z,c171,m031,15751
1790,2026-08-07T05:26:00Z,c171,m028,6508
1791,2026-08-07T05:57:00Z,c166,c085,2334
1792,2026-08-07T06:18:00Z,c032,m029,1625
1793,2026-08-07T06:34:00Z,c040,m000,11123
1794,2026-08-07T06:35:00Z,c078,m001,3242
1795,2026-08-07T06:36:00Z,c099,m023,1874
1796,2026-08-07T06:51:00Z,c050,m001,3935
1797,2026-08-07T06:59:00Z,c098,c172,7414
1798,2026-08-07T07:00:00Z,c124,c173,28685
1799,2026-08-07T07:05:00Z,c098,m038,6524
1800,2026-08-07T07:08:00Z,c098,c172,4679
1801,2026-08-07T07:11:00Z,c098,m011,3377
1802,2026-08-07T07:11:00Z,c100,c063,8301
1803,2026-08-07T07:12:00Z,c050,c089,12834
1804,2026-08-07T07:19:00Z,c098,m033,7191
1805,2026-08-07T07:36:00Z,c099,m011,5367
1806,2026-08-07T07:39:00Z,c078,m028,2238
1807,2026-08-07T07:41:00Z,c042,m001,19888
1808,2026-08-07T07:52:00Z,c030,c038,50000
1809,2026-08-07T07:53:00Z,c042,c151,400000
1810,2026-08-07T08:01:00Z,c109,m026,1027
1811,2026-08-07T08:05:00Z,c019,m013,15090
1812,2026-08-07T08:05:00Z,c137,m002,1944
1813,2026-08-07T08:25:00Z,c030,m031,819
1814,2026-08-07T08:30:00Z,c124,m003,19088
1815,2026-08-07T08:39:00Z,c119,c128,1444
1816,2026-08-07T08:48:00Z,c042,m030,61061
1817,2026-08-07T09:02:00Z,c078,m001,3003
1818,2026-08-07T09:05:00Z,c060,m003,10138
1819,2026-08-07T09:14:00Z,c042,m030,21283
1820,2026-08-07T09:15:00Z,c093,m013,3201
1821,2026-08-07T09:19:00Z,c093,m024,1135
1822,2026-08-07T09:24:00Z,c030,c038,3937
1823,2026-08-07T09:25:00Z,c093,m022,845
1824,2026-08-07T09:26:00Z,c043,c095,14985
1825,2026-08-07T09:28:00Z,c042,c013,12620
1826,2026-08-07T09:30:00Z,c093,m027,2101
1827,2026-08-07T09:31:00Z,c030,m020,647
1828,2026-08-07T09:32:00Z,c050,c005,3283
1829,2026-08-07T09:42:00Z,c005,m027,5692
1830,2026-08-07T09:44:00Z,c005,c011,6274
1831,2026-08-07T09:45:00Z,c078,m024,2777
1832,2026-08-07T09:45:00Z,c153,m008,32225
1833,2026-08-07T09:50:00Z,c005,m029,5375
1834,2026-08-07T09:51:00Z,c110,c090,14961
1835,2026-08-07T09:54:00Z,c021,m031,6434
1836,2026-08-07T09:55:00Z,c101,m010,2097
1837,2026-08-07T09:59:00Z,c153,m009,19010
1838,2026-08-07T10:00:00Z,c101,m018,9219
1839,2026-08-07T10:01:00Z,c066,c173,3659
1840,2026-08-07T10:01:00Z,c107,m038,1452
1841,2026-08-07T10:01:00Z,c133,m023,1340
1842,2026-08-07T10:03:00Z,c031,m026,2659
1843,2026-08-07T10:03:00Z,c092,m030,1167
1844,2026-08-07T10:05:00Z,c022,m035,661
1845,2026-08-07T10:07:00Z,c101,m037,2754
1846,2026-08-07T10:10:00Z,c101,c022,4493
1847,2026-08-07T10:17:00Z,c021,c012,13576
1848,2026-08-07T10:19:00Z,c016,c177,5930
1849,2026-08-07T10:22:00Z,c038,m024,2291
1850,2026-08-07T10:23:00Z,c006,m034,12422
1851,2026-08-07T10:23:00Z,c110,c090,9205
1852,2026-08-07T10:25:00Z,c006,m034,9353
1853,2026-08-07T10:29:00Z,c006,m031,19514
1854,2026-08-07T10:46:00Z,c085,m022,1624
1855,2026-08-07T10:46:00Z,c127,m037,7455
1856,2026-08-07T10:54:00Z,c070,m021,9079
1857,2026-08-07T10:56:00Z,c070,c152,4267
1858,2026-08-07T10:57:00Z,c050,m015,7431
1859,2026-08-07T11:00:00Z,c070,m018,7673
1860,2026-08-07T11:00:00Z,c162,m024,14843
1861,2026-08-07T11:02:00Z,c177,m013,3310
1862,2026-08-07T11:09:00Z,c070,m017,11513
1863,2026-08-07T11:09:00Z,c070,m029,6716
1864,2026-08-07T11:10:00Z,c070,m021,4115
1865,2026-08-07T11:12:00Z,c165,m016,2922
1866,2026-08-07T11:21:00Z,c106,m007,14693
1867,2026-08-07T11:21:00Z,c157,m019,12833
1868,2026-08-07T11:25:00Z,c004,m031,2009
1869,2026-08-07T11:27:00Z,c019,m012,16896
1870,2026-08-07T11:29:00Z,c127,m015,5838
1871,2026-08-07T11:31:00Z,c022,m010,1441
1872,2026-08-07T11:37:00Z,c035,c005,1352
1873,2026-08-07T11:37:00Z,c066,m004,5666
1874,2026-08-07T11:37:00Z,c103,m029,1440
1875,2026-08-07T11:39:00Z,c103,m029,1477
1876,2026-08-07T11:39:00Z,c127,c061,5860
1877,2026-08-07T11:39:00Z,c137,m011,2408
1878,2026-08-07T11:39:00Z,c138,m035,9095
1879,2026-08-07T11:46:00Z,c103,m029,1116
1880,2026-08-07T11:49:00Z,c103,c176,846
1881,2026-08-07T11:50:00Z,c170,m011,2838
1882,2026-08-07T11:51:00Z,c169,m039,17109
1883,2026-08-07T11:57:00Z,c038,m002,5418
1884,2026-08-07T12:01:00Z,c043,m014,7409
1885,2026-08-07T12:04:00Z,c022,c066,1777
1886,2026-08-07T12:06:00Z,c110,m028,8273
1887,2026-08-07T12:08:00Z,c015,c060,33634
1888,2026-08-07T12:08:00Z,c127,c061,6084
1889,2026-08-07T12:09:00Z,c002,m039,2754
1890,2026-08-07T12:23:00Z,c170,c157,2322
1891,2026-08-07T12:30:00Z,c111,m019,9969
1892,2026-08-07T12:34:00Z,c122,m033,9269
1893,2026-08-07T12:37:00Z,c122,m018,11544
1894,2026-08-07T12:38:00Z,c008,m006,3535
1895,2026-08-07T12:38:00Z,c159,m005,2843
1896,2026-08-07T12:40:00Z,c122,m002,4200
1897,2026-08-07T12:45:00Z,c170,c053,1043
1898,2026-08-07T12:49:00Z,c119,c128,1576
1899,2026-08-07T12:51:00Z,c020,c058,8708
1900,2026-08-07T12:54:00Z,c056,c144,18902
1901,2026-08-07T12:54:00Z,c157,m024,18363
1902,2026-08-07T12:58:00Z,c155,m010,1351
1903,2026-08-07T12:59:00Z,c065,c137,400000
1904,2026-08-07T13:01:00Z,c169,m009,26000
1905,2026-08-07T13:03:00Z,c116,m019,2484
1906,2026-08-07T13:04:00Z,c061,m009,11541
1907,2026-08-07T13:06:00Z,c066,m008,10893
1908,2026-08-07T13:07:00Z,c116,m017,1863
1909,2026-08-07T13:07:00Z,c133,m024,1286
1910,2026-08-07T13:08:00Z,c061,m029,14977
1911,2026-08-07T13:10:00Z,c061,m011,10324
1912,2026-08-07T13:13:00Z,c130,m012,240000
1913,2026-08-07T13:21:00Z,c090,m027,29465
1914,2026-08-07T13:21:00Z,c176,c064,4862
1915,2026-08-07T13:24:00Z,c013,m026,16475
1916,2026-08-07T13:25:00Z,c090,c129,14559
1917,2026-08-07T13:31:00Z,c066,m038,3487
1918,2026-08-07T13:33:00Z,c090,m008,16290
1919,2026-08-07T13:39:00Z,c090,m038,15629
1920,2026-08-07T13:40:00Z,c044,c143,8381
1921,2026-08-07T13:44:00Z,c065,m030,30966
1922,2026-08-07T13:45:00Z,c066,m004,6837
1923,2026-08-07T13:46:00Z,c037,c122,24487
1924,2026-08-07T13:49:00Z,c013,m012,20198
1925,2026-08-07T13:54:00Z,c037,m017,27244
1926,2026-08-07T14:12:00Z,c073,c154,14458
1927,2026-08-07T14:13:00Z,c089,m009,15687
1928,2026-08-07T14:14:00Z,c034,m034,25866
1929,2026-08-07T14:17:00Z,c089,m014,10493
1930,2026-08-07T14:18:00Z,c034,m018,33584
1931,2026-08-07T14:18:00Z,c127,c061,14084
1932,2026-08-07T14:22:00Z,c116,m002,2050
1933,2026-08-07T14:25:00Z,c089,c034,8778
1934,2026-08-07T14:30:00Z,c046,c073,2804
1935,2026-08-07T14:38:00Z,c136,c048,10122
1936,2026-08-07T14:41:00Z,c134,m028,21343
1937,2026-08-07T14:41:00Z,c149,m012,1827
1938,2026-08-07T14:45:00Z,c074,c171,4668
1939,2026-08-07T14:50:00Z,c011,m007,1308
1940,2026-08-07T14:52:00Z,c133,m009,50000
1941,2026-08-07T14:56:00Z,c107,m004,1385
1942,2026-08-07T14:59:00Z,c067,m032,2160
1943,2026-08-07T15:05:00Z,c113,m011,1319
1944,2026-08-07T15:06:00Z,c155,c056,2031
1945,2026-08-07T15:07:00Z,c058,m021,2937
1946,2026-08-07T15:08:00Z,c159,m035,1163
1947,2026-08-07T15:12:00Z,c035,m011,2846
1948,2026-08-07T15:12:00Z,c174,m022,1367
1949,2026-08-07T15:13:00Z,c056,c064,6973
1950,2026-08-07T15:13:00Z,c074,c038,9265
1951,2026-08-07T15:17:00Z,c130,c095,21440
1952,2026-08-07T15:20:00Z,c029,m019,3529
1953,2026-08-07T15:22:00Z,c002,m039,2224
1954,2026-08-07T15:23:00Z,c069,c050,887
1955,2026-08-07T15:26:00Z,c139,m007,24386
1956,2026-08-07T15:26:00Z,c176,m037,7032
1957,2026-08-07T15:31:00Z,c017,m016,24001
1958,2026-08-07T15:35:00Z,c091,m013,6968
1959,2026-08-07T15:36:00Z,c083,c113,1270
1960,2026-08-07T15:37:00Z,c127,m015,2172
1961,2026-08-07T15:39:00Z,c083,m011,787
1962,2026-08-07T15:40:00Z,c083,m038,2106
1963,2026-08-07T15:41:00Z,c146,c162,240000
1964,2026-08-07T15:44:00Z,c062,c110,14437
1965,2026-08-07T15:45:00Z,c059,m027,15282
1966,2026-08-07T15:51:00Z,c059,m032,15931
1967,2026-08-07T15:53:00Z,c014,c084,3833
1968,2026-08-07T15:53:00Z,c059,m011,10814
1969,2026-08-07T15:57:00Z,c155,m038,2787
1970,2026-08-07T16:01:00Z,c140,c157,2023
1971,2026-08-07T16:08:00Z,c034,m022,6848
1972,2026-08-07T16:11:00Z,c049,m027,955
1973,2026-08-07T16:12:00Z,c140,m013,5019
1974,2026-08-07T16:13:00Z,c173,m013,15773
1975,2026-08-07T16:17:00Z,c007,c177,6450
1976,2026-08-07T16:28:00Z,c131,c100,13258
1977,2026-08-07T16:29:00Z,c168,m034,10840
1978,2026-08-07T16:32:00Z,c131,m010,24645
1979,2026-08-07T16:35:00Z,c069,c050,828
1980,2026-08-07T16:38:00Z,c130,m035,12967
1981,2026-08-07T16:38:00Z,c142,m006,9666
1982,2026-08-07T16:39:00Z,c112,m032,9847
1983,2026-08-07T16:40:00Z,c145,m003,1737
1984,2026-08-07T16:56:00Z,c104,c156,13001
1985,2026-08-07T17:02:00Z,c011,m008,1587
1986,2026-08-07T17:05:00Z,c155,m039,1295
1987,2026-08-07T17:10:00Z,c062,m014,11987
1988,2026-08-07T17:15:00Z,c167,c094,240000
1989,2026-08-07T17:18:00Z,c047,c065,6376
1990,2026-08-07T17:20:00Z,c047,m034,6872
1991,2026-08-07T17:22:00Z,c007,m036,25398
1992,2026-08-07T17:22:00Z,c047,c065,6598
1993,2026-08-07T17:24:00Z,c047,c089,11107
1994,2026-08-07T17:25:00Z,c056,m003,11536
1995,2026-08-07T17:27:00Z,c176,m027,3666
1996,2026-08-07T17:28:00Z,c084,m037,9780
1997,2026-08-07T17:34:00Z,c026,m018,3552
1998,2026-08-07T17:34:00Z,c155,m039,50000
1999,2026-08-07T17:39:00Z,c147,m031,39180
2000,2026-08-07T17:42:00Z,c056,m010,11163
2001,2026-08-07T17:50:00Z,c113,c011,860
2002,2026-08-07T17:54:00Z,c074,c171,5698
2003,2026-08-07T17:57:00Z,c150,m022,31001
2004,2026-08-07T18:04:00Z,c156,c045,400000
2005,2026-08-07T18:09:00Z,c080,m020,4861
2006,2026-08-07T18:10:00Z,c017,m001,30206
2007,2026-08-07T18:14:00Z,c080,m019,6509
2008,2026-08-07T18:16:00Z,c113,m010,1093
2009,2026-08-07T18:17:00Z,c096,c161,31371
2010,2026-08-07T18:20:00Z,c145,m003,4030
2011,2026-08-07T18:21:00Z,c080,m034,1804
2012,2026-08-07T18:24:00Z,c039,m036,4045
2013,2026-08-07T18:33:00Z,c010,m009,4284
2014,2026-08-07T18:33:00Z,c023,m039,2623
2015,2026-08-07T18:39:00Z,c033,m006,1516
2016,2026-08-07T18:39:00Z,c091,c069,6442
2017,2026-08-07T18:47:00Z,c154,m007,13395
2018,2026-08-07T18:48:00Z,c062,c047,6842
2019,2026-08-07T18:50:00Z,c086,m005,5904
2020,2026-08-07T18:55:00Z,c049,m030,948
2021,2026-08-07T18:59:00Z,c168,c112,19856
2022,2026-08-07T19:01:00Z,c174,c065,1396
2023,2026-08-07T19:03:00Z,c017,m001,20169
2024,2026-08-07T19:22:00Z,c026,c075,1620
2025,2026-08-07T19:24:00Z,c173,m013,4919
2026,2026-08-07T19:29:00Z,c081,m008,1175
2027,2026-08-07T19:31:00Z,c017,m030,34287
2028,2026-08-07T19:32:00Z,c025,m022,10290
2029,2026-08-07T19:36:00Z,c152,c104,6211
2030,2026-08-07T19:38:00Z,c156,m001,19819
2031,2026-08-07T19:42:00Z,c033,m002,3335
2032,2026-08-07T19:50:00Z,c146,m008,13766
2033,2026-08-07T19:53:00Z,c068,m019,11762
2034,2026-08-07T19:58:00Z,c068,c054,9997
2035,2026-08-07T20:01:00Z,c068,c102,7186
2036,2026-08-07T20:02:00Z,c154,m016,5479
2037,2026-08-07T20:08:00Z,c068,c102,4567
2038,2026-08-07T20:09:00Z,c068,m038,9254
2039,2026-08-07T20:17:00Z,c072,m027,6432
2040,2026-08-07T20:22:00Z,c097,c133,2865
2041,2026-08-07T20:22:00Z,c097,m022,3440
2042,2026-08-07T20:28:00Z,c096,m017,18309
2043,2026-08-07T20:35:00Z,c175,m010,1019
2044,2026-08-07T20:38:00Z,c178,c154,3579
2045,2026-08-07T20:43:00Z,c161,m015,4051
2046,2026-08-07T20:45:00Z,c014,c084,4004
2047,2026-08-07T20:48:00Z,c072,m020,6105
2048,2026-08-07T20:57:00Z,c156,m023,20548
2049,2026-08-07T21:06:00Z,c096,m031,12101
2050,2026-08-07T21:09:00Z,c160,m008,9175
2051,2026-08-07T21:17:00Z,c097,c133,2881
2052,2026-08-07T21:17:00Z,c129,c126,18437
2053,2026-08-07T21:20:00Z,c161,m001,8077
2054,2026-08-07T21:30:00Z,c036,c135,11172
2055,2026-08-07T21:37:00Z,c173,m004,5907
2056,2026-08-07T21:41:00Z,c077,c048,17546
2057,2026-08-07T21:49:00Z,c160,m008,8469
2058,2026-08-07T21:53:00Z,c028,m037,1067
2059,2026-08-07T22:01:00Z,c167,c133,9554
2060,2026-08-07T22:07:00Z,c128,m020,2950
2061,2026-08-07T22:14:00Z,c097,c133,1122
2062,2026-08-07T22:18:00Z,c096,c161,24797
2063,2026-08-07T22:22:00Z,c129,m039,7607
2064,2026-08-07T22:41:00Z,c088,m021,6721
2065,2026-08-07T22:58:00Z,c123,m014,4141
2066,2026-08-07T23:10:00Z,c161,m031,2940
2067,2026-08-07T23:21:00Z,c054,m013,60000
2068,2026-08-07T23:25:00Z,c118,m027,2868
2069,2026-08-07T23:35:00Z,c118,m031,2712
2070,2026-08-08T02:46:00Z,c095,m035,4723
2071,2026-08-08T03:18:00Z,c095,m025,1541
2072,2026-08-08T03:45:00Z,c032,m029,1957
2073,2026-08-08T04:19:00Z,c032,m011,1113
2074,2026-08-08T04:27:00Z,c098,m010,3021
2075,2026-08-08T05:14:00Z,c095,m008,1919
2076,2026-08-08T05:15:00Z,c095,c022,1009
2077,2026-08-08T06:27:00Z,c103,m029,1083
2078,2026-08-08T06:28:00Z,c090,m008,27153
2079,2026-08-08T06:31:00Z,c063,m031,2442
2080,2026-08-08T06:39:00Z,c016,m022,8079
2081,2026-08-08T06:51:00Z,c100,m031,4980
2082,2026-08-08T06:53:00Z,c016,c084,5601
2083,2026-08-08T06:53:00Z,c109,c177,650
2084,2026-08-08T06:59:00Z,c109,m037,1375
2085,2026-08-08T07:00:00Z,c063,m031,3410
2086,2026-08-08T07:11:00Z,c170,m011,1089
2087,2026-08-08T07:20:00Z,c060,m003,12184
2088,2026-08-08T07:21:00Z,c103,m029,2729
2089,2026-08-08T07:38:00Z,c008,c147,13850
2090,2026-08-08T07:58:00Z,c027,m006,2275
2091,2026-08-08T08:06:00Z,c177,m014,1262
2092,2026-08-08T08:09:00Z,c126,m008,4846
2093,2026-08-08T08:17:00Z,c065,m010,23150
2094,2026-08-08T08:17:00Z,c121,c139,13260
2095,2026-08-08T08:19:00Z,c121,m035,10477
2096,2026-08-08T08:20:00Z,c166,c004,1116
2097,2026-08-08T08:23:00Z,c121,m035,8100
2098,2026-08-08T08:27:00Z,c076,m016,20322
2099,2026-08-08T08:29:00Z,c121,m025,13976
2100,2026-08-08T08:30:00Z,c158,m009,2473
2101,2026-08-08T08:32:00Z,c109,m026,3449
2102,2026-08-08T08:32:00Z,c126,m009,5393
2103,2026-08-08T08:34:00Z,c042,m013,27189
2104,2026-08-08T08:36:00Z,c052,m002,120000
2105,2026-08-08T08:43:00Z,c002,m039,8586
2106,2026-08-08T08:46:00Z,c108,m038,4988
2107,2026-08-08T08:49:00Z,c065,c038,8490
2108,2026-08-08T08:50:00Z,c159,m013,1320
2109,2026-08-08T09:03:00Z,c139,m033,15003
2110,2026-08-08T09:04:00Z,c159,m003,1105
2111,2026-08-08T09:15:00Z,c115,m013,16017
2112,2026-08-08T09:20:00Z,c107,m025,746
2113,2026-08-08T09:22:00Z,c070,m029,10623
2114,2026-08-08T09:23:00Z,c108,c095,2564
2115,2026-08-08T09:24:00Z,c107,m015,886
2116,2026-08-08T09:25:00Z,c107,m020,1993
2117,2026-08-08T09:26:00Z,c107,m020,1610
2118,2026-08-08T09:29:00Z,c133,m002,515
2119,2026-08-08T09:30:00Z,c030,m020,1188
2120,2026-08-08T09:34:00Z,c041,m029,3730
2121,2026-08-08T09:38:00Z,c100,m031,2749
2122,2026-08-08T09:41:00Z,c093,m023,2862
2123,2026-08-08T09:46:00Z,c169,m012,63355
2124,2026-08-08T09:47:00Z,c131,m014,6977
2125,2026-08-08T09:48:00Z,c053,m015,8378
2126,2026-08-08T09:52:00Z,c053,m001,44251
2127,2026-08-08T09:57:00Z,c053,m013,18895
2128,2026-08-08T09:58:00Z,c053,c174,13958
2129,2026-08-08T10:03:00Z,c090,m038,22484
2130,2026-08-08T10:03:00Z,c117,m026,7459
2131,2026-08-08T10:06:00Z,c170,m011,2652
2132,2026-08-08T10:07:00Z,c133,m009,1049
2133,2026-08-08T10:07:00Z,c170,c053,2185
2134,2026-08-08T10:09:00Z,c046,m004,4975
2135,2026-08-08T10:09:00Z,c101,c175,16070
2136,2026-08-08T10:11:00Z,c045,m039,1364
2137,2026-08-08T10:12:00Z,c126,c047,12490
2138,2026-08-08T10:16:00Z,c070,c064,7012
2139,2026-08-08T10:16:00Z,c169,m014,9342
2140,2026-08-08T10:20:00Z,c043,m022,9277
2141,2026-08-08T10:21:00Z,c009,m020,2692
2142,2026-08-08T10:23:00Z,c035,m037,1081
2143,2026-08-08T10:24:00Z,c030,m021,806
2144,2026-08-08T10:25:00Z,c043,m032,40620
2145,2026-08-08T10:26:00Z,c046,m008,4570
2146,2026-08-08T10:26:00Z,c133,m009,707
2147,2026-08-08T10:27:00Z,c110,c090,10289
2148,2026-08-08T10:28:00Z,c043,m018,16123
2149,2026-08-08T10:30:00Z,c153,m008,46338
2150,2026-08-08T10:37:00Z,c170,m011,2169
2151,2026-08-08T10:39:00Z,c005,m009,3177
2152,2026-08-08T10:39:00Z,c005,m024,6318
2153,2026-08-08T10:39:00Z,c021,m018,9279
2154,2026-08-08T10:43:00Z,c005,m009,6688
2155,2026-08-08T10:45:00Z,c099,c011,796
2156,2026-08-08T10:48:00Z,c061,m009,13788
2157,2026-08-08T10:48:00Z,c099,m039,626
2158,2026-08-08T10:49:00Z,c031,m022,3666
2159,2026-08-08T10:49:00Z,c057,c084,5157
2160,2026-08-08T10:49:00Z,c078,m011,3360
2161,2026-08-08T10:52:00Z,c058,c018,2944
2162,2026-08-08T10:52:00Z,c060,m023,8947
2163,2026-08-08T10:54:00Z,c058,m001,4391
2164,2026-08-08T10:54:00Z,c090,m027,31468
2165,2026-08-08T10:55:00Z,c005,c011,2394
2166,2026-08-08T10:55:00Z,c045,m014,3443
2167,2026-08-08T10:55:00Z,c099,m027,811
2168,2026-08-08T10:56:00Z,c038,m024,2780
2169,2026-08-08T10:56:00Z,c058,m001,3942
2170,2026-08-08T10:57:00Z,c158,m025,1921
2171,2026-08-08T11:00:00Z,c015,m038,20251
2172,2026-08-08T11:00:00Z,c034,m022,8636
2173,2026-08-08T11:01:00Z,c058,m002,4476
2174,2026-08-08T11:02:00Z,c046,c073,7573
2175,2026-08-08T11:03:00Z,c034,m018,20376
2176,2026-08-08T11:08:00Z,c035,m011,557
2177,2026-08-08T11:11:00Z,c158,c179,1443
2178,2026-08-08T11:18:00Z,c141,c043,1310
2179,2026-08-08T11:23:00Z,c048,m023,5580
2180,2026-08-08T11:29:00Z,c005,m027,5622
2181,2026-08-08T11:30:00Z,c015,m030,24547
2182,2026-08-08T11:30:00Z,c101,m037,4928
2183,2026-08-08T11:30:00Z,c126,m023,7470
2184,2026-08-08T11:33:00Z,c127,m030,120000
2185,2026-08-08T11:37:00Z,c059,m021,22062
2186,2026-08-08T11:37:00Z,c101,c175,4496
2187,2026-08-08T11:42:00Z,c131,m030,10941
2188,2026-08-08T11:42:00Z,c158,m025,2237
2189,2026-08-08T11:44:00Z,c093,m027,1252
2190,2026-08-08T11:49:00Z,c162,m024,25589
2191,2026-08-08T11:50:00Z,c101,m018,7385
2192,2026-08-08T11:53:00Z,c110,c142,18392
2193,2026-08-08T11:54:00Z,c168,c108,26434
2194,2026-08-08T11:55:00Z,c030,m020,2618
2195,2026-08-08T11:56:00Z,c169,m039,23280
2196,2026-08-08T11:59:00Z,c035,c005,1554
2197,2026-08-08T12:01:00Z,c134,m034,18577
2198,2026-08-08T12:05:00Z,c001,m016,4969
2199,2026-08-08T12:11:00Z,c001,m000,7535
2200,2026-08-08T12:11:00Z,c171,m003,15345
2201,2026-08-08T12:13:00Z,c001,m016,12226
2202,2026-08-08T12:13:00Z,c108,m026,2298
2203,2026-08-08T12:14:00Z,c101,m010,13583
2204,2026-08-08T12:17:00Z,c005,c018,4502
2205,2026-08-08T12:24:00Z,c085,m028,2085
2206,2026-08-08T12:28:00Z,c059,m022,21354
2207,2026-08-08T12:31:00Z,c108,m026,2499
2208,2026-08-08T12:37:00Z,c039,m005,10567
2209,2026-08-08T12:39:00Z,c079,m004,13623
2210,2026-08-08T12:39:00Z,c101,m015,5905
2211,2026-08-08T12:41:00Z,c034,m014,12733
2212,2026-08-08T12:44:00Z,c059,c057,10346
2213,2026-08-08T12:44:00Z,c059,m014,10730
2214,2026-08-08T12:49:00Z,c114,c154,35209
2215,2026-08-08T12:51:00Z,c006,c026,4017
2216,2026-08-08T12:51:00Z,c168,c108,22010
2217,2026-08-08T12:59:00Z,c119,m013,2320
2218,2026-08-08T12:59:00Z,c133,m024,50000
2219,2026-08-08T13:02:00Z,c050,m030,5297
2220,2026-08-08T13:04:00Z,c151,c088,4763
2221,2026-08-08T13:10:00Z,c021,m016,12453
2222,2026-08-08T13:13:00Z,c015,m038,54100
2223,2026-08-08T13:14:00Z,c035,m004,472
2224,2026-08-08T13:14:00Z,c038,m024,5609
2225,2026-08-08T13:18:00Z,c046,m009,6160
2226,2026-08-08T13:24:00Z,c006,c055,4879
2227,2026-08-08T13:25:00Z,c120,m028,240000
2228,2026-08-08T13:46:00Z,c126,c029,3490
2229,2026-08-08T13:46:00Z,c141,m002,1928
2230,2026-08-08T13:48:00Z,c085,m028,1899
2231,2026-08-08T13:48:00Z,c119,m003,2216
2232,2026-08-08T13:48:00Z,c146,m039,3834
2233,2026-08-08T13:49:00Z,c146,m023,11079
2234,2026-08-08T13:53:00Z,c071,m013,6603
2235,2026-08-08T13:54:00Z,c092,c176,705
2236,2026-08-08T13:56:00Z,c092,c116,1191
2237,2026-08-08T14:00:00Z,c004,m005,3427
2238,2026-08-08T14:02:00Z,c122,m033,5570
2239,2026-08-08T14:03:00Z,c080,m018,2611
2240,2026-08-08T14:06:00Z,c092,m016,2123
2241,2026-08-08T14:12:00Z,c092,m030,4086
2242,2026-08-08T14:14:00Z,c174,m022,707
2243,2026-08-08T14:27:00Z,c122,m028,12087
2244,2026-08-08T14:29:00Z,c023,m013,1549
2245,2026-08-08T14:29:00Z,c067,m038,1533
2246,2026-08-08T14:29:00Z,c111,m028,13220
2247,2026-08-08T14:30:00Z,c037,m003,23256
2248,2026-08-08T14:34:00Z,c153,m008,20373
2249,2026-08-08T14:38:00Z,c122,m034,7001
2250,2026-08-08T14:43:00Z,c039,m005,4043
2251,2026-08-08T14:48:00Z,c024,c044,1799
2252,2026-08-08T14:49:00Z,c050,c089,5376
2253,2026-08-08T14:52:00Z,c044,m033,3739
2254,2026-08-08T14:55:00Z,c034,c069,6585
2255,2026-08-08T14:55:00Z,c089,m011,15241
2256,2026-08-08T14:56:00Z,c051,m004,3844
2257,2026-08-08T14:57:00Z,c029,c175,2545
2258,2026-08-08T14:59:00Z,c101,m030,5885
2259,2026-08-08T15:04:00Z,c142,m014,20393
2260,2026-08-08T15:07:00Z,c066,c125,6046
2261,2026-08-08T15:10:00Z,c165,m015,8061
2262,2026-08-08T15:14:00Z,c094,m010,20434
2263,2026-08-08T15:16:00Z,c102,c151,9884
2264,2026-08-08T15:19:00Z,c125,m017,5238
2265,2026-08-08T15:30:00Z,c013,m039,41626
2266,2026-08-08T15:36:00Z,c089,m034,8363
2267,2026-08-08T15:41:00Z,c120,m024,9720
2268,2026-08-08T15:41:00Z,c179,m031,1534
2269,2026-08-08T15:44:00Z,c056,m027,8004
2270,2026-08-08T15:49:00Z,c130,m033,12061
2271,2026-08-08T15:52:00Z,c178,m033,5788
2272,2026-08-08T16:03:00Z,c130,m001,7949
2273,2026-08-08T16:05:00Z,c144,c174,120000
2274,2026-08-08T16:07:00Z,c000,c018,14484
2275,2026-08-08T16:07:00Z,c080,m034,2676
2276,2026-08-08T16:07:00Z,c168,m034,31680
2277,2026-08-08T16:09:00Z,c086,c020,5186
2278,2026-08-08T16:10:00Z,c072,c097,6809
2279,2026-08-08T16:18:00Z,c017,m010,18676
2280,2026-08-08T16:20:00Z,c102,c093,7671
2281,2026-08-08T16:20:00Z,c152,c043,14025
2282,2026-08-08T16:21:00Z,c056,c064,14164
2283,2026-08-08T16:24:00Z,c017,m001,35117
2284,2026-08-08T16:25:00Z,c176,c166,4741
2285,2026-08-08T16:26:00Z,c017,m000,30545
2286,2026-08-08T16:26:00Z,c017,m001,63890
2287,2026-08-08T16:27:00Z,c017,m001,15758
2288,2026-08-08T16:36:00Z,c028,m029,3735
2289,2026-08-08T16:42:00Z,c154,c009,3844
2290,2026-08-08T16:50:00Z,c072,c135,7120
2291,2026-08-08T16:53:00Z,c011,m025,795
2292,2026-08-08T16:53:00Z,c155,c056,897
2293,2026-08-08T16:54:00Z,c056,c064,11175
2294,2026-08-08T16:55:00Z,c175,c059,2118
2295,2026-08-08T16:57:00Z,c155,c056,988
2296,2026-08-08T17:01:00Z,c155,m027,1677
2297,2026-08-08T17:02:00Z,c024,m003,1675
2298,2026-08-08T17:11:00Z,c155,m025,496
2299,2026-08-08T17:13:00Z,c047,m000,7575
2300,2026-08-08T17:14:00Z,c152,m032,7153
2301,2026-08-08T17:21:00Z,c125,m001,2730
2302,2026-08-08T17:21:00Z,c146,m023,8692
2303,2026-08-08T17:33:00Z,c118,m031,958
2304,2026-08-08T17:35:00Z,c173,m014,7764
2305,2026-08-08T17:44:00Z,c062,m004,20760
2306,2026-08-08T17:51:00Z,c068,m038,4958
2307,2026-08-08T17:52:00Z,c077,m006,19696
2308,2026-08-08T17:56:00Z,c077,m023,31763
2309,2026-08-08T18:04:00Z,c077,c048,46926
2310,2026-08-08T18:04:00Z,c077,m007,25135
2311,2026-08-08T18:07:00Z,c136,c120,15481
2312,2026-08-08T18:08:00Z,c146,c162,13304
2313,2026-08-08T18:20:00Z,c028,m031,1357
2314,2026-08-08T18:27:00Z,c012,m012,2046
2315,2026-08-08T18:28:00Z,c062,m004,5449
2316,2026-08-08T18:28:00Z,c112,m017,11604
2317,2026-08-08T18:34:00Z,c154,m006,6681
2318,2026-08-08T18:42:00Z,c086,c132,5159
2319,2026-08-08T18:43:00Z,c054,m013,2305
2320,2026-08-08T18:47:00Z,c140,m037,3893
2321,2026-08-08T18:50:00Z,c125,m001,10119
2322,2026-08-08T19:00:00Z,c024,m035,1562
2323,2026-08-08T19:03:00Z,c154,m028,5570
2324,2026-08-08T19:08:00Z,c062,m005,9199
2325,2026-08-08T19:11:00Z,c073,c158,15579
2326,2026-08-08T19:14:00Z,c083,m012,797
2327,2026-08-08T19:14:00Z,c161,m015,9101
2328,2026-08-08T19:15:00Z,c073,m010,14726
2329,2026-08-08T19:20:00Z,c073,c154,7977
2330,2026-08-08T19:22:00Z,c160,m000,9407
2331,2026-08-08T19:23:00Z,c073,c158,11876
2332,2026-08-08T19:24:00Z,c128,m014,1775
2333,2026-08-08T19:27:00Z,c128,m021,1961
2334,2026-08-08T19:33:00Z,c167,m011,19202
2335,2026-08-08T19:36:00Z,c044,c147,1331
2336,2026-08-08T19:42:00Z,c128,m035,772
2337,2026-08-08T19:59:00Z,c014,m007,3848
2338,2026-08-08T20:01:00Z,c129,m008,8120
2339,2026-08-08T20:01:00Z,c140,c157,5174
2340,2026-08-08T20:03:00Z,c056,m010,12686
2341,2026-08-08T20:06:00Z,c176,c053,5866
2342,2026-08-08T20:08:00Z,c091,m021,9200
2343,2026-08-08T20:10:00Z,c176,m029,6399
2344,2026-08-08T20:13:00Z,c136,c120,2935
2345,2026-08-08T20:16:00Z,c096,m017,24488
2346,2026-08-08T20:18:00Z,c176,m033,6289
2347,2026-08-08T20:19:00Z,c028,m037,1961
2348,2026-08-08T20:21:00Z,c028,m034,1623
2349,2026-08-08T20:39:00Z,c167,m033,7974
2350,2026-08-08T20:42:00Z,c082,m004,29945
2351,2026-08-08T20:44:00Z,c082,m017,18031
2352,2026-08-08T20:45:00Z,c091,c069,2867
2353,2026-08-08T20:51:00Z,c176,m029,3332
2354,2026-08-08T20:54:00Z,c082,c039,30199
2355,2026-08-08T20:58:00Z,c049,m027,942
2356,2026-08-08T21:06:00Z,c062,m036,8959
2357,2026-08-08T21:25:00Z,c055,m036,2658
2358,2026-08-08T21:48:00Z,c083,m012,1222
2359,2026-08-08T21:52:00Z,c173,m008,9896
2360,2026-08-08T22:04:00Z,c049,m031,1620
2361,2026-08-08T22:34:00Z,c160,m026,6005
2362,2026-08-08T22:35:00Z,c160,m004,23379
2363,2026-08-08T23:04:00Z,c160,m011,17972
2364,2026-08-08T23:19:00Z,c087,m022,17815
2365,2026-08-08T23:38:00Z,c025,c068,32732
2366,2026-08-08T23:52:00Z,c160,m023,4606
2367,2026-08-09T00:52:00Z,c172,c151,2055
2368,2026-08-09T02:51:00Z,c042,m030,17904
2369,2026-08-09T03:00:00Z,c042,m001,31546
2370,2026-08-09T04:07:00Z,c100,m031,14719
2371,2026-08-09T04:10:00Z,c063,m031,3491
2372,2026-08-09T05:34:00Z,c045,m025,4012
2373,2026-08-09T06:08:00Z,c057,c016,4687
2374,2026-08-09T06:09:00Z,c171,m027,14630
2375,2026-08-09T06:11:00Z,c040,m019,20780
2376,2026-08-09T06:34:00Z,c057,c059,11484
2377,2026-08-09T06:38:00Z,c093,m023,899
2378,2026-08-09T06:52:00Z,c169,m012,15226
2379,2026-08-09T06:57:00Z,c169,c086,11847
2380,2026-08-09T06:58:00Z,c169,c172,32979
2381,2026-08-09T07:00:00Z,c078,m001,2754
2382,2026-08-09T07:04:00Z,c169,c172,23496
2383,2026-08-09T07:06:00Z,c115,m001,42711
2384,2026-08-09T07:12:00Z,c169,m012,33046
2385,2026-08-09T07:16:00Z,c139,m032,15467
2386,2026-08-09T07:25:00Z,c053,m013,23090
2387,2026-08-09T07:26:00Z,c078,m001,3840
2388,2026-08-09T07:31:00Z,c040,c039,9524
2389,2026-08-09T07:35:00Z,c138,m022,9019
2390,2026-08-09T07:39:00Z,c060,m032,4381
2391,2026-08-09T07:50:00Z,c090,c044,13089
2392,2026-08-09T07:56:00Z,c133,m009,2171
2393,2026-08-09T08:07:00Z,c037,m007,12897
2394,2026-08-09T08:14:00Z,c098,m032,9466
2395,2026-08-09T08:22:00Z,c050,c063,27630
2396,2026-08-09T08:24:00Z,c070,m036,7659
2397,2026-08-09T08:28:00Z,c050,c089,5717
2398,2026-08-09T08:30:00Z,c126,m020,11609
2399,2026-08-09T08:38:00Z,c027,m006,1632
2400,2026-08-09T08:39:00Z,c109,m026,1110
2401,2026-08-09T08:47:00Z,c016,m026,2521
2402,2026-08-09T08:47:00Z,c121,m025,12424
2403,2026-08-09T08:52:00Z,c078,c171,2189
2404,2026-08-09T09:02:00Z,c032,c083,1845
2405,2026-08-09T09:09:00Z,c095,m011,1907
2406,2026-08-09T09:11:00Z,c100,c063,3910
2407,2026-08-09T09:20:00Z,c041,m029,2480
2408,2026-08-09T09:20:00Z,c099,m011,3916
2409,2026-08-09T09:21:00Z,c065,m001,20605
2410,2026-08-09T09:23:00Z,c089,m014,12458
2411,2026-08-09T09:31:00Z,c040,m031,35263
2412,2026-08-09T09:38:00Z,c050,m015,5023
2413,2026-08-09T09:43:00Z,c115,m001,13460
2414,2026-08-09T09:45:00Z,c035,m037,50000
2415,2026-08-09T09:47:00Z,c079,m023,9967
2416,2026-08-09T09:48:00Z,c006,c026,23666
2417,2026-08-09T09:49:00Z,c107,m015,1759
2418,2026-08-09T10:00:00Z,c065,c038,8174
2419,2026-08-09T10:08:00Z,c065,m022,6874
2420,2026-08-09T10:09:00Z,c038,m024,5966
2421,2026-08-09T10:09:00Z,c090,c044,23573
2422,2026-08-09T10:10:00Z,c001,c133,17517
2423,2026-08-09T10:15:00Z,c170,m024,1712
2424,2026-08-09T10:17:00Z,c065,c069,20999
2425,2026-08-09T10:19:00Z,c127,c061,13955
2426,2026-08-09T10:22:00Z,c133,m009,3381
2427,2026-08-09T10:27:00Z,c008,m031,6229
2428,2026-08-09T10:29:00Z,c089,m009,13035
2429,2026-08-09T10:29:00Z,c126,m008,8381
2430,2026-08-09T10:30:00Z,c008,m018,5681
2431,2026-08-09T10:30:00Z,c127,m001,8736
2432,2026-08-09T10:33:00Z,c008,c147,6260
2433,2026-08-09T10:34:00Z,c065,m030,14078
2434,2026-08-09T10:35:00Z,c139,m032,54315
2435,2026-08-09T10:41:00Z,c070,m021,4290
2436,2026-08-09T10:43:00Z,c127,m015,9054
2437,2026-08-09T10:44:00Z,c060,m022,20779
2438,2026-08-09T10:44:00Z,c133,c121,1015
2439,2026-08-09T10:44:00Z,c166,c085,871
2440,2026-08-09T10:45:00Z,c085,m033,1752
2441,2026-08-09T10:45:00Z,c093,m013,2438
2442,2026-08-09T10:49:00Z,c057,m002,3724
2443,2026-08-09T10:49:00Z,c095,c022,4483
2444,2026-08-09T10:50:00Z,c079,m004,9268
2445,2026-08-09T10:55:00Z,c081,m031,1289
2446,2026-08-09T10:55:00Z,c120,m004,12998
2447,2026-08-09T10:56:00Z,c135,c077,75574
2448,2026-08-09T10:57:00Z,c060,m023,12873
2449,2026-08-09T11:00:00Z,c081,m008,873
2450,2026-08-09T11:01:00Z,c065,m004,400000
2451,2026-08-09T11:05:00Z,c170,c157,2242
2452,2026-08-09T11:09:00Z,c089,m000,9626
2453,2026-08-09T11:10:00Z,c131,c100,13504
2454,2026-08-09T11:11:00Z,c029,c175,2408
2455,2026-08-09T11:12:00Z,c159,m031,2279
2456,2026-08-09T11:13:00Z,c177,m012,2172
2457,2026-08-09T11:14:00Z,c099,m007,1923
2458,2026-08-09T11:15:00Z,c019,c097,29058
2459,2026-08-09T11:21:00Z,c002,c048,5726
2460,2026-08-09T11:22:00Z,c046,m009,12903
2461,2026-08-09T11:23:00Z,c065,m022,21992
2462,2026-08-09T11:26:00Z,c103,m029,1313
2463,2026-08-09T11:28:00Z,c103,m025,1233
2464,2026-08-09T11:31:00Z,c099,m007,967
2465,2026-08-09T11:36:00Z,c103,m025,50000
2466,2026-08-09T11:41:00Z,c103,m029,1885
2467,2026-08-09T11:44:00Z,c019,c097,26934
2468,2026-08-09T11:45:00Z,c037,c122,53403
2469,2026-08-09T11:49:00Z,c070,m017,2637
2470,2026-08-09T11:50:00Z,c103,m029,1540
2471,2026-08-09T11:50:00Z,c170,m004,934
2472,2026-08-09T11:54:00Z,c058,m021,6234
2473,2026-08-09T11:54:00Z,c124,c025,400000
2474,2026-08-09T12:11:00Z,c110,m037,5754
2475,2026-08-09T12:13:00Z,c101,c022,4747
2476,2026-08-09T12:16:00Z,c092,c116,3104
2477,2026-08-09T12:24:00Z,c110,c090,11726
2478,2026-08-09T12:26:00Z,c000,c039,17343
2479,2026-08-09T12:30:00Z,c124,c161,10564
2480,2026-08-09T12:42:00Z,c037,m003,14930
2481,2026-08-09T12:44:00Z,c015,m029,13125
2482,2026-08-09T12:47:00Z,c074,m021,8644
2483,2026-08-09T12:49:00Z,c032,m003,817
2484,2026-08-09T12:50:00Z,c131,m014,14603
2485,2026-08-09T12:56:00Z,c081,m008,1072
2486,2026-08-09T12:58:00Z,c030,m037,1786
2487,2026-08-09T12:59:00Z,c066,m023,7045
2488,2026-08-09T13:02:00Z,c030,m021,2019
2489,2026-08-09T13:02:00Z,c030,m037,2401
2490,2026-08-09T13:03:00Z,c120,m004,10756
2491,2026-08-09T13:05:00Z,c047,m000,5348
2492,2026-08-09T13:16:00Z,c002,m029,6299
2493,2026-08-09T13:16:00Z,c059,m030,27058
2494,2026-08-09T13:21:00Z,c153,m015,10553
2495,2026-08-09T13:21:00Z,c179,m031,1642
2496,2026-08-09T13:25:00Z,c092,m016,701
2497,2026-08-09T13:28:00Z,c101,c022,2686
2498,2026-08-09T13:29:00Z,c070,m017,9561
2499,2026-08-09T13:31:00Z,c101,m010,14554
2500,2026-08-09T13:34:00Z,c165,m015,2031
2501,2026-08-09T13:42:00Z,c056,m008,12812
2502,2026-08-09T13:43:00Z,c067,m006,3055
2503,2026-08-09T13:45:00Z,c079,m006,12210
2504,2026-08-09T13:45:00Z,c113,m010,750
2505,2026-08-09T13:46:00Z,c037,m006,18935
2506,2026-08-09T13:48:00Z,c101,m030,4662
2507,2026-08-09T13:54:00Z,c023,m039,1666
2508,2026-08-09T13:56:00Z,c020,m036,15399
2509,2026-08-09T13:58:00Z,c149,m010,3343
2510,2026-08-09T13:58:00Z,c158,c179,1675
2511,2026-08-09T14:01:00Z,c099,m011,1657
2512,2026-08-09T14:03:00Z,c158,c179,1246
2513,2026-08-09T14:06:00Z,c039,c075,120000
2514,2026-08-09T14:06:00Z,c158,m033,50000
2515,2026-08-09T14:07:00Z,c091,c069,6714
2516,2026-08-09T14:09:00Z,c144,c174,5238
2517,2026-08-09T14:11:00Z,c017,m018,26133
2518,2026-08-09T14:11:00Z,c034,m034,9283
2519,2026-08-09T14:11:00Z,c046,m009,3862
2520,2026-08-09T14:13:00Z,c058,m001,4806
2521,2026-08-09T14:14:00Z,c116,c020,5534
2522,2026-08-09T14:15:00Z,c020,m008,5345
2523,2026-08-09T14:18:00Z,c119,c128,2068
2524,2026-08-09T14:20:00Z,c119,m011,1579
2525,2026-08-09T14:21:00Z,c150,m022,9621
2526,2026-08-09T14:24:00Z,c119,m021,1636
2527,2026-08-09T14:33:00Z,c179,m024,1172
2528,2026-08-09T14:43:00Z,c022,c000,1187
2529,2026-08-09T14:44:00Z,c000,m036,44565
2530,2026-08-09T14:49:00Z,c096,m003,8939
2531,2026-08-09T14:59:00Z,c073,m029,8777
2532,2026-08-09T15:05:00Z,c127,m005,4914
2533,2026-08-09T15:09:00Z,c000,c039,22424
2534,2026-08-09T15:10:00Z,c127,m005,7892
2535,2026-08-09T15:11:00Z,c091,c069,8165
2536,2026-08-09T15:17:00Z,c159,c060,1404
2537,2026-08-09T15:18:00Z,c034,c069,7610
2538,2026-08-09T15:19:00Z,c165,c044,2029
2539,2026-08-09T15:24:00Z,c061,m011,15025
2540,2026-08-09T15:27:00Z,c061,m011,10750
2541,2026-08-09T15:28:00Z,c061,m011,18856
2542,2026-08-09T15:32:00Z,c022,m035,963
2543,2026-08-09T15:32:00Z,c073,m012,18903
2544,2026-08-09T15:34:00Z,c067,c163,2111
2545,2026-08-09T15:34:00Z,c074,c038,7569
2546,2026-08-09T15:36:00Z,c072,m012,9999
2547,2026-08-09T15:37:00Z,c168,m034,16950
2548,2026-08-09T15:42:00Z,c046,m009,4832
2549,2026-08-09T15:47:00Z,c113,m010,942
2550,2026-08-09T15:52:00Z,c010,m023,2086
2551,2026-08-09T15:52:00Z,c047,m011,4695
2552,2026-08-09T15:53:00Z,c017,m038,28221
2553,2026-08-09T16:03:00Z,c096,m031,33567
2554,2026-08-09T16:04:00Z,c094,m004,13486
2555,2026-08-09T16:05:00Z,c066,m008,3516
2556,2026-08-09T16:06:00Z,c155,c056,2140
2557,2026-08-09T16:15:00Z,c074,m021,11586
2558,2026-08-09T16:20:00Z,c018,m032,21139
2559,2026-08-09T16:29:00Z,c059,m014,10031
2560,2026-08-09T16:29:00Z,c111,m019,11928
2561,2026-08-09T16:31:00Z,c130,m025,7671
2562,2026-08-09T16:32:00Z,c142,m005,9124
2563,2026-08-09T16:35:00Z,c072,m019,7905
2564,2026-08-09T16:39:00Z,c010,m023,3137
2565,2026-08-09T16:40:00Z,c096,m031,26495
2566,2026-08-09T16:41:00Z,c116,m023,1600
2567,2026-08-09T16:48:00Z,c064,m036,4471
2568,2026-08-09T16:54:00Z,c064,m015,5312
2569,2026-08-09T16:54:00Z,c064,m029,8956
2570,2026-08-09T16:55:00Z,c131,m004,9141
2571,2026-08-09T16:59:00Z,c033,m002,1159
2572,2026-08-09T17:07:00Z,c084,m015,26934
2573,2026-08-09T17:08:00Z,c097,c133,1667
2574,2026-08-09T17:10:00Z,c094,m004,15374
2575,2026-08-09T17:11:00Z,c051,c102,3856
2576,2026-08-09T17:13:00Z,c013,c090,19221
2577,2026-08-09T17:14:00Z,c091,c069,4136
2578,2026-08-09T17:17:00Z,c179,m031,1321
2579,2026-08-09T17:23:00Z,c049,m024,50000
2580,2026-08-09T17:24:00Z,c013,c078,21674
2581,2026-08-09T17:24:00Z,c097,m020,1087
2582,2026-08-09T17:26:00Z,c146,c162,7997
2583,2026-08-09T17:28:00Z,c146,m020,11922
2584,2026-08-09T17:31:00Z,c084,m031,8801
2585,2026-08-09T17:34:00Z,c146,m009,6166
2586,2026-08-09T17:44:00Z,c146,c162,9052
2587,2026-08-09T17:46:00Z,c023,c042,1732
2588,2026-08-09T17:51:00Z,c073,m004,17316
2589,2026-08-09T17:59:00Z,c130,m035,240000
2590,2026-08-09T18:06:00Z,c023,c042,1086
2591,2026-08-09T18:08:00Z,c172,m016,2089
2592,2026-08-09T18:32:00Z,c134,m028,13364
2593,2026-08-09T18:32:00Z,c179,m007,1308
2594,2026-08-09T18:33:00Z,c003,m016,483
2595,2026-08-09T18:37:00Z,c084,m001,8054
2596,2026-08-09T18:39:00Z,c069,c050,1368
2597,2026-08-09T18:46:00Z,c007,m036,24656
2598,2026-08-09T18:58:00Z,c010,m023,60000
2599,2026-08-09T19:00:00Z,c083,m038,1543
2600,2026-08-09T19:02:00Z,c075,m027,17650
2601,2026-08-09T19:09:00Z,c010,m023,5043
2602,2026-08-09T19:10:00Z,c173,m020,9984
2603,2026-08-09T19:10:00Z,c176,m029,7160
2604,2026-08-09T19:21:00Z,c123,m003,4225
2605,2026-08-09T19:26:00Z,c077,m027,27168
2606,2026-08-09T19:32:00Z,c036,m026,13401
2607,2026-08-09T19:38:00Z,c125,c073,4061
2608,2026-08-09T19:50:00Z,c075,c129,9962
2609,2026-08-09T19:55:00Z,c088,m025,6434
2610,2026-08-09T20:01:00Z,c112,c132,7683
2611,2026-08-09T20:05:00Z,c155,m038,1539
2612,2026-08-09T20:11:00Z,c024,m035,3448
2613,2026-08-09T20:15:00Z,c018,m033,16483
2614,2026-08-09T20:24:00Z,c152,m017,11210
2615,2026-08-09T20:25:00Z,c176,m022,4232
2616,2026-08-09T20:30:00Z,c155,m039,1467
2617,2026-08-09T20:35:00Z,c077,m025,27005
2618,2026-08-09T20:43:00Z,c084,c056,7949
2619,2026-08-09T20:48:00Z,c155,m025,1846
2620,2026-08-09T20:51:00Z,c129,c126,27972
2621,2026-08-09T20:52:00Z,c018,m022,28165
2622,2026-08-09T20:55:00Z,c086,m027,12929
2623,2026-08-09T20:58:00Z,c172,m029,1241
2624,2026-08-09T21:00:00Z,c003,m032,1609
2625,2026-08-09T21:06:00Z,c175,c177,1200
2626,2026-08-09T21:15:00Z,c173,m012,3404
2627,2026-08-09T21:17:00Z,c147,c104,18927
2628,2026-08-09T21:19:00Z,c025,c070,9898
2629,2026-08-09T21:26:00Z,c062,m024,27097
2630,2026-08-09T21:32:00Z,c068,m038,7825
2631,2026-08-09T21:37:00Z,c128,m002,1596
2632,2026-08-09T21:39:00Z,c062,m025,13324
2633,2026-08-09T21:39:00Z,c154,m028,9623
2634,2026-08-09T21:41:00Z,c077,m006,15459
2635,2026-08-09T21:43:00Z,c154,c069,120000
2636,2026-08-09T21:44:00Z,c154,m006,8773
2637,2026-08-09T21:53:00Z,c128,m038,1251
2638,2026-08-09T21:54:00Z,c178,m027,5014
2639,2026-08-09T21:55:00Z,c077,m023,400000
2640,2026-08-09T21:58:00Z,c178,m027,8597
2641,2026-08-09T22:01:00Z,c118,m036,616
2642,2026-08-09T22:02:00Z,c178,c042,4520
2643,2026-08-09T22:02:00Z,c178,m027,5866
2644,2026-08-09T22:07:00Z,c118,m016,697
2645,2026-08-09T22:09:00Z,c118,m031,4051
2646,2026-08-09T22:09:00Z,c178,c154,5759
2647,2026-08-09T22:17:00Z,c173,m004,120000
2648,2026-08-09T22:30:00Z,c125,m001,7616
2649,2026-08-09T22:35:00Z,c068,c102,7053
2650,2026-08-09T22:37:00Z,c068,c054,6780
2651,2026-08-09T23:16:00Z,c068,m038,13210
2652,2026-08-09T23:30:00Z,c068,c102,4691
2653,2026-08-10T00:16:00Z,c125,m029,5973
2654,2026-08-10T00:46:00Z,c068,c102,11959
2655,2026-08-10T03:40:00Z,c135,m034,16060
2656,2026-08-10T03:54:00Z,c031,c103,2729
2657,2026-08-10T04:35:00Z,c031,c103,10473
2658,2026-08-10T04:41:00Z,c032,m002,1529
2659,2026-08-10T04:51:00Z,c171,m003,7259
2660,2026-08-10T05:26:00Z,c095,m025,1990
2661,2026-08-10T06:14:00Z,c016,m037,5616
2662,2026-08-10T06:15:00Z,c169,c172,29748
2663,2026-08-10T06:41:00Z,c035,c005,1372
2664,2026-08-10T06:50:00Z,c098,m021,1852
2665,2026-08-10T06:52:00Z,c095,c022,2341
2666,2026-08-10T06:55:00Z,c035,c005,2461
2667,2026-08-10T07:08:00Z,c021,m016,27144
2668,2026-08-10T07:09:00Z,c098,m011,1378
2669,2026-08-10T07:09:00Z,c166,c085,995
2670,2026-08-10T07:11:00Z,c032,c083,2012
2671,2026-08-10T07:11:00Z,c151,c017,4085
2672,2026-08-10T07:14:00Z,c098,c172,5471
2673,2026-08-10T07:33:00Z,c057,m009,3054
2674,2026-08-10T07:37:00Z,c103,c176,3206
2675,2026-08-10T07:50:00Z,c035,m004,2395
2676,2026-08-10T07:55:00Z,c115,m037,16977
2677,2026-08-10T07:56:00Z,c100,m017,14231
2678,2026-08-10T07:58:00Z,c045,m021,1755
2679,2026-08-10T07:59:00Z,c098,m015,8112
2680,2026-08-10T08:01:00Z,c171,m015,11267
2681,2026-08-10T08:04:00Z,c031,c103,2310
2682,2026-08-10T08:04:00Z,c063,m022,4272
2683,2026-08-10T08:34:00Z,c053,m013,7623
2684,2026-08-10T08:37:00Z,c103,m025,1295
2685,2026-08-10T08:41:00Z,c032,m011,3436
2686,2026-08-10T08:43:00Z,c008,c147,3219
2687,2026-08-10T08:52:00Z,c005,m029,6009
2688,2026-08-10T08:55:00Z,c063,m032,1896
2689,2026-08-10T08:59:00Z,c119,m013,1147
2690,2026-08-10T09:00:00Z,c103,m025,2597
2691,2026-08-10T09:01:00Z,c021,m018,12027
2692,2026-08-10T09:03:00Z,c139,m034,14573
2693,2026-08-10T09:04:00Z,c101,m031,6507
2694,2026-08-10T09:06:00Z,c137,m015,5360
2695,2026-08-10T09:11:00Z,c135,m025,17088
2696,2026-08-10T09:12:00Z,c103,c176,1056
2697,2026-08-10T09:24:00Z,c045,m001,3184
2698,2026-08-10T09:26:00Z,c063,m022,6184
2699,2026-08-10T09:28:00Z,c065,m010,21002
2700,2026-08-10T09:28:00Z,c079,m032,8722
2701,2026-08-10T09:30:00Z,c035,m037,1719
2702,2026-08-10T09:31:00Z,c169,c086,13833
2703,2026-08-10T09:34:00Z,c093,m030,558
2704,2026-08-10T09:35:00Z,c008,c147,9523
2705,2026-08-10T09:38:00Z,c137,m015,3578
2706,2026-08-10T09:43:00Z,c060,m022,12848
2707,2026-08-10T09:48:00Z,c057,m022,5489
2708,2026-08-10T09:49:00Z,c002,m039,4095
2709,2026-08-10T09:50:00Z,c131,m012,7781
2710,2026-08-10T09:53:00Z,c002,m038,14182
2711,2026-08-10T09:54:00Z,c137,m015,2996
2712,2026-08-10T09:54:00Z,c165,c036,4438
2713,2026-08-10T09:57:00Z,c101,m030,3616
2714,2026-08-10T09:58:00Z,c111,m017,9302
2715,2026-08-10T09:59:00Z,c117,m028,7713
2716,2026-08-10T10:00:00Z,c110,m039,15792
2717,2026-08-10T10:01:00Z,c002,m006,6560
2718,2026-08-10T10:09:00Z,c099,m027,2605
2719,2026-08-10T10:25:00Z,c023,c055,1435
2720,2026-08-10T10:30:00Z,c040,m031,35909
2721,2026-08-10T10:31:00Z,c066,m004,6254
2722,2026-08-10T10:34:00Z,c103,m029,708
2723,2026-08-10T10:35:00Z,c115,m037,9123
2724,2026-08-10T10:40:00Z,c109,m032,910
2725,2026-08-10T10:47:00Z,c027,c002,791
2726,2026-08-10T10:55:00Z,c058,m002,6450
2727,2026-08-10T10:57:00Z,c153,m013,30760
2728,2026-08-10T11:02:00Z,c009,m020,2620
2729,2026-08-10T11:03:00Z,c110,m037,18223
2730,2026-08-10T11:06:00Z,c041,m017,2053
2731,2026-08-10T11:08:00Z,c009,m020,3273
2732,2026-08-10T11:09:00Z,c008,c063,11016
2733,2026-08-10T11:09:00Z,c042,c151,19417
2734,2026-08-10T11:11:00Z,c109,m032,1180
2735,2026-08-10T11:12:00Z,c037,m003,10175
2736,2026-08-10T11:13:00Z,c066,m007,7836
2737,2026-08-10T11:14:00Z,c009,m028,2663
2738,2026-08-10T11:16:00Z,c166,m029,2261
2739,2026-08-10T11:18:00Z,c157,c116,6000
2740,2026-08-10T11:20:00Z,c093,m023,1878
2741,2026-08-10T11:21:00Z,c103,m009,771
2742,2026-08-10T11:25:00Z,c155,m025,2006
2743,2026-08-10T11:28:00Z,c177,c168,2981
2744,2026-08-10T11:33:00Z,c050,c089,4692
2745,2026-08-10T11:36:00Z,c059,m026,9450
2746,2026-08-10T11:36:00Z,c065,m022,21030
2747,2026-08-10T11:37:00Z,c170,m024,1853
2748,2026-08-10T11:39:00Z,c052,m007,10371
2749,2026-08-10T11:40:00Z,c113,m011,984
2750,2026-08-10T11:43:00Z,c092,m022,765
2751,2026-08-10T11:45:00Z,c034,m018,29058
2752,2026-08-10T11:45:00Z,c100,m017,3696
2753,2026-08-10T11:49:00Z,c034,m034,12056
2754,2026-08-10T11:49:00Z,c092,m033,2065
2755,2026-08-10T11:50:00Z,c067,c163,798
2756,2026-08-10T11:50:00Z,c159,c060,1315
2757,2026-08-10T11:51:00Z,c034,c069,10516
2758,2026-08-10T11:51:00Z,c092,m005,1110
2759,2026-08-10T11:54:00Z,c119,c128,2023
2760,2026-08-10T12:07:00Z,c020,c143,4974
2761,2026-08-10T12:08:00Z,c039,m036,2680
2762,2026-08-10T12:13:00Z,c038,m023,4171
2763,2026-08-10T12:15:00Z,c067,m008,937
2764,2026-08-10T12:16:00Z,c004,m027,5697
2765,2026-08-10T12:16:00Z,c089,m011,19365
2766,2026-08-10T12:16:00Z,c133,m024,1407
2767,2026-08-10T12:18:00Z,c174,m038,3326
2768,2026-08-10T12:20:00Z,c001,c133,15788
2769,2026-08-10T12:22:00Z,c079,m021,13137
2770,2026-08-10T12:24:00Z,c061,m014,10710
2771,2026-08-10T12:24:00Z,c127,m037,6905
2772,2026-08-10T12:25:00Z,c001,m016,5893
2773,2026-08-10T12:25:00Z,c071,c011,5247
2774,2026-08-10T12:26:00Z,c001,m033,16692
2775,2026-08-10T12:26:00Z,c053,m001,20756
2776,2026-08-10T12:31:00Z,c127,c061,4016
2777,2026-08-10T12:32:00Z,c001,m016,8793
2778,2026-08-10T12:36:00Z,c061,m017,240000
2779,2026-08-10T12:40:00Z,c004,c166,3132
2780,2026-08-10T12:40:00Z,c168,m034,17992
2781,2026-08-10T12:46:00Z,c113,m010,1049
2782,2026-08-10T12:48:00Z,c000,m036,21802
2783,2026-08-10T12:48:00Z,c159,m035,1357
2784,2026-08-10T12:50:00Z,c170,m029,2195
2785,2026-08-10T12:52:00Z,c000,m027,12601
2786,2026-08-10T12:53:00Z,c000,m036,30965
2787,2026-08-10T12:53:00Z,c157,m014,6713
2788,2026-08-10T13:01:00Z,c066,c173,5731
2789,2026-08-10T13:03:00Z,c000,c018,18527
2790,2026-08-10T13:07:00Z,c066,m038,9453
2791,2026-08-10T13:22:00Z,c037,m006,19154
2792,2026-08-10T13:27:00Z,c030,m021,875
2793,2026-08-10T13:31:00Z,c039,m005,3328
2794,2026-08-10T13:33:00Z,c030,m021,1567
2795,2026-08-10T13:33:00Z,c030,m021,3331
2796,2026-08-10T13:36:00Z,c030,c150,1550
2797,2026-08-10T13:39:00Z,c113,m021,1627
2798,2026-08-10T13:41:00Z,c136,c048,11019
2799,2026-08-10T13:42:00Z,c050,m001,11517
2800,2026-08-10T13:46:00Z,c099,m007,1099
2801,2026-08-10T13:47:00Z,c030,c150,2943
2802,2026-08-10T13:53:00Z,c157,m019,20995
2803,2026-08-10T13:58:00Z,c073,c060,24667
2804,2026-08-10T14:01:00Z,c134,m008,14902
2805,2026-08-10T14:03:00Z,c162,c003,7174
2806,2026-08-10T14:06:00Z,c153,c175,20427
2807,2026-08-10T14:06:00Z,c159,m038,742
2808,2026-08-10T14:13:00Z,c019,m013,17893
2809,2026-08-10T14:13:00Z,c089,m034,13889
2810,2026-08-10T14:20:00Z,c156,c045,35364
2811,2026-08-10T14:23:00Z,c179,m007,2364
2812,2026-08-10T14:25:00Z,c067,m006,1322
2813,2026-08-10T14:31:00Z,c079,m004,26388
2814,2026-08-10T14:40:00Z,c109,m026,681
2815,2026-08-10T14:41:00Z,c064,m029,7165
2816,2026-08-10T14:43:00Z,c091,c069,3744
2817,2026-08-10T14:48:00Z,c146,m012,8852
2818,2026-08-10T14:48:00Z,c162,m038,12296
2819,2026-08-10T15:02:00Z,c146,m008,3902
2820,2026-08-10T15:06:00Z,c113,c144,1969
2821,2026-08-10T15:16:00Z,c108,c095,1426
2822,2026-08-10T15:22:00Z,c106,m011,4311
2823,2026-08-10T15:26:00Z,c148,m008,25365
2824,2026-08-10T15:27:00Z,c014,m007,2633
2825,2026-08-10T15:30:00Z,c064,m039,8554
2826,2026-08-10T15:42:00Z,c134,m034,31727
2827,2026-08-10T15:44:00Z,c108,m026,3510
2828,2026-08-10T15:46:00Z,c130,m025,26225
2829,2026-08-10T15:48:00Z,c023,m026,1055
2830,2026-08-10T15:51:00Z,c150,c166,16447
2831,2026-08-10T15:51:00Z,c150,m000,14685
2832,2026-08-10T15:52:00Z,c074,c010,7597
2833,2026-08-10T15:56:00Z,c176,m019,2490
2834,2026-08-10T15:57:00Z,c067,m004,1075
2835,2026-08-10T16:08:00Z,c123,m003,7337
2836,2026-08-10T16:08:00Z,c130,m001,16381
2837,2026-08-10T16:13:00Z,c003,m032,234
2838,2026-08-10T16:13:00Z,c140,m013,1944
2839,2026-08-10T16:17:00Z,c129,m035,5998
2840,2026-08-10T16:17:00Z,c149,c090,1974
2841,2026-08-10T16:20:00Z,c149,c090,2264
2842,2026-08-10T16:24:00Z,c074,c010,10099
2843,2026-08-10T16:26:00Z,c017,m016,20808
2844,2026-08-10T16:27:00Z,c149,m018,2243
2845,2026-08-10T16:27:00Z,c155,m039,951
2846,2026-08-10T16:37:00Z,c059,m002,10035
2847,2026-08-10T16:38:00Z,c122,m034,5059
2848,2026-08-10T16:42:00Z,c083,c113,2281
2849,2026-08-10T16:43:00Z,c054,c114,4511
2850,2026-08-10T16:48:00Z,c148,m034,14090
2851,2026-08-10T16:56:00Z,c022,m035,2762
2852,2026-08-10T17:02:00Z,c012,m038,4355
2853,2026-08-10T17:03:00Z,c012,c171,3587
2854,2026-08-10T17:04:00Z,c062,m005,13405
2855,2026-08-10T17:04:00Z,c159,c060,1478
2856,2026-08-10T17:04:00Z,c172,m016,3376
2857,2026-08-10T17:11:00Z,c014,m007,2542
2858,2026-08-10T17:11:00Z,c091,c069,4053
2859,2026-08-10T17:13:00Z,c167,m033,12964
2860,2026-08-10T17:16:00Z,c014,c059,2760
2861,2026-08-10T17:18:00Z,c130,m025,8260
2862,2026-08-10T17:19:00Z,c075,c129,19226
2863,2026-08-10T17:23:00Z,c080,m020,3512
2864,2026-08-10T17:25:00Z,c159,m035,1534
2865,2026-08-10T17:27:00Z,c014,m031,3095
2866,2026-08-10T17:34:00Z,c029,c178,2947
2867,2026-08-10T17:35:00Z,c178,m009,4550
2868,2026-08-10T17:36:00Z,c012,c153,3013
2869,2026-08-10T17:42:00Z,c004,m028,3080
2870,2026-08-10T17:42:00Z,c074,c171,6550
2871,2026-08-10T17:46:00Z,c072,m027,9637
2872,2026-08-10T17:46:00Z,c084,m028,18589
2873,2026-08-10T17:46:00Z,c118,m029,3035
2874,2026-08-10T18:09:00Z,c046,m025,3374
2875,2026-08-10T18:11:00Z,c073,m012,6939
2876,2026-08-10T18:12:00Z,c094,m038,22377
2877,2026-08-10T18:18:00Z,c051,m004,10679
2878,2026-08-10T18:18:00Z,c077,m035,12386
2879,2026-08-10T18:20:00Z,c145,c149,2698
2880,2026-08-10T18:25:00Z,c118,m025,1135
2881,2026-08-10T18:26:00Z,c047,c069,6851
2882,2026-08-10T18:31:00Z,c047,c089,3411
2883,2026-08-10T18:35:00Z,c047,m020,7197
2884,2026-08-10T18:38:00Z,c047,c089,3626
2885,2026-08-10T18:38:00Z,c047,m000,3151
2886,2026-08-10T18:42:00Z,c172,m014,1977
2887,2026-08-10T18:44:00Z,c125,m035,2024
2888,2026-08-10T18:48:00Z,c025,m019,6979
2889,2026-08-10T18:52:00Z,c011,m013,1512
2890,2026-08-10T18:52:00Z,c014,m031,2023
2891,2026-08-10T18:54:00Z,c011,m014,50000
2892,2026-08-10T18:54:00Z,c014,m010,3241
2893,2026-08-10T18:55:00Z,c175,c177,1547
2894,2026-08-10T18:56:00Z,c147,c125,31678
2895,2026-08-10T18:58:00Z,c125,m035,4109
2896,2026-08-10T18:58:00Z,c175,c059,3055
2897,2026-08-10T19:00:00Z,c011,m008,1216
2898,2026-08-10T19:01:00Z,c096,m015,15935
2899,2026-08-10T19:03:00Z,c175,m014,305
2900,2026-08-10T19:04:00Z,c011,m038,1214
2901,2026-08-10T19:06:00Z,c147,m031,37883
2902,2026-08-10T19:07:00Z,c175,c059,50000
2903,2026-08-10T19:08:00Z,c010,m023,2877
2904,2026-08-10T19:08:00Z,c011,m013,1570
2905,2026-08-10T19:28:00Z,c150,c166,25236
2906,2026-08-10T19:28:00Z,c167,c094,10183
2907,2026-08-10T19:29:00Z,c010,m023,7506
2908,2026-08-10T19:31:00Z,c172,m014,918
2909,2026-08-10T19:32:00Z,c072,m012,8931
2910,2026-08-10T19:32:00Z,c172,m000,1984
2911,2026-08-10T19:33:00Z,c172,m032,3633
2912,2026-08-10T19:39:00Z,c178,m005,5114
2913,2026-08-10T19:40:00Z,c072,c071,2916
2914,2026-08-10T19:41:00Z,c118,m029,1056
2915,2026-08-10T19:43:00Z,c164,m011,14088
2916,2026-08-10T19:48:00Z,c062,m025,15236
2917,2026-08-10T20:05:00Z,c025,c091,6833
2918,2026-08-10T20:08:00Z,c036,m026,27157
2919,2026-08-10T20:11:00Z,c091,m021,5105
2920,2026-08-10T20:13:00Z,c128,c129,1636
2921,2026-08-10T20:19:00Z,c152,c091,10185
2922,2026-08-10T20:43:00Z,c160,m036,19672
2923,2026-08-10T20:52:00Z,c152,m036,6610
2924,2026-08-10T20:54:00Z,c096,m013,18979
2925,2026-08-10T20:54:00Z,c096,m017,10106
2926,2026-08-10T20:59:00Z,c049,m015,589
2927,2026-08-10T21:09:00Z,c055,m038,2555
2928,2026-08-10T21:19:00Z,c026,m015,5788
2929,2026-08-10T21:28:00Z,c132,m004,14788
2930,2026-08-10T21:29:00Z,c096,m006,17699
2931,2026-08-10T21:50:00Z,c068,c102,6732
2932,2026-08-10T21:54:00Z,c068,m028,16224
2933,2026-08-10T21:58:00Z,c068,m030,25557
2934,2026-08-10T22:21:00Z,c154,m006,5115
2935,2026-08-10T22:27:00Z,c086,c132,8057
2936,2026-08-10T22:27:00Z,c154,c009,10963
2937,2026-08-10T22:27:00Z,c154,m029,4393
2938,2026-08-10T22:31:00Z,c154,c069,8748
2939,2026-08-10T22:39:00Z,c152,m032,8877
2940,2026-08-10T23:26:00Z,c173,c027,6576
2941,2026-08-10T23:43:00Z,c160,m020,9561
2942,2026-08-11T00:13:00Z,c152,m020,21680
2943,2026-08-11T03:32:00Z,c137,m038,2910
2944,2026-08-11T05:27:00Z,c093,m014,2104
2945,2026-08-11T05:36:00Z,c027,m016,3624
2946,2026-08-11T05:41:00Z,c135,c077,11405
2947,2026-08-11T05:44:00Z,c027,m024,1110
2948,2026-08-11T06:25:00Z,c166,m033,2212
2949,2026-08-11T06:31:00Z,c166,m001,1873
2950,2026-08-11T06:31:00Z,c166,m014,1167
2951,2026-08-11T06:46:00Z,c060,m003,16201
2952,2026-08-11T06:51:00Z,c135,m025,19522
2953,2026-08-11T06:54:00Z,c053,m001,16949
2954,2026-08-11T07:11:00Z,c135,m037,18948
2955,2026-08-11T07:15:00Z,c121,m007,14998
2956,2026-08-11T07:17:00Z,c121,m025,11384
2957,2026-08-11T07:19:00Z,c053,m036,29555
2958,2026-08-11T07:19:00Z,c121,m035,8257
2959,2026-08-11T07:25:00Z,c095,m025,1562
2960,2026-08-11T07:27:00Z,c135,m029,17029
2961,2026-08-11T07:28:00Z,c093,m007,2649
2962,2026-08-11T07:46:00Z,c031,m026,2172
2963,2026-08-11T07:46:00Z,c135,c077,16286
2964,2026-08-11T07:48:00Z,c045,m025,4841
2965,2026-08-11T07:48:00Z,c066,c173,6756
2966,2026-08-11T07:51:00Z,c169,c027,8638
2967,2026-08-11T07:52:00Z,c053,m034,28159
2968,2026-08-11T07:56:00Z,c139,m038,15535
2969,2026-08-11T07:58:00Z,c032,m029,1166
2970,2026-08-11T07:59:00Z,c032,m022,1141
2971,2026-08-11T08:07:00Z,c100,m031,4682
2972,2026-08-11T08:08:00Z,c065,m001,23644
2973,2026-08-11T08:11:00Z,c053,m025,18259
2974,2026-08-11T08:11:00Z,c066,c173,5436
2975,2026-08-11T08:12:00Z,c107,m004,3242
2976,2026-08-11T08:24:00Z,c042,m019,25337
2977,2026-08-11T08:27:00Z,c060,m029,14645
2978,2026-08-11T08:34:00Z,c060,m023,9434
2979,2026-08-11T08:35:00Z,c095,m008,6056
2980,2026-08-11T08:35:00Z,c103,m025,1603
2981,2026-08-11T08:36:00Z,c021,m018,6440
2982,2026-08-11T08:43:00Z,c177,m009,5102
2983,2026-08-11T08:46:00Z,c169,m014,15099
2984,2026-08-11T09:00:00Z,c005,c018,11352
2985,2026-08-11T09:04:00Z,c135,m025,16520
2986,2026-08-11T09:07:00Z,c169,m025,26946
2987,2026-08-11T09:11:00Z,c042,m019,22767
2988,2026-08-11T09:22:00Z,c124,c025,9862
2989,2026-08-11T09:23:00Z,c163,m037,1926
2990,2026-08-11T09:26:00Z,c027,m024,2067
2991,2026-08-11T09:33:00Z,c006,m003,9487
2992,2026-08-11T09:36:00Z,c169,m029,19883
2993,2026-08-11T09:39:00Z,c119,m021,979
2994,2026-08-11T09:40:00Z,c131,c100,11388
2995,2026-08-11T09:41:00Z,c057,c084,4765
2996,2026-08-11T09:46:00Z,c057,c016,4976
2997,2026-08-11T09:47:00Z,c050,c005,4011
2998,2026-08-11T09:48:00Z,c076,m030,28634
2999,2026-08-11T09:50:00Z,c169,c172,18290
3000,2026-08-11T09:51:00Z,c027,m016,1504
3001,2026-08-11T09:51:00Z,c177,m019,2070
3002,2026-08-11T09:52:00Z,c127,m005,2138
3003,2026-08-11T09:53:00Z,c057,c084,5685
3004,2026-08-11T09:54:00Z,c021,m015,10284
3005,2026-08-11T10:03:00Z,c159,m005,2245
3006,2026-08-11T10:03:00Z,c169,m009,17448
3007,2026-08-11T10:06:00Z,c019,m013,16551
3008,2026-08-11T10:06:00Z,c171,m015,14699
3009,2026-08-11T10:10:00Z,c078,m001,4419
3010,2026-08-11T10:15:00Z,c066,c158,120000
3011,2026-08-11T10:15:00Z,c078,c021,1751
3012,2026-08-11T10:18:00Z,c099,c011,3952
3013,2026-08-11T10:19:00Z,c078,m031,2963
3014,2026-08-11T10:22:00Z,c078,m011,3149
3015,2026-08-11T10:25:00Z,c170,c053,870
3016,2026-08-11T10:30:00Z,c050,c089,5149
3017,2026-08-11T10:32:00Z,c005,m018,1814
3018,2026-08-11T10:37:00Z,c053,m036,11179
3019,2026-08-11T10:40:00Z,c126,c086,4959
3020,2026-08-11T10:44:00Z,c030,c038,3622
3021,2026-08-11T10:48:00Z,c050,m030,3547
3022,2026-08-11T10:56:00Z,c117,m009,5257
3023,2026-08-11T11:03:00Z,c050,m031,2979
3024,2026-08-11T11:06:00Z,c143,c121,3600
3025,2026-08-11T11:08:00Z,c124,m003,14447
3026,2026-08-11T11:10:00Z,c143,c083,2910
3027,2026-08-11T11:12:00Z,c099,m027,1251
3028,2026-08-11T11:12:00Z,c143,m017,2689
3029,2026-08-11T11:12:00Z,c159,m005,1138
3030,2026-08-11T11:17:00Z,c002,m039,4683
3031,2026-08-11T11:19:00Z,c038,m036,2193
3032,2026-08-11T11:21:00Z,c037,m017,400000
3033,2026-08-11T11:25:00Z,c170,c053,1109
3034,2026-08-11T11:26:00Z,c101,m037,4159
3035,2026-08-11T11:27:00Z,c153,m009,400000
3036,2026-08-11T11:27:00Z,c177,m020,3009
3037,2026-08-11T11:29:00Z,c139,m032,23365
3038,2026-08-11T11:30:00Z,c139,m028,46903
3039,2026-08-11T11:35:00Z,c021,c012,12743
3040,2026-08-11T11:43:00Z,c030,m020,1406
3041,2026-08-11T11:47:00Z,c101,m010,8454
3042,2026-08-11T11:48:00Z,c006,m025,14192
3043,2026-08-11T11:49:00Z,c061,m028,32225
3044,2026-08-11T12:02:00Z,c041,m029,60000
3045,2026-08-11T12:04:00Z,c002,m039,7311
3046,2026-08-11T12:04:00Z,c079,m018,240000
3047,2026-08-11T12:06:00Z,c021,m023,6002
3048,2026-08-11T12:08:00Z,c177,m020,1282
3049,2026-08-11T12:21:00Z,c045,c018,2907
3050,2026-08-11T12:22:00Z,c127,m000,4483
3051,2026-08-11T12:24:00Z,c066,m004,11632
3052,2026-08-11T12:26:00Z,c035,m011,953
3053,2026-08-11T12:27:00Z,c108,m035,4645
3054,2026-08-11T12:28:00Z,c134,m033,16022
3055,2026-08-11T12:30:00Z,c133,c121,2496
3056,2026-08-11T12:33:00Z,c079,c030,14330
3057,2026-08-11T12:33:00Z,c133,m006,5330
3058,2026-08-11T12:36:00Z,c061,m026,14777
3059,2026-08-11T12:36:00Z,c103,m029,1464
3060,2026-08-11T12:36:00Z,c133,c121,1162
3061,2026-08-11T12:40:00Z,c114,c154,31874
3062,2026-08-11T12:40:00Z,c133,m024,1189
3063,2026-08-11T12:40:00Z,c140,m037,3153
3064,2026-08-11T12:41:00Z,c153,m025,17640
3065,2026-08-11T12:44:00Z,c069,m005,2758
3066,2026-08-11T12:44:00Z,c079,m018,25334
3067,2026-08-11T12:45:00Z,c000,m036,19807
3068,2026-08-11T12:45:00Z,c099,m011,1508
3069,2026-08-11T12:54:00Z,c110,m028,9719
3070,2026-08-11T12:54:00Z,c130,c095,28728
3071,2026-08-11T12:55:00Z,c043,m035,16931
3072,2026-08-11T12:57:00Z,c008,m018,5052
3073,2026-08-11T12:59:00Z,c090,c129,30842
3074,2026-08-11T13:03:00Z,c028,c007,1452
3075,2026-08-11T13:06:00Z,c066,m038,4184
3076,2026-08-11T13:10:00Z,c035,m004,364
3077,2026-08-11T13:14:00Z,c140,c157,3917
3078,2026-08-11T13:21:00Z,c146,m039,9677
3079,2026-08-11T13:24:00Z,c043,m011,5708
3080,2026-08-11T13:26:00Z,c058,m002,3710
3081,2026-08-11T13:27:00Z,c108,m026,60000
3082,2026-08-11T13:29:00Z,c116,c020,4248
3083,2026-08-11T13:34:00Z,c021,m018,16451
3084,2026-08-11T13:35:00Z,c084,c025,10325
3085,2026-08-11T13:36:00Z,c020,m030,5445
3086,2026-08-11T13:38:00Z,c080,m034,1597
3087,2026-08-11T13:38:00Z,c103,c176,641
3088,2026-08-11T13:45:00Z,c099,m023,3541
3089,2026-08-11T13:50:00Z,c041,m000,5529
3090,2026-08-11T13:52:00Z,c037,m006,7885
3091,2026-08-11T13:56:00Z,c119,m003,1549
3092,2026-08-11T13:57:00Z,c022,m031,1040
3093,2026-08-11T14:00:00Z,c136,m035,10212
3094,2026-08-11T14:05:00Z,c090,m020,14988
3095,2026-08-11T14:08:00Z,c023,m026,1287
3096,2026-08-11T14:08:00Z,c134,m018,12372
3097,2026-08-11T14:09:00Z,c120,m009,10842
3098,2026-08-11T14:11:00Z,c074,c010,6094
3099,2026-08-11T14:13:00Z,c061,c055,11788
3100,2026-08-11T14:13:00Z,c162,m038,7757
3101,2026-08-11T14:15:00Z,c079,m006,19000
3102,2026-08-11T14:17:00Z,c034,m023,5025
3103,2026-08-11T14:21:00Z,c034,c166,20612
3104,2026-08-11T14:25:00Z,c022,c066,813
3105,2026-08-11T14:26:00Z,c119,m021,1395
3106,2026-08-11T14:28:00Z,c012,m012,798
3107,2026-08-11T14:29:00Z,c034,c112,18297
3108,2026-08-11T14:29:00Z,c034,m018,14254
3109,2026-08-11T14:30:00Z,c073,m012,13767
3110,2026-08-11T14:33:00Z,c158,m033,2467
3111,2026-08-11T14:34:00Z,c134,m008,20132
3112,2026-08-11T14:35:00Z,c158,m023,1615
3113,2026-08-11T14:42:00Z,c009,m020,2676
3114,2026-08-11T14:43:00Z,c158,m025,2455
3115,2026-08-11T14:46:00Z,c150,c166,15768
3116,2026-08-11T14:47:00Z,c116,m036,2209
3117,2026-08-11T14:47:00Z,c127,m015,9415
3118,2026-08-11T14:48:00Z,c035,m037,1574
3119,2026-08-11T14:48:00Z,c050,m023,10594
3120,2026-08-11T14:51:00Z,c150,c166,4266
3121,2026-08-11T14:54:00Z,c168,c091,23446
3122,2026-08-11T14:57:00Z,c037,c061,18167
3123,2026-08-11T14:58:00Z,c150,m032,16176
3124,2026-08-11T15:00:00Z,c130,c095,21378
3125,2026-08-11T15:00:00Z,c140,m013,3740
3126,2026-08-11T15:04:00Z,c061,m024,15691
3127,2026-08-11T15:07:00Z,c007,m010,26733
3128,2026-08-11T15:11:00Z,c125,m017,11263
3129,2026-08-11T15:13:00Z,c006,c055,17956
3130,2026-08-11T15:14:00Z,c119,m021,1948
3131,2026-08-11T15:14:00Z,c125,c157,4227
3132,2026-08-11T15:19:00Z,c036,m012,28518
3133,2026-08-11T15:20:00Z,c052,m005,5027
3134,2026-08-11T15:24:00Z,c047,c069,4020
3135,2026-08-11T15:32:00Z,c075,m001,5083
3136,2026-08-11T15:33:00Z,c029,m005,2995
3137,2026-08-11T15:33:00Z,c136,m035,23357
3138,2026-08-11T15:38:00Z,c165,m008,7692
3139,2026-08-11T15:39:00Z,c130,m001,23138
3140,2026-08-11T15:46:00Z,c029,m007,5428
3141,2026-08-11T15:47:00Z,c125,m013,4832
3142,2026-08-11T15:47:00Z,c134,m034,21272
3143,2026-08-11T15:48:00Z,c125,m034,7622
3144,2026-08-11T15:48:00Z,c136,m026,5655
3145,2026-08-11T15:51:00Z,c028,m029,1126
3146,2026-08-11T15:56:00Z,c067,c163,1176
3147,2026-08-11T15:57:00Z,c017,m000,30930
3148,2026-08-11T15:57:00Z,c070,m021,8604
3149,2026-08-11T16:02:00Z,c172,m038,1446
3150,2026-08-11T16:03:00Z,c153,m013,16468
3151,2026-08-11T16:05:00Z,c118,m015,1712
3152,2026-08-11T16:09:00Z,c033,c084,1807
3153,2026-08-11T16:10:00Z,c114,m032,15976
3154,2026-08-11T16:12:00Z,c035,m029,1485
3155,2026-08-11T16:13:00Z,c084,m015,8366
3156,2026-08-11T16:13:00Z,c140,m037,5843
3157,2026-08-11T16:18:00Z,c153,m013,15526
3158,2026-08-11T16:26:00Z,c070,m017,11811
3159,2026-08-11T16:26:00Z,c074,c038,7646
3160,2026-08-11T16:28:00Z,c097,m010,1794
3161,2026-08-11T16:33:00Z,c175,m028,994
3162,2026-08-11T16:34:00Z,c118,m016,457
3163,2026-08-11T16:45:00Z,c017,m001,36889
3164,2026-08-11T16:46:00Z,c013,c090,20619
3165,2026-08-11T16:51:00Z,c148,m034,400000
3166,2026-08-11T16:56:00Z,c035,m029,949
3167,2026-08-11T17:01:00Z,c013,m026,91361
3168,2026-08-11T17:02:00Z,c072,m027,3126
3169,2026-08-11T17:03:00Z,c175,m036,997
3170,2026-08-11T17:04:00Z,c096,m006,19506
3171,2026-08-11T17:05:00Z,c046,m004,5667
3172,2026-08-11T17:07:00Z,c145,c149,1729
3173,2026-08-11T17:12:00Z,c007,c177,11237
3174,2026-08-11T17:13:00Z,c012,m007,2096
3175,2026-08-11T17:14:00Z,c179,m007,977
3176,2026-08-11T17:15:00Z,c104,m037,240000
3177,2026-08-11T17:18:00Z,c168,c112,19455
3178,2026-08-11T17:19:00Z,c020,m008,6626
3179,2026-08-11T17:25:00Z,c068,m019,27265
3180,2026-08-11T17:29:00Z,c136,m024,10411
3181,2026-08-11T17:32:00Z,c091,m024,10309
3182,2026-08-11T17:34:00Z,c148,c046,24924
3183,2026-08-11T17:34:00Z,c176,c053,3056
3184,2026-08-11T17:35:00Z,c091,m024,7700
3185,2026-08-11T17:36:00Z,c168,c091,32865
3186,2026-08-11T17:37:00Z,c097,m024,1193
3187,2026-08-11T17:38:00Z,c013,c078,49488
3188,2026-08-11T17:38:00Z,c047,c065,6249
3189,2026-08-11T17:38:00Z,c162,m001,19243
3190,2026-08-11T17:39:00Z,c175,m000,1374
3191,2026-08-11T17:42:00Z,c068,m019,13875
3192,2026-08-11T17:44:00Z,c091,m024,7666
3193,2026-08-11T17:45:00Z,c020,m033,9555
3194,2026-08-11T17:46:00Z,c013,m012,16419
3195,2026-08-11T17:49:00Z,c003,m016,1514
3196,2026-08-11T17:53:00Z,c068,c102,9274
3197,2026-08-11T17:54:00Z,c145,m031,9216
3198,2026-08-11T17:57:00Z,c096,m004,14421
3199,2026-08-11T17:57:00Z,c149,c010,1747
3200,2026-08-11T17:58:00Z,c155,m027,2314
3201,2026-08-11T18:00:00Z,c156,m023,13977
3202,2026-08-11T18:01:00Z,c046,m004,7300
3203,2026-08-11T18:06:00Z,c029,m037,1977
3204,2026-08-11T18:10:00Z,c044,m032,3375
3205,2026-08-11T18:14:00Z,c056,m010,5184
3206,2026-08-11T18:14:00Z,c152,m036,30975
3207,2026-08-11T18:14:00Z,c178,m009,6186
3208,2026-08-11T18:16:00Z,c012,c153,969
3209,2026-08-11T18:16:00Z,c036,m026,8841
3210,2026-08-11T18:18:00Z,c075,m037,14380
3211,2026-08-11T18:19:00Z,c178,m026,6490
3212,2026-08-11T18:21:00Z,c173,m020,9238
3213,2026-08-11T18:24:00Z,c173,m008,3496
3214,2026-08-11T18:24:00Z,c178,m009,6251
3215,2026-08-11T18:26:00Z,c062,m024,12517
3216,2026-08-11T18:27:00Z,c084,m004,17841
3217,2026-08-11T18:28:00Z,c116,m002,2438
3218,2026-08-11T18:29:00Z,c056,m010,11951
3219,2026-08-11T18:31:00Z,c172,m014,4075
3220,2026-08-11T18:33:00Z,c173,m012,6049
3221,2026-08-11T18:33:00Z,c173,m020,4500
3222,2026-08-11T18:34:00Z,c067,m015,1590
3223,2026-08-11T18:44:00Z,c068,m038,17356
3224,2026-08-11T18:44:00Z,c084,c025,16495
3225,2026-08-11T18:48:00Z,c003,c058,2462
3226,2026-08-11T19:01:00Z,c013,m007,25276
3227,2026-08-11T19:01:00Z,c044,c015,2747
3228,2026-08-11T19:02:00Z,c077,c048,15722
3229,2026-08-11T19:05:00Z,c067,m008,1614
3230,2026-08-11T19:09:00Z,c160,m026,9940
3231,2026-08-11T19:10:00Z,c010,c047,2643
3232,2026-08-11T19:10:00Z,c167,m039,26774
3233,2026-08-11T19:11:00Z,c147,c125,32665
3234,2026-08-11T19:12:00Z,c007,m010,18177
3235,2026-08-11T19:13:00Z,c018,m026,20085
3236,2026-08-11T19:13:00Z,c167,c133,10117
3237,2026-08-11T19:16:00Z,c167,m026,11166
3238,2026-08-11T19:17:00Z,c010,m003,2015
3239,2026-08-11T19:19:00Z,c072,m018,2898
3240,2026-08-11T19:20:00Z,c011,m026,1126
3241,2026-08-11T19:21:00Z,c086,m005,7429
3242,2026-08-11T19:22:00Z,c125,m034,5822
3243,2026-08-11T19:23:00Z,c142,m014,17125
3244,2026-08-11T19:25:00Z,c068,c102,7819
3245,2026-08-11T19:35:00Z,c129,m037,5052
3246,2026-08-11T19:35:00Z,c154,c069,2824
3247,2026-08-11T19:39:00Z,c154,c069,3978
3248,2026-08-11T19:41:00Z,c154,c009,4684
3249,2026-08-11T19:42:00Z,c011,c177,909
3250,2026-08-11T19:42:00Z,c145,c149,1679
3251,2026-08-11T19:43:00Z,c007,m002,18634
3252,2026-08-11T19:46:00Z,c018,m026,400000
3253,2026-08-11T19:49:00Z,c096,m006,22444
3254,2026-08-11T19:50:00Z,c064,m015,4697
3255,2026-08-11T19:50:00Z,c154,m028,3048
3256,2026-08-11T19:51:00Z,c154,m016,6141
3257,2026-08-11T19:52:00Z,c148,c098,13690
3258,2026-08-11T19:53:00Z,c122,m028,8577
3259,2026-08-11T19:54:00Z,c088,c173,16077
3260,2026-08-11T20:00:00Z,c154,c065,5135
3261,2026-08-11T20:09:00Z,c148,m035,37274
3262,2026-08-11T20:17:00Z,c118,m015,1525
3263,2026-08-11T20:24:00Z,c112,m017,7672
3264,2026-08-11T20:29:00Z,c112,m028,5705
3265,2026-08-11T20:30:00Z,c152,c043,6121
3266,2026-08-11T20:34:00Z,c112,m032,4617
3267,2026-08-11T20:36:00Z,c148,m021,37922
3268,2026-08-11T20:39:00Z,c128,m019,1516
3269,2026-08-11T20:41:00Z,c003,m016,1197
3270,2026-08-11T20:41:00Z,c049,c040,1106
3271,2026-08-11T20:44:00Z,c018,m026,22412
3272,2026-08-11T20:46:00Z,c132,m009,15032
3273,2026-08-11T21:06:00Z,c132,c146,32390
3274,2026-08-11T21:07:00Z,c175,c059,757
3275,2026-08-11T21:17:00Z,c051,c101,6270
3276,2026-08-11T21:18:00Z,c062,m004,9834
3277,2026-08-11T21:23:00Z,c096,m006,19254
3278,2026-08-11T21:35:00Z,c018,m024,8838
3279,2026-08-11T22:39:00Z,c128,m021,1148
3280,2026-08-11T22:41:00Z,c152,m020,12985
3281,2026-08-11T22:54:00Z,c160,m026,240000
3282,2026-08-11T23:17:00Z,c087,m031,8584
3283,2026-08-12T00:11:00Z,c049,m027,1379
3284,2026-08-12T00:53:00Z,c055,m036,4241
3285,2026-08-12T02:53:00Z,c063,m031,4942
3286,2026-08-12T03:05:00Z,c063,m029,1604
3287,2026-08-12T03:40:00Z,c031,c103,60000
3288,2026-08-12T05:08:00Z,c057,c059,1648
3289,2026-08-12T05:47:00Z,c095,m035,2467
3290,2026-08-12T06:30:00Z,c031,m026,2685
3291,2026-08-12T06:43:00Z,c098,m021,10724
3292,2026-08-12T06:57:00Z,c035,c005,1995
3293,2026-08-12T07:06:00Z,c093,m014,1155
3294,2026-08-12T07:08:00Z,c093,m027,1058
3295,2026-08-12T07:14:00Z,c093,m013,2122
3296,2026-08-12T07:23:00Z,c121,m007,11894
3297,2026-08-12T07:28:00Z,c166,m004,1216
3298,2026-08-12T07:29:00Z,c076,c167,29349
3299,2026-08-12T07:30:00Z,c166,m039,1391
3300,2026-08-12T07:34:00Z,c166,m009,4091
3301,2026-08-12T07:47:00Z,c078,c054,1765
3302,2026-08-12T07:48:00Z,c040,m019,21375
3303,2026-08-12T07:52:00Z,c120,m028,20630
3304,2026-08-12T07:58:00Z,c139,m033,11798
3305,2026-08-12T08:05:00Z,c126,m009,8019
3306,2026-08-12T08:15:00Z,c157,c116,19442
3307,2026-08-12T08:27:00Z,c078,c171,2359
3308,2026-08-12T08:27:00Z,c162,m022,20620
3309,2026-08-12T08:36:00Z,c001,m016,11120
3310,2026-08-12T08:41:00Z,c171,m003,4471
3311,2026-08-12T08:42:00Z,c001,m033,8946
3312,2026-08-12T08:42:00Z,c001,m033,10458
3313,2026-08-12T08:50:00Z,c021,m018,11684
3314,2026-08-12T09:04:00Z,c043,c105,14664
3315,2026-08-12T09:09:00Z,c021,m015,20641
3316,2026-08-12T09:10:00Z,c114,m034,19487
3317,2026-08-12T09:13:00Z,c008,c063,5198
3318,2026-08-12T09:16:00Z,c008,m005,3269
3319,2026-08-12T09:19:00Z,c008,m028,8451
3320,2026-08-12T09:21:00Z,c008,c147,6800
3321,2026-08-12T09:22:00Z,c151,m005,2058
3322,2026-08-12T09:32:00Z,c153,m015,41892
3323,2026-08-12T09:34:00Z,c037,m006,10455
3324,2026-08-12T09:39:00Z,c101,c129,11440
3325,2026-08-12T09:48:00Z,c115,m005,11071
3326,2026-08-12T09:51:00Z,c109,m028,1943
3327,2026-08-12T09:58:00Z,c098,m020,4464
3328,2026-08-12T09:59:00Z,c042,c128,24810
3329,2026-08-12T09:59:00Z,c053,m031,11051
3330,2026-08-12T10:01:00Z,c078,c054,3016
3331,2026-08-12T10:02:00Z,c038,m002,1698
3332,2026-08-12T10:05:00Z,c070,c064,9801
3333,2026-08-12T10:07:00Z,c053,m025,400000
3334,2026-08-12T10:08:00Z,c177,c109,2601
3335,2026-08-12T10:09:00Z,c162,c003,8896
3336,2026-08-12T10:13:00Z,c016,m006,6715
3337,2026-08-12T10:14:00Z,c103,m029,1483
3338,2026-08-12T10:14:00Z,c135,c077,17432
3339,2026-08-12T10:17:00Z,c035,m029,2187
3340,2026-08-12T10:18:00Z,c016,c177,10192
3341,2026-08-12T10:18:00Z,c103,c176,2960
3342,2026-08-12T10:20:00Z,c103,m029,1890
3343,2026-08-12T10:24:00Z,c127,m005,4301
3344,2026-08-12T10:27:00Z,c005,c011,9776
3345,2026-08-12T10:28:00Z,c000,c018,12520
3346,2026-08-12T10:28:00Z,c101,c175,7900
3347,2026-08-12T10:30:00Z,c037,c003,21913
3348,2026-08-12T10:31:00Z,c115,m020,20995
3349,2026-08-12T10:35:00Z,c065,m022,25979
3350,2026-08-12T10:38:00Z,c043,m014,12057
3351,2026-08-12T10:39:00Z,c169,c027,19984
3352,2026-08-12T10:41:00Z,c045,m039,3535
3353,2026-08-12T10:41:00Z,c065,m001,31257
3354,2026-08-12T10:41:00Z,c169,m029,24191
3355,2026-08-12T10:42:00Z,c021,c014,22576
3356,2026-08-12T10:43:00Z,c120,m026,11030
3357,2026-08-12T10:45:00Z,c065,m001,14279
3358,2026-08-12T10:45:00Z,c169,m029,25318
3359,2026-08-12T10:47:00Z,c169,m029,20460
3360,2026-08-12T10:49:00Z,c099,m011,952
3361,2026-08-12T10:51:00Z,c169,m009,15066
3362,2026-08-12T10:53:00Z,c107,m025,1135
3363,2026-08-12T10:54:00Z,c022,c000,1111
3364,2026-08-12T10:55:00Z,c000,c039,17589
3365,2026-08-12T10:55:00Z,c119,c128,1015
3366,2026-08-12T10:56:00Z,c090,m038,24515
3367,2026-08-12T10:57:00Z,c002,m038,13165
3368,2026-08-12T10:57:00Z,c150,m032,27826
3369,2026-08-12T11:00:00Z,c133,c121,971
3370,2026-08-12T11:05:00Z,c016,m026,3388
3371,2026-08-12T11:05:00Z,c050,c005,7101
3372,2026-08-12T11:09:00Z,c027,m016,901
3373,2026-08-12T11:18:00Z,c009,c011,2315
3374,2026-08-12T11:19:00Z,c170,m011,3071
3375,2026-08-12T11:21:00Z,c143,m027,1359
3376,2026-08-12T11:23:00Z,c009,m024,4259
3377,2026-08-12T11:23:00Z,c052,m002,3273
3378,2026-08-12T11:24:00Z,c009,m020,3415
3379,2026-08-12T11:27:00Z,c162,m009,13422
3380,2026-08-12T11:31:00Z,c037,m003,8877
3381,2026-08-12T11:31:00Z,c109,m037,1564
3382,2026-08-12T11:33:00Z,c107,m032,1389
3383,2026-08-12T11:36:00Z,c059,m032,11746
3384,2026-08-12T11:37:00Z,c041,c004,4855
3385,2026-08-12T11:39:00Z,c162,m010,6979
3386,2026-08-12T11:42:00Z,c032,m029,2025
3387,2026-08-12T11:46:00Z,c042,m001,13270
3388,2026-08-12T11:51:00Z,c150,m032,9497
3389,2026-08-12T11:52:00Z,c109,m026,2911
3390,2026-08-12T11:53:00Z,c120,c078,8439
3391,2026-08-12T11:56:00Z,c045,m003,2373
3392,2026-08-12T12:03:00Z,c092,m022,1684
3393,2026-08-12T12:08:00Z,c002,c048,2479
3394,2026-08-12T12:08:00Z,c153,m013,12104
3395,2026-08-12T12:11:00Z,c122,c144,6872
3396,2026-08-12T12:14:00Z,c110,m028,23323
3397,2026-08-12T12:19:00Z,c114,m038,7098
3398,2026-08-12T12:26:00Z,c146,m009,11240
3399,2026-08-12T12:29:00Z,c131,m030,20226
3400,2026-08-12T12:30:00Z,c058,m001,7916
3401,2026-08-12T12:32:00Z,c139,m028,34907
3402,2026-08-12T12:34:00Z,c035,m029,1179
3403,2026-08-12T12:34:00Z,c109,m026,6309
3404,2026-08-12T12:36:00Z,c051,m032,7717
3405,2026-08-12T12:39:00Z,c131,m011,6927
3406,2026-08-12T12:41:00Z,c021,m002,18017
3407,2026-08-12T12:42:00Z,c021,m018,12290
3408,2026-08-12T12:47:00Z,c092,m003,977
3409,2026-08-12T12:51:00Z,c105,m026,3159
3410,2026-08-12T12:56:00Z,c047,m003,7132
3411,2026-08-12T13:01:00Z,c094,m032,15233
3412,2026-08-12T13:02:00Z,c099,m023,1429
3413,2026-08-12T13:02:00Z,c116,m025,2687
3414,2026-08-12T13:10:00Z,c074,m036,1807
3415,2026-08-12T13:12:00Z,c013,c090,26325
3416,2026-08-12T13:13:00Z,c119,m020,1026
3417,2026-08-12T13:14:00Z,c029,m005,5185
3418,2026-08-12T13:19:00Z,c127,m037,10554
3419,2026-08-12T13:20:00Z,c022,m031,913
3420,2026-08-12T13:20:00Z,c085,m009,603
3421,2026-08-12T13:21:00Z,c156,m022,21944
3422,2026-08-12T13:24:00Z,c005,c018,4599
3423,2026-08-12T13:35:00Z,c170,c124,1173
3424,2026-08-12T13:36:00Z,c101,m018,7058
3425,2026-08-12T13:38:00Z,c059,m019,5162
3426,2026-08-12T13:39:00Z,c158,m033,1072
3427,2026-08-12T13:44:00Z,c066,m009,14121
3428,2026-08-12T13:45:00Z,c158,c179,1512
3429,2026-08-12T13:46:00Z,c066,c173,6206
3430,2026-08-12T13:48:00Z,c059,c057,10806
3431,2026-08-12T13:49:00Z,c158,m023,2640
3432,2026-08-12T13:50:00Z,c111,m006,19072
3433,2026-08-12T13:51:00Z,c110,m037,240000
3434,2026-08-12T13:51:00Z,c175,m014,1224
3435,2026-08-12T13:52:00Z,c066,m004,5299
3436,2026-08-12T13:53:00Z,c113,m010,1178
3437,2026-08-12T13:56:00Z,c119,m013,708
3438,2026-08-12T13:58:00Z,c051,m004,6137
3439,2026-08-12T13:59:00Z,c136,m003,20281
3440,2026-08-12T14:01:00Z,c089,m039,5679
3441,2026-08-12T14:02:00Z,c133,m029,1190
3442,2026-08-12T14:05:00Z,c030,c038,2264
3443,2026-08-12T14:06:00Z,c022,c066,2175
3444,2026-08-12T14:06:00Z,c149,m016,4409
3445,2026-08-12T14:08:00Z,c024,m010,2563
3446,2026-08-12T14:09:00Z,c134,m018,18950
3447,2026-08-12T14:11:00Z,c033,m003,881
3448,2026-08-12T14:12:00Z,c146,m023,8924
3449,2026-08-12T14:14:00Z,c089,m014,9694
3450,2026-08-12T14:15:00Z,c079,m018,7442
3451,2026-08-12T14:16:00Z,c028,m005,2456
3452,2026-08-12T14:16:00Z,c079,m008,6797
3453,2026-08-12T14:19:00Z,c017,m029,12654
3454,2026-08-12T14:24:00Z,c080,c151,1828
3455,2026-08-12T14:28:00Z,c034,m038,13938
3456,2026-08-12T14:36:00Z,c046,c073,3447
3457,2026-08-12T14:38:00Z,c165,m024,2340
3458,2026-08-12T14:39:00Z,c146,m009,7763
3459,2026-08-12T14:47:00Z,c105,m026,638
3460,2026-08-12T14:47:00Z,c176,m022,3543
3461,2026-08-12T14:48:00Z,c062,c047,11824
3462,2026-08-12T14:58:00Z,c022,m009,803
3463,2026-08-12T15:00:00Z,c062,m014,19868
3464,2026-08-12T15:02:00Z,c058,m001,3871
3465,2026-08-12T15:03:00Z,c029,m019,4122
3466,2026-08-12T15:05:00Z,c159,m013,1172
3467,2026-08-12T15:06:00Z,c070,m024,10770
3468,2026-08-12T15:07:00Z,c086,c020,5754
3469,2026-08-12T15:09:00Z,c159,m031,1815
3470,2026-08-12T15:10:00Z,c159,m035,732
3471,2026-08-12T15:11:00Z,c096,c161,12295
3472,2026-08-12T15:13:00Z,c155,m039,1216
3473,2026-08-12T15:15:00Z,c067,m032,1032
3474,2026-08-12T15:19:00Z,c067,m006,3178
3475,2026-08-12T15:20:00Z,c067,m005,1715
3476,2026-08-12T15:20:00Z,c096,m013,17185
3477,2026-08-12T15:34:00Z,c113,m004,653
3478,2026-08-12T15:42:00Z,c089,m012,16484
3479,2026-08-12T15:52:00Z,c084,m004,14990
3480,2026-08-12T15:55:00Z,c022,m009,1290
3481,2026-08-12T15:56:00Z,c033,m006,2498
3482,2026-08-12T15:56:00Z,c071,m030,2714
3483,2026-08-12T16:01:00Z,c012,c171,2462
3484,2026-08-12T16:02:00Z,c119,m013,3149
3485,2026-08-12T16:04:00Z,c136,c120,23547
3486,2026-08-12T16:10:00Z,c174,m005,1841
3487,2026-08-12T16:11:00Z,c145,m005,4139
3488,2026-08-12T16:14:00Z,c134,m003,11894
3489,2026-08-12T16:17:00Z,c062,c047,19649
3490,2026-08-12T16:18:00Z,c023,m038,1071
3491,2026-08-12T16:26:00Z,c054,c114,3555
3492,2026-08-12T16:30:00Z,c044,m019,4050
3493,2026-08-12T16:33:00Z,c091,m021,8870
3494,2026-08-12T16:34:00Z,c044,c143,3174
3495,2026-08-12T16:37:00Z,c029,c175,3043
3496,2026-08-12T16:39:00Z,c094,c128,32232
3497,2026-08-12T16:49:00Z,c069,m006,809
3498,2026-08-12T16:50:00Z,c141,c043,1233
3499,2026-08-12T16:52:00Z,c142,m015,12033
3500,2026-08-12T16:53:00Z,c041,m000,2827
3501,2026-08-12T16:53:00Z,c156,m023,23570
3502,2026-08-12T16:54:00Z,c028,c007,4246
3503,2026-08-12T16:56:00Z,c130,c095,18184
3504,2026-08-12T16:57:00Z,c049,m015,1752
3505,2026-08-12T17:03:00Z,c051,m032,5287
3506,2026-08-12T17:03:00Z,c073,c154,19195
3507,2026-08-12T17:04:00Z,c091,c069,4951
3508,2026-08-12T17:06:00Z,c056,c064,16339
3509,2026-08-12T17:06:00Z,c102,c151,2297
3510,2026-08-12T17:12:00Z,c047,m003,3967
3511,2026-08-12T17:12:00Z,c116,m036,4124
3512,2026-08-12T17:18:00Z,c036,m012,21774
3513,2026-08-12T17:18:00Z,c054,m010,4134
3514,2026-08-12T17:25:00Z,c134,m006,26603
3515,2026-08-12T17:28:00Z,c055,c152,4108
3516,2026-08-12T17:30:00Z,c106,m036,6116
3517,2026-08-12T17:32:00Z,c106,m011,12961
3518,2026-08-12T17:34:00Z,c106,m012,10842
3519,2026-08-12T17:40:00Z,c044,m028,2435
3520,2026-08-12T17:44:00Z,c003,m026,1419
3521,2026-08-12T17:52:00Z,c097,m020,2332
3522,2026-08-12T18:03:00Z,c142,m006,14918
3523,2026-08-12T18:05:00Z,c024,m010,1730
3524,2026-08-12T18:07:00Z,c003,c166,965
3525,2026-08-12T18:08:00Z,c161,m031,2931
3526,2026-08-12T18:09:00Z,c049,m030,893
3527,2026-08-12T18:13:00Z,c054,m010,2783
3528,2026-08-12T18:13:00Z,c142,c075,13446
3529,2026-08-12T18:14:00Z,c161,c092,4581
3530,2026-08-12T18:14:00Z,c161,m001,5036
3531,2026-08-12T18:17:00Z,c140,m037,4450
3532,2026-08-12T18:19:00Z,c017,c024,11351
3533,2026-08-12T18:21:00Z,c125,m003,3692
3534,2026-08-12T18:23:00Z,c161,m015,13675
3535,2026-08-12T18:27:00Z,c073,m029,11680
3536,2026-08-12T18:30:00Z,c125,m001,120000
3537,2026-08-12T18:46:00Z,c073,m010,15160
3538,2026-08-12T19:01:00Z,c036,m012,14534
3539,2026-08-12T19:07:00Z,c129,m037,16508
3540,2026-08-12T19:16:00Z,c073,c158,11386
3541,2026-08-12T19:21:00Z,c064,m003,4919
3542,2026-08-12T19:22:00Z,c044,m032,3101
3543,2026-08-12T19:36:00Z,c152,m032,15693
3544,2026-08-12T19:49:00Z,c036,c077,15061
3545,2026-08-12T19:49:00Z,c073,m018,22838
3546,2026-08-12T19:57:00Z,c012,c171,635
3547,2026-08-12T19:59:00Z,c155,c056,980
3548,2026-08-12T20:02:00Z,c084,m004,6503
3549,2026-08-12T20:06:00Z,c128,m014,2206
3550,2026-08-12T20:12:00Z,c062,m004,21080
3551,2026-08-12T20:12:00Z,c082,c039,18681
3552,2026-08-12T20:13:00Z,c128,m000,2202
3553,2026-08-12T20:27:00Z,c082,m026,48404
3554,2026-08-12T20:36:00Z,c178,m035,7935
3555,2026-08-12T20:40:00Z,c084,c067,8770
3556,2026-08-12T20:46:00Z,c072,c071,4672
3557,2026-08-12T21:08:00Z,c068,c102,21224
3558,2026-08-12T21:08:00Z,c178,m039,120000
3559,2026-08-12T21:10:00Z,c011,m033,1666
3560,2026-08-12T21:12:00Z,c007,m002,25468
3561,2026-08-12T21:18:00Z,c173,c027,7081
3562,2026-08-12T21:20:00Z,c068,m019,16824
3563,2026-08-12T21:24:00Z,c125,m029,3604
3564,2026-08-12T21:24:00Z,c173,m008,4623
3565,2026-08-12T21:24:00Z,c173,m014,8626
3566,2026-08-12T21:36:00Z,c173,m020,8702
3567,2026-08-12T21:41:00Z,c125,m029,5737
3568,2026-08-12T21:54:00Z,c054,m010,3644
3569,2026-08-12T21:54:00Z,c118,c106,3848
3570,2026-08-12T21:56:00Z,c118,m015,1070
3571,2026-08-12T21:58:00Z,c118,c086,2816
3572,2026-08-12T21:59:00Z,c160,m011,240000
3573,2026-08-12T22:02:00Z,c118,m025,1119
3574,2026-08-12T22:06:00Z,c118,m027,1411
3575,2026-08-12T22:11:00Z,c132,c146,23757
3576,2026-08-12T22:12:00Z,c118,m036,896
3577,2026-08-12T22:19:00Z,c118,m029,1193
3578,2026-08-12T22:32:00Z,c125,c063,3468
3579,2026-08-12T22:47:00Z,c072,c097,9894
3580,2026-08-12T22:51:00Z,c082,m009,23690
3581,2026-08-12T23:06:00Z,c172,m027,1696
3582,2026-08-12T23:34:00Z,c152,m017,20099
3583,2026-08-12T23:51:00Z,c167,m039,4819
3584,2026-08-13T00:11:00Z,c011,m025,2257
3585,2026-08-13T04:40:00Z,c138,m022,11220
3586,2026-08-13T04:47:00Z,c063,m029,1610
3587,2026-08-13T05:17:00Z,c095,c022,1923
3588,2026-08-13T05:50:00Z,c095,m025,2655
3589,2026-08-13T05:53:00Z,c076,m009,64392
3590,2026-08-13T05:58:00Z,c100,m031,3782
3591,2026-08-13T06:02:00Z,c043,m022,240000
3592,2026-08-13T06:02:00Z,c063,m029,1704
3593,2026-08-13T06:06:00Z,c027,m016,3564
3594,2026-08-13T06:27:00Z,c095,c022,1811
3595,2026-08-13T06:28:00Z,c027,m016,2497
3596,2026-08-13T06:53:00Z,c045,c018,2028
3597,2026-08-13T06:58:00Z,c060,m022,14447
3598,2026-08-13T07:08:00Z,c143,m016,1377
3599,2026-08-13T07:10:00Z,c078,c054,60000
3600,2026-08-13T07:27:00Z,c043,m018,6529
3601,2026-08-13T07:27:00Z,c138,m037,7089
3602,2026-08-13T07:33:00Z,c031,m022,2389
3603,2026-08-13T07:42:00Z,c005,m027,7673
3604,2026-08-13T07:44:00Z,c005,m029,6481
3605,2026-08-13T07:47:00Z,c099,m027,1551
3606,2026-08-13T07:48:00Z,c005,m011,6976
3607,2026-08-13T07:50:00Z,c169,c027,31269
3608,2026-08-13T07:52:00Z,c005,c018,7594
3609,2026-08-13T07:52:00Z,c166,m015,1484
3610,2026-08-13T07:56:00Z,c166,m004,604
3611,2026-08-13T07:58:00Z,c050,c063,4050
3612,2026-08-13T08:04:00Z,c166,m033,2342
3613,2026-08-13T08:07:00Z,c095,m030,4319
3614,2026-08-13T08:08:00Z,c166,c004,579
3615,2026-08-13T08:08:00Z,c171,m028,15684
3616,2026-08-13T08:10:00Z,c166,m001,1735
3617,2026-08-13T08:12:00Z,c109,c177,2442
3618,2026-08-13T08:16:00Z,c040,c171,13404
3619,2026-08-13T08:19:00Z,c177,m011,2257
3620,2026-08-13T08:27:00Z,c063,m031,5199
3621,2026-08-13T08:27:00Z,c163,m004,1469
3622,2026-08-13T08:34:00Z,c063,m030,2577
3623,2026-08-13T08:34:00Z,c101,m030,9594
3624,2026-08-13T08:39:00Z,c133,m024,1201
3625,2026-08-13T08:48:00Z,c050,c005,7759
3626,2026-08-13T08:50:00Z,c008,m018,12251
3627,2026-08-13T08:52:00Z,c063,m031,2723
3628,2026-08-13T08:56:00Z,c133,m023,868
3629,2026-08-13T08:58:00Z,c078,m011,1912
3630,2026-08-13T09:07:00Z,c121,m007,17199
3631,2026-08-13T09:20:00Z,c030,m037,1499
3632,2026-08-13T09:25:00Z,c098,m033,2395
3633,2026-08-13T09:28:00Z,c098,m032,7842
3634,2026-08-13T09:30:00Z,c103,m029,1670
3635,2026-08-13T09:33:00Z,c098,c172,7250
3636,2026-08-13T09:34:00Z,c103,m025,933
3637,2026-08-13T09:36:00Z,c103,m026,1698
3638,2026-08-13T09:37:00Z,c139,c071,22781
3639,2026-08-13T09:44:00Z,c022,m031,1164
3640,2026-08-13T09:46:00Z,c065,m034,22353
3641,2026-08-13T09:46:00Z,c066,m023,5077
3642,2026-08-13T09:52:00Z,c169,c086,18856
3643,2026-08-13T09:53:00Z,c034,m034,7704
3644,2026-08-13T09:54:00Z,c006,c026,7082
3645,2026-08-13T09:54:00Z,c034,m034,11255
3646,2026-08-13T10:00:00Z,c115,m037,24910
3647,2026-08-13T10:10:00Z,c050,c089,4149
3648,2026-08-13T10:15:00Z,c060,m022,4517
3649,2026-08-13T10:20:00Z,c143,m017,3402
3650,2026-08-13T10:21:00Z,c070,m029,8595
3651,2026-08-13T10:24:00Z,c063,m029,9391
3652,2026-08-13T10:28:00Z,c151,c038,2653
3653,2026-08-13T10:32:00Z,c032,m002,1318
3654,2026-08-13T10:32:00Z,c170,m011,875
3655,2026-08-13T10:33:00Z,c043,m032,9237
3656,2026-08-13T10:34:00Z,c163,m037,60000
3657,2026-08-13T10:38:00Z,c095,m031,5535
3658,2026-08-13T10:39:00Z,c066,c173,13660
3659,2026-08-13T10:39:00Z,c158,m010,2064
3660,2026-08-13T10:41:00Z,c016,m037,9700
3661,2026-08-13T10:42:00Z,c169,m012,17772
3662,2026-08-13T10:43:00Z,c143,m027,2803
3663,2026-08-13T10:45:00Z,c031,c103,1650
3664,2026-08-13T10:45:00Z,c045,m039,2228
3665,2026-08-13T10:50:00Z,c139,m006,31246
3666,2026-08-13T10:53:00Z,c022,m021,1072
3667,2026-08-13T10:54:00Z,c029,m019,3768
3668,2026-08-13T11:00:00Z,c170,m011,1472
3669,2026-08-13T11:02:00Z,c114,c007,11096
3670,2026-08-13T11:06:00Z,c093,m007,2539
3671,2026-08-13T11:10:00Z,c093,m037,3762
3672,2026-08-13T11:12:00Z,c041,m017,1251
3673,2026-08-13T11:12:00Z,c093,m007,909
3674,2026-08-13T11:13:00Z,c124,m001,21496
3675,2026-08-13T11:15:00Z,c121,m025,6551
3676,2026-08-13T11:17:00Z,c105,m037,3229
3677,2026-08-13T11:19:00Z,c052,c030,3896
3678,2026-08-13T11:19:00Z,c126,m009,5760
3679,2026-08-13T11:27:00Z,c039,c075,5982
3680,2026-08-13T11:30:00Z,c078,m001,3468
3681,2026-08-13T11:39:00Z,c047,c089,10766
3682,2026-08-13T11:41:00Z,c133,m009,2146
3683,2026-08-13T11:42:00Z,c029,m007,4021
3684,2026-08-13T11:43:00Z,c143,m016,1545
3685,2026-08-13T11:44:00Z,c109,m022,1881
3686,2026-08-13T11:46:00Z,c032,m039,50000
3687,2026-08-13T11:53:00Z,c141,m010,1245
3688,2026-08-13T11:58:00Z,c092,m035,1693
3689,2026-08-13T12:06:00Z,c155,m025,1155
3690,2026-08-13T12:08:00Z,c022,m009,1335
3691,2026-08-13T12:10:00Z,c120,c073,8537
3692,2026-08-13T12:13:00Z,c114,m024,15379
3693,2026-08-13T12:15:00Z,c120,c078,13351
3694,2026-08-13T12:15:00Z,c159,c070,2168
3695,2026-08-13T12:16:00Z,c120,m024,12331
3696,2026-08-13T12:22:00Z,c051,m004,4722
3697,2026-08-13T12:31:00Z,c108,m026,3415
3698,2026-08-13T12:37:00Z,c000,m027,21982
3699,2026-08-13T12:38:00Z,c133,m023,1774
3700,2026-08-13T12:39:00Z,c050,m001,7969
3701,2026-08-13T12:39:00Z,c143,m017,3893
3702,2026-08-13T12:43:00Z,c002,m038,13658
3703,2026-08-13T12:51:00Z,c032,m028,1129
3704,2026-08-13T12:52:00Z,c159,c163,4320
3705,2026-08-13T12:55:00Z,c169,m029,10449
3706,2026-08-13T12:56:00Z,c022,c000,4583
3707,2026-08-13T12:56:00Z,c092,m016,1340
3708,2026-08-13T12:59:00Z,c170,c053,1086
3709,2026-08-13T13:02:00Z,c022,m010,922
3710,2026-08-13T13:13:00Z,c117,m030,4547
3711,2026-08-13T13:17:00Z,c030,m019,775
3712,2026-08-13T13:18:00Z,c175,m036,2757
3713,2026-08-13T13:19:00Z,c104,m031,25647
3714,2026-08-13T13:22:00Z,c019,m012,23540
3715,2026-08-13T13:23:00Z,c067,c163,2451
3716,2026-08-13T13:27:00Z,c155,m027,1375
3717,2026-08-13T13:31:00Z,c136,c048,14912
3718,2026-08-13T13:31:00Z,c141,c043,1190
3719,2026-08-13T13:36:00Z,c037,m006,18418
3720,2026-08-13T13:36:00Z,c145,m039,8609
3721,2026-08-13T13:36:00Z,c176,m018,7276
3722,2026-08-13T13:37:00Z,c127,m015,9311
3723,2026-08-13T13:51:00Z,c015,m011,15551
3724,2026-08-13T14:00:00Z,c058,m002,8254
3725,2026-08-13T14:02:00Z,c046,m025,120000
3726,2026-08-13T14:13:00Z,c131,m014,14058
3727,2026-08-13T14:14:00Z,c094,m021,18330
3728,2026-08-13T14:14:00Z,c170,c124,3178
3729,2026-08-13T14:16:00Z,c140,c157,5827
3730,2026-08-13T14:19:00Z,c158,m028,50000
3731,2026-08-13T14:20:00Z,c030,m037,1108
3732,2026-08-13T14:20:00Z,c140,m009,3102
3733,2026-08-13T14:28:00Z,c140,m013,3059
3734,2026-08-13T14:29:00Z,c067,m015,888
3735,2026-08-13T14:29:00Z,c168,m032,9114
3736,2026-08-13T14:31:00Z,c046,m008,7017
3737,2026-08-13T14:32:00Z,c033,m035,1122
3738,2026-08-13T14:34:00Z,c012,c153,971
3739,2026-08-13T14:35:00Z,c056,c144,16258
3740,2026-08-13T14:36:00Z,c007,c177,14218
3741,2026-08-13T14:36:00Z,c033,m002,1852
3742,2026-08-13T14:38:00Z,c033,m015,3619
3743,2026-08-13T14:42:00Z,c012,m003,2156
3744,2026-08-13T14:43:00Z,c089,c125,14111
3745,2026-08-13T14:44:00Z,c033,m035,2529
3746,2026-08-13T14:44:00Z,c112,c065,13951
3747,2026-08-13T14:48:00Z,c107,m015,766
3748,2026-08-13T14:55:00Z,c111,m035,19890
3749,2026-08-13T14:56:00Z,c033,m028,1320
3750,2026-08-13T14:59:00Z,c113,m010,588
3751,2026-08-13T15:02:00Z,c056,m020,12145
3752,2026-08-13T15:02:00Z,c088,m032,9355
3753,2026-08-13T15:07:00Z,c150,c047,14071
3754,2026-08-13T15:09:00Z,c113,m021,2681
3755,2026-08-13T15:10:00Z,c131,m014,11789
3756,2026-08-13T15:14:00Z,c150,m037,13340
3757,2026-08-13T15:28:00Z,c127,m030,7398
3758,2026-08-13T15:28:00Z,c142,m006,11494
3759,2026-08-13T15:29:00Z,c168,m032,12266
3760,2026-08-13T15:41:00Z,c059,m030,5785
3761,2026-08-13T15:42:00Z,c089,m012,17196
3762,2026-08-13T15:43:00Z,c084,m031,6475
3763,2026-08-13T15:44:00Z,c059,m002,19762
3764,2026-08-13T15:45:00Z,c059,m016,18292
3765,2026-08-13T15:47:00Z,c059,c057,6899
3766,2026-08-13T15:57:00Z,c127,m037,2832
3767,2026-08-13T15:57:00Z,c164,m011,18325
3768,2026-08-13T15:58:00Z,c079,m038,8758
3769,2026-08-13T15:58:00Z,c127,m005,5264
3770,2026-08-13T16:01:00Z,c116,m017,2064
3771,2026-08-13T16:05:00Z,c079,m018,7325
3772,2026-08-13T16:06:00Z,c155,m033,1177
3773,2026-08-13T16:12:00Z,c110,m037,5021
3774,2026-08-13T16:16:00Z,c122,m033,16091
3775,2026-08-13T16:21:00Z,c067,m015,1337
3776,2026-08-13T16:24:00Z,c161,m001,12722
3777,2026-08-13T16:25:00Z,c012,m021,598
3778,2026-08-13T16:27:00Z,c037,m017,15505
3779,2026-08-13T16:30:00Z,c149,c010,2114
3780,2026-08-13T16:32:00Z,c072,c071,4669
3781,2026-08-13T16:35:00Z,c035,c005,1781
3782,2026-08-13T16:39:00Z,c014,m031,60000
3783,2026-08-13T16:45:00Z,c081,m030,1132
3784,2026-08-13T16:53:00Z,c074,m036,4461
3785,2026-08-13T16:55:00Z,c157,m006,10143
3786,2026-08-13T16:56:00Z,c058,m002,5149
3787,2026-08-13T16:57:00Z,c051,c101,3603
3788,2026-08-13T17:05:00Z,c129,m039,7809
3789,2026-08-13T17:05:00Z,c150,m000,14582
3790,2026-08-13T17:07:00Z,c150,m000,8872
3791,2026-08-13T17:10:00Z,c015,m009,14883
3792,2026-08-13T17:14:00Z,c091,c069,6908
3793,2026-08-13T17:16:00Z,c044,m033,1836
3794,2026-08-13T17:17:00Z,c159,m013,1135
3795,2026-08-13T17:20:00Z,c111,m039,4056
3796,2026-08-13T17:22:00Z,c068,m030,9067
3797,2026-08-13T17:24:00Z,c159,m034,50000
3798,2026-08-13T17:26:00Z,c068,m019,10161
3799,2026-08-13T17:27:00Z,c074,m017,5004
3800,2026-08-13T17:28:00Z,c018,m032,27161
3801,2026-08-13T17:31:00Z,c094,m038,39125
3802,2026-08-13T17:34:00Z,c146,m023,12409
3803,2026-08-13T17:36:00Z,c167,c133,13099
3804,2026-08-13T17:37:00Z,c083,m023,1282
3805,2026-08-13T17:37:00Z,c094,m008,34332
3806,2026-08-13T17:37:00Z,c113,m022,1322
3807,2026-08-13T17:40:00Z,c125,m035,4615
3808,2026-08-13T17:41:00Z,c083,m009,1547
3809,2026-08-13T17:43:00Z,c154,m037,4400
3810,2026-08-13T17:46:00Z,c044,c015,4373
3811,2026-08-13T17:46:00Z,c161,c092,5370
3812,2026-08-13T17:47:00Z,c083,m023,3952
3813,2026-08-13T17:52:00Z,c091,m024,7088
3814,2026-08-13T17:54:00Z,c017,m000,44229
3815,2026-08-13T17:54:00Z,c150,m028,240000
3816,2026-08-13T18:00:00Z,c152,c104,9282
3817,2026-08-13T18:03:00Z,c004,m031,1742
3818,2026-08-13T18:03:00Z,c014,m005,1988
3819,2026-08-13T18:14:00Z,c161,c092,12671
3820,2026-08-13T18:18:00Z,c025,m019,10198
3821,2026-08-13T18:32:00Z,c142,m005,29069
3822,2026-08-13T18:36:00Z,c148,m035,29464
3823,2026-08-13T18:38:00Z,c113,m011,832
3824,2026-08-13T18:39:00Z,c148,m032,17310
3825,2026-08-13T18:43:00Z,c012,m007,1528
3826,2026-08-13T18:43:00Z,c072,c097,4713
3827,2026-08-13T18:45:00Z,c167,c133,8962
3828,2026-08-13T18:50:00Z,c173,m004,120000
3829,2026-08-13T18:53:00Z,c097,m024,2186
3830,2026-08-13T18:58:00Z,c154,c069,6634
3831,2026-08-13T19:07:00Z,c049,m034,2614
3832,2026-08-13T19:08:00Z,c062,m024,8382
3833,2026-08-13T19:08:00Z,c150,c071,16330
3834,2026-08-13T19:16:00Z,c049,m012,1407
3835,2026-08-13T19:22:00Z,c010,c047,2336
3836,2026-08-13T19:25:00Z,c091,m022,4944
3837,2026-08-13T19:26:00Z,c173,m008,7106
3838,2026-08-13T19:27:00Z,c094,m008,23181
3839,2026-08-13T19:28:00Z,c068,m019,5431
3840,2026-08-13T19:32:00Z,c096,c037,12921
3841,2026-08-13T19:32:00Z,c148,m032,8430
3842,2026-08-13T19:34:00Z,c096,m004,17858
3843,2026-08-13T19:35:00Z,c125,c073,4375
3844,2026-08-13T19:38:00Z,c086,m017,2848
3845,2026-08-13T19:41:00Z,c086,c020,2867
3846,2026-08-13T19:42:00Z,c096,m028,23837
3847,2026-08-13T19:48:00Z,c086,m003,2558
3848,2026-08-13T19:50:00Z,c096,m013,19106
3849,2026-08-13T19:52:00Z,c096,m006,15648
3850,2026-08-13T20:09:00Z,c091,m024,3933
3851,2026-08-13T20:10:00Z,c146,m025,8938
3852,2026-08-13T20:11:00Z,c091,m021,4007
3853,2026-08-13T20:13:00Z,c028,m005,2513
3854,2026-08-13T20:13:00Z,c146,m020,19141
3855,2026-08-13T20:26:00Z,c147,c112,9555
3856,2026-08-13T20:35:00Z,c154,m028,5515
3857,2026-08-13T20:47:00Z,c068,m038,4002
3858,2026-08-13T20:54:00Z,c077,m025,22850
3859,2026-08-13T20:55:00Z,c054,c114,5895
3860,2026-08-13T20:55:00Z,c125,m035,16795
3861,2026-08-13T20:56:00Z,c178,m039,4890
3862,2026-08-13T20:57:00Z,c161,m001,4214
3863,2026-08-13T20:59:00Z,c044,m019,60000
3864,2026-08-13T20:59:00Z,c160,m020,17091
3865,2026-08-13T21:08:00Z,c091,m021,120000
3866,2026-08-13T21:36:00Z,c161,m001,6062
3867,2026-08-13T21:47:00Z,c077,m003,13326
3868,2026-08-13T21:47:00Z,c148,m001,30596
3869,2026-08-13T21:57:00Z,c118,m016,50000
3870,2026-08-13T21:59:00Z,c118,m015,971
3871,2026-08-13T22:01:00Z,c118,m000,1179
3872,2026-08-13T22:18:00Z,c082,c039,38633
3873,2026-08-13T22:40:00Z,c011,m007,1047
3874,2026-08-13T22:46:00Z,c049,m015,1187
3875,2026-08-13T23:03:00Z,c123,m039,2841
3876,2026-08-14T03:51:00Z,c100,m031,10725
3877,2026-08-14T04:01:00Z,c032,m029,1386
3878,2026-08-14T04:48:00Z,c032,m006,1205
3879,2026-08-14T05:11:00Z,c076,m025,12430
3880,2026-08-14T05:21:00Z,c135,m016,33143
3881,2026-08-14T05:36:00Z,c042,m001,10986
3882,2026-08-14T06:05:00Z,c042,m030,37546
3883,2026-08-14T06:27:00Z,c063,m031,5708
3884,2026-08-14T06:32:00Z,c038,m000,3464
3885,2026-08-14T06:41:00Z,c043,m011,7589
3886,2026-08-14T06:44:00Z,c041,m036,2176
3887,2026-08-14T06:46:00Z,c042,m019,43301
3888,2026-08-14T06:48:00Z,c121,m037,16685
3889,2026-08-14T06:58:00Z,c042,m019,28410
3890,2026-08-14T07:04:00Z,c092,m035,601
3891,2026-08-14T07:06:00Z,c098,m019,4366
3892,2026-08-14T07:07:00Z,c098,m021,5681
3893,2026-08-14T07:07:00Z,c131,m030,11298
3894,2026-08-14T07:08:00Z,c126,m020,5724
3895,2026-08-14T07:11:00Z,c126,c086,7672
3896,2026-08-14T07:16:00Z,c126,c029,6470
3897,2026-08-14T07:21:00Z,c063,m029,3922
3898,2026-08-14T07:31:00Z,c016,c025,8791
3899,2026-08-14T07:37:00Z,c135,m003,10316
3900,2026-08-14T07:41:00Z,c099,m027,2469
3901,2026-08-14T07:45:00Z,c092,m022,1768
3902,2026-08-14T07:45:00Z,c100,m017,3787
3903,2026-08-14T07:52:00Z,c004,c166,2519
3904,2026-08-14T07:52:00Z,c021,c014,9920
3905,2026-08-14T07:53:00Z,c119,m020,50000
3906,2026-08-14T07:55:00Z,c021,m038,15095
3907,2026-08-14T07:58:00Z,c021,m018,42172
3908,2026-08-14T08:07:00Z,c031,m002,1839
3909,2026-08-14T08:15:00Z,c169,m032,42314
3910,2026-08-14T08:16:00Z,c076,c167,24430
3911,2026-08-14T08:17:00Z,c100,m012,13134
3912,2026-08-14T08:18:00Z,c008,m028,18131
3913,2026-08-14T08:21:00Z,c045,m008,3364
3914,2026-08-14T08:24:00Z,c009,c011,10122
3915,2026-08-14T08:26:00Z,c121,c136,18142
3916,2026-08-14T08:27:00Z,c095,m011,2358
3917,2026-08-14T08:29:00Z,c030,m037,1125
3918,2026-08-14T08:29:00Z,c169,c086,35160
3919,2026-08-14T08:30:00Z,c043,m038,8324
3920,2026-08-14T08:38:00Z,c040,m005,8148
3921,2026-08-14T08:39:00Z,c065,m004,12513
3922,2026-08-14T08:42:00Z,c121,c139,9575
3923,2026-08-14T08:45:00Z,c065,m004,12391
3924,2026-08-14T08:46:00Z,c139,c071,19133
3925,2026-08-14T08:49:00Z,c065,c137,9206
3926,2026-08-14T08:50:00Z,c032,m011,1118
3927,2026-08-14T08:55:00Z,c169,m014,34654
3928,2026-08-14T08:58:00Z,c004,m031,3295
3929,2026-08-14T09:04:00Z,c076,c167,22646
3930,2026-08-14T09:09:00Z,c171,m003,4451
3931,2026-08-14T09:20:00Z,c093,m013,1515
3932,2026-08-14T09:23:00Z,c060,m029,6650
3933,2026-08-14T09:25:00Z,c093,m024,1934
3934,2026-08-14T09:30:00Z,c093,m007,1729
3935,2026-08-14T09:32:00Z,c099,m026,2228
3936,2026-08-14T09:36:00Z,c038,m000,2066
3937,2026-08-14T09:40:00Z,c109,m032,3532
3938,2026-08-14T09:40:00Z,c131,m025,19087
3939,2026-08-14T09:45:00Z,c041,m029,4270
3940,2026-08-14T09:48:00Z,c029,m033,3190
3941,2026-08-14T09:52:00Z,c177,m005,3698
3942,2026-08-14T09:53:00Z,c169,m039,31433
3943,2026-08-14T09:54:00Z,c163,m010,3445
3944,2026-08-14T10:04:00Z,c090,m020,14147
3945,2026-08-14T10:07:00Z,c035,m029,1235
3946,2026-08-14T10:07:00Z,c045,m025,5178
3947,2026-08-14T10:09:00Z,c090,c129,17870
3948,2026-08-14T10:12:00Z,c090,c044,20894
3949,2026-08-14T10:14:00Z,c090,c044,36081
3950,2026-08-14T10:16:00Z,c090,m015,400000
3951,2026-08-14T10:20:00Z,c135,c116,14410
3952,2026-08-14T10:22:00Z,c133,m024,1300
3953,2026-08-14T10:24:00Z,c000,c018,22476
3954,2026-08-14T10:27:00Z,c153,m013,15402
3955,2026-08-14T10:31:00Z,c103,c176,971
3956,2026-08-14T10:37:00Z,c030,m020,1895
3957,2026-08-14T10:41:00Z,c109,m035,1959
3958,2026-08-14T10:41:00Z,c133,m010,814
3959,2026-08-14T10:43:00Z,c005,c011,7782
3960,2026-08-14T10:53:00Z,c022,m010,3141
3961,2026-08-14T11:02:00Z,c029,m019,3073
3962,2026-08-14T11:08:00Z,c156,m022,20624
3963,2026-08-14T11:12:00Z,c029,c175,3162
3964,2026-08-14T11:16:00Z,c078,c021,3273
3965,2026-08-14T11:19:00Z,c078,m006,2237
3966,2026-08-14T11:24:00Z,c029,m019,1602
3967,2026-08-14T11:24:00Z,c078,c021,2187
3968,2026-08-14T11:28:00Z,c110,m037,20951
3969,2026-08-14T11:28:00Z,c133,m020,2342
3970,2026-08-14T11:33:00Z,c110,m037,12894
3971,2026-08-14T11:34:00Z,c070,m024,18041
3972,2026-08-14T11:34:00Z,c085,m010,899
3973,2026-08-14T11:36:00Z,c110,m004,17420
3974,2026-08-14T11:44:00Z,c108,m035,2123
3975,2026-08-14T11:46:00Z,c133,m024,2353
3976,2026-08-14T11:48:00Z,c108,m038,1754
3977,2026-08-14T11:50:00Z,c092,m037,1532
3978,2026-08-14T11:51:00Z,c030,m020,2191
3979,2026-08-14T11:56:00Z,c162,m026,19684
3980,2026-08-14T11:57:00Z,c000,m027,24759
3981,2026-08-14T12:00:00Z,c037,c122,7680
3982,2026-08-14T12:01:00Z,c162,m010,12765
3983,2026-08-14T12:06:00Z,c050,c005,4724
3984,2026-08-14T12:08:00Z,c162,c161,23236
3985,2026-08-14T12:09:00Z,c050,c089,4269
3986,2026-08-14T12:11:00Z,c061,m031,15808
3987,2026-08-14T12:11:00Z,c074,c171,3789
3988,2026-08-14T12:12:00Z,c020,m036,6813
3989,2026-08-14T12:14:00Z,c162,m001,3016
3990,2026-08-14T12:15:00Z,c061,m011,7574
3991,2026-08-14T12:17:00Z,c092,c176,824
3992,2026-08-14T12:18:00Z,c050,m015,120000
3993,2026-08-14T12:21:00Z,c066,m029,5274
3994,2026-08-14T12:24:00Z,c136,c048,14655
3995,2026-08-14T12:42:00Z,c159,m034,1486
3996,2026-08-14T12:44:00Z,c002,m038,4427
3997,2026-08-14T12:45:00Z,c006,m012,5551
3998,2026-08-14T12:48:00Z,c098,m010,6078
3999,2026-08-14T12:56:00Z,c130,m033,21068
4000,2026-08-14T12:57:00Z,c159,m031,1139
4001,2026-08-14T13:02:00Z,c113,m011,2874
4002,2026-08-14T13:03:00Z,c150,c071,10885
4003,2026-08-14T13:06:00Z,c113,m010,1980
4004,2026-08-14T13:08:00Z,c113,c011,787
4005,2026-08-14T13:08:00Z,c113,c011,1689
4006,2026-08-14T13:09:00Z,c122,m034,5704
4007,2026-08-14T13:09:00Z,c136,m026,5313
4008,2026-08-14T13:09:00Z,c150,c047,7897
4009,2026-08-14T13:13:00Z,c150,m032,34147
4010,2026-08-14T13:14:00Z,c113,m010,3270
4011,2026-08-14T13:25:00Z,c103,m026,2681
4012,2026-08-14T13:26:00Z,c133,c121,2535
4013,2026-08-14T13:27:00Z,c059,m002,9365
4014,2026-08-14T13:36:00Z,c033,c084,50000
4015,2026-08-14T13:42:00Z,c034,m014,11888
4016,2026-08-14T13:42:00Z,c074,m021,8894
4017,2026-08-14T13:46:00Z,c156,m022,30153
4018,2026-08-14T13:47:00Z,c079,m002,12052
4019,2026-08-14T14:00:00Z,c103,m029,3235
4020,2026-08-14T14:01:00Z,c145,m003,4826
4021,2026-08-14T14:01:00Z,c146,m030,240000
4022,2026-08-14T14:04:00Z,c007,m036,10653
4023,2026-08-14T14:04:00Z,c023,c042,1439
4024,2026-08-14T14:05:00Z,c127,m030,5900
4025,2026-08-14T14:05:00Z,c146,m008,16150
4026,2026-08-14T14:09:00Z,c089,m022,12656
4027,2026-08-14T14:10:00Z,c134,m008,21892
4028,2026-08-14T14:11:00Z,c127,m005,5048
4029,2026-08-14T14:11:00Z,c127,m034,2912
4030,2026-08-14T14:11:00Z,c146,m020,16033
4031,2026-08-14T14:13:00Z,c127,m015,4023
4032,2026-08-14T14:13:00Z,c127,m015,5496
4033,2026-08-14T14:13:00Z,c175,m000,1089
4034,2026-08-14T14:14:00Z,c024,m003,2766
4035,2026-08-14T14:14:00Z,c079,c030,7108
4036,2026-08-14T14:15:00Z,c006,m025,8646
4037,2026-08-14T14:29:00Z,c064,c014,16570
4038,2026-08-14T14:36:00Z,c081,m030,906
4039,2026-08-14T14:37:00Z,c104,m003,18575
4040,2026-08-14T14:40:00Z,c081,m030,1635
4041,2026-08-14T14:42:00Z,c035,c005,1096
4042,2026-08-14T14:47:00Z,c013,c090,27332
4043,2026-08-14T14:48:00Z,c081,m039,2098
4044,2026-08-14T14:49:00Z,c022,m035,2103
4045,2026-08-14T14:49:00Z,c086,c132,8463
4046,2026-08-14T14:51:00Z,c074,c010,3721
4047,2026-08-14T14:53:00Z,c120,m014,16414
4048,2026-08-14T14:55:00Z,c101,c175,4368
4049,2026-08-14T14:56:00Z,c072,c135,3238
4050,2026-08-14T15:06:00Z,c011,m013,1379
4051,2026-08-14T15:11:00Z,c149,c010,3621
4052,2026-08-14T15:14:00Z,c002,m029,14588
4053,2026-08-14T15:17:00Z,c068,m030,10544
4054,2026-08-14T15:19:00Z,c028,c007,2380
4055,2026-08-14T15:19:00Z,c072,c071,4128
4056,2026-08-14T15:21:00Z,c089,m012,14014
4057,2026-08-14T15:24:00Z,c178,c042,120000
4058,2026-08-14T15:28:00Z,c056,m020,11167
4059,2026-08-14T15:29:00Z,c112,m028,9520
4060,2026-08-14T15:33:00Z,c089,m034,2766
4061,2026-08-14T15:41:00Z,c051,m004,8080
4062,2026-08-14T15:47:00Z,c170,c053,1667
4063,2026-08-14T15:58:00Z,c056,m003,13658
4064,2026-08-14T16:02:00Z,c056,m011,8098
4065,2026-08-14T16:04:00Z,c159,m031,50000
4066,2026-08-14T16:06:00Z,c175,c009,1294
4067,2026-08-14T16:15:00Z,c140,c157,3490
4068,2026-08-14T16:17:00Z,c059,m021,6047
4069,2026-08-14T16:18:00Z,c014,m007,1257
4070,2026-08-14T16:31:00Z,c160,c065,15252
4071,2026-08-14T16:34:00Z,c094,m004,20761
4072,2026-08-14T16:36:00Z,c094,m032,24027
4073,2026-08-14T16:36:00Z,c140,m037,3006
4074,2026-08-14T16:42:00Z,c174,m005,1688
4075,2026-08-14T16:43:00Z,c123,m010,1858
4076,2026-08-14T16:44:00Z,c073,c154,15493
4077,2026-08-14T16:46:00Z,c125,m034,11283
4078,2026-08-14T16:48:00Z,c179,c094,1625
4079,2026-08-14T16:52:00Z,c158,m028,3144
4080,2026-08-14T16:56:00Z,c067,m032,2002
4081,2026-08-14T16:58:00Z,c067,m038,1682
4082,2026-08-14T17:00:00Z,c067,m035,2050
4083,2026-08-14T17:01:00Z,c070,m021,9041
4084,2026-08-14T17:04:00Z,c003,c166,1456
4085,2026-08-14T17:08:00Z,c067,c163,900
4086,2026-08-14T17:12:00Z,c012,m003,1116
4087,2026-08-14T17:18:00Z,c125,m013,6761
4088,2026-08-14T17:21:00Z,c044,m038,6376
4089,2026-08-14T17:21:00Z,c132,m027,21137
4090,2026-08-14T17:25:00Z,c044,c143,2430
4091,2026-08-14T17:26:00Z,c082,m008,24626
4092,2026-08-14T17:28:00Z,c168,m034,19224
4093,2026-08-14T17:29:00Z,c159,m013,968
4094,2026-08-14T17:30:00Z,c168,m024,22206
4095,2026-08-14T17:31:00Z,c084,m012,7483
4096,2026-08-14T17:32:00Z,c036,m012,4927
4097,2026-08-14T17:33:00Z,c044,m003,1851
4098,2026-08-14T17:33:00Z,c097,m035,1656
4099,2026-08-14T17:34:00Z,c017,c024,15247
4100,2026-08-14T17:34:00Z,c173,m008,4231
4101,2026-08-14T17:37:00Z,c047,m020,3649
4102,2026-08-14T17:38:00Z,c168,m034,11203
4103,2026-08-14T17:41:00Z,c155,c056,1244
4104,2026-08-14T17:42:00Z,c072,m012,3925
4105,2026-08-14T17:47:00Z,c073,m012,7021
4106,2026-08-14T17:48:00Z,c094,m010,18200
4107,2026-08-14T17:54:00Z,c118,c106,643
4108,2026-08-14T17:57:00Z,c072,m012,7538
4109,2026-08-14T17:57:00Z,c140,m011,1131
4110,2026-08-14T17:58:00Z,c086,m017,7707
4111,2026-08-14T18:04:00Z,c018,m022,12960
4112,2026-08-14T18:11:00Z,c154,m024,4900
4113,2026-08-14T18:12:00Z,c083,m012,1425
4114,2026-08-14T18:13:00Z,c049,m015,3195
4115,2026-08-14T18:14:00Z,c104,m037,5412
4116,2026-08-14T18:16:00Z,c118,m027,2228
4117,2026-08-14T18:18:00Z,c152,m032,16439
4118,2026-08-14T18:21:00Z,c128,m021,3531
4119,2026-08-14T18:22:00Z,c152,m032,5410
4120,2026-08-14T18:23:00Z,c147,m031,47888
4121,2026-08-14T18:25:00Z,c062,m008,18764
4122,2026-08-14T18:30:00Z,c152,m036,24171
4123,2026-08-14T18:31:00Z,c125,m031,6977
4124,2026-08-14T18:34:00Z,c014,m010,4218
4125,2026-08-14T18:35:00Z,c069,m011,762
4126,2026-08-14T18:35:00Z,c176,m018,4756
4127,2026-08-14T18:36:00Z,c072,m027,4038
4128,2026-08-14T18:36:00Z,c122,m018,10516
4129,2026-08-14T18:38:00Z,c155,m027,2188
4130,2026-08-14T18:43:00Z,c077,m007,27025
4131,2026-08-14T18:50:00Z,c084,m028,7732
4132,2026-08-14T18:54:00Z,c091,m013,8001
4133,2026-08-14T18:56:00Z,c123,m031,2697
4134,2026-08-14T18:59:00Z,c082,m004,10038
4135,2026-08-14T19:00:00Z,c125,m031,18096
4136,2026-08-14T19:04:00Z,c003,m026,3229
4137,2026-08-14T19:05:00Z,c167,c133,20423
4138,2026-08-14T19:06:00Z,c007,m036,21016
4139,2026-08-14T19:06:00Z,c125,c157,11181
4140,2026-08-14T19:08:00Z,c014,m010,5202
4141,2026-08-14T19:14:00Z,c091,m021,7598
4142,2026-08-14T19:15:00Z,c049,m030,2162
4143,2026-08-14T19:16:00Z,c064,c014,11974
4144,2026-08-14T19:20:00Z,c062,m025,11501
4145,2026-08-14T19:21:00Z,c091,m013,8709
4146,2026-08-14T19:26:00Z,c087,m010,22552
4147,2026-08-14T19:27:00Z,c082,c039,20604
4148,2026-08-14T19:29:00Z,c128,m021,1458
4149,2026-08-14T19:34:00Z,c007,m013,29538
4150,2026-08-14T19:35:00Z,c072,m027,4353
4151,2026-08-14T19:37:00Z,c007,m002,18012
4152,2026-08-14T19:38:00Z,c069,m016,795
4153,2026-08-14T19:46:00Z,c007,m010,26287
4154,2026-08-14T19:54:00Z,c096,m023,18463
4155,2026-08-14T19:55:00Z,c083,m011,1402
4156,2026-08-14T19:55:00Z,c118,m009,459
4157,2026-08-14T20:17:00Z,c128,m014,735
4158,2026-08-14T20:18:00Z,c167,m023,8138
4159,2026-08-14T20:31:00Z,c161,m024,6129
4160,2026-08-14T20:47:00Z,c084,m001,10652
4161,2026-08-14T21:18:00Z,c128,m003,1126
4162,2026-08-14T21:21:00Z,c010,m022,7076
4163,2026-08-14T21:25:00Z,c084,m001,10483
4164,2026-08-14T21:26:00Z,c003,c058,2588
4165,2026-08-14T21:30:00Z,c003,c166,1451
4166,2026-08-14T21:37:00Z,c062,m005,23760
4167,2026-08-14T21:44:00Z,c010,c047,60000
4168,2026-08-14T21:54:00Z,c062,m011,6271
4169,2026-08-14T22:14:00Z,c176,m012,2812
4170,2026-08-14T22:21:00Z,c087,m024,14303
4171,2026-08-15T00:05:00Z,c161,m022,120000
4172,2026-08-15T02:47:00Z,c032,c083,683
4173,2026-08-15T03:08:00Z,c032,m029,3313
4174,2026-08-15T03:22:00Z,c032,m029,2754
4175,2026-08-15T05:02:00Z,c065,c069,13935
4176,2026-08-15T05:04:00Z,c126,c047,2774
4177,2026-08-15T05:11:00Z,c126,c029,5110
4178,2026-08-15T05:31:00Z,c138,c003,15073
4179,2026-08-15T05:43:00Z,c095,m011,5886
4180,2026-08-15T05:58:00Z,c042,c128,8280
4181,2026-08-15T06:03:00Z,c065,m032,13914
4182,2026-08-15T06:22:00Z,c053,m034,26479
4183,2026-08-15T06:58:00Z,c057,m039,3360
4184,2026-08-15T07:01:00Z,c053,m036,30720
4185,2026-08-15T07:11:00Z,c078,m024,2302
4186,2026-08-15T07:15:00Z,c031,m022,5278
4187,2026-08-15T07:25:00Z,c043,m038,8141
4188,2026-08-15T07:47:00Z,c121,m025,8030
4189,2026-08-15T07:56:00Z,c037,c003,20956
4190,2026-08-15T07:57:00Z,c031,m026,2042
4191,2026-08-15T08:14:00Z,c115,c077,5817
4192,2026-08-15T08:17:00Z,c042,m030,34381
4193,2026-08-15T08:39:00Z,c107,c087,1606
4194,2026-08-15T08:42:00Z,c107,c087,1713
4195,2026-08-15T08:43:00Z,c177,c109,3041
4196,2026-08-15T08:47:00Z,c107,m004,1580
4197,2026-08-15T08:47:00Z,c107,m038,1365
4198,2026-08-15T08:48:00Z,c058,m002,2392
4199,2026-08-15T08:53:00Z,c139,m033,38192
4200,2026-08-15T08:57:00Z,c107,m025,740
4201,2026-08-15T08:59:00Z,c006,m003,11061
4202,2026-08-15T09:05:00Z,c008,c147,10521
4203,2026-08-15T09:10:00Z,c043,m018,5579
4204,2026-08-15T09:12:00Z,c103,m029,1679
4205,2026-08-15T09:13:00Z,c078,c171,3905
4206,2026-08-15T09:21:00Z,c133,m009,2114
4207,2026-08-15T09:22:00Z,c095,m025,4631
4208,2026-08-15T09:24:00Z,c133,c121,1876
4209,2026-08-15T09:33:00Z,c133,m009,1399
4210,2026-08-15T09:39:00Z,c133,m024,1389
4211,2026-08-15T09:50:00Z,c034,m014,15740
4212,2026-08-15T09:51:00Z,c040,m015,23274
4213,2026-08-15T09:51:00Z,c063,m030,3040
4214,2026-08-15T09:55:00Z,c124,c173,15460
4215,2026-08-15T10:03:00Z,c078,m031,1659
4216,2026-08-15T10:11:00Z,c052,m029,3219
4217,2026-08-15T10:11:00Z,c162,m001,7969
4218,2026-08-15T10:16:00Z,c030,m021,1216
4219,2026-08-15T10:17:00Z,c037,m015,17712
4220,2026-08-15T10:19:00Z,c144,m023,7611
4221,2026-08-15T10:20:00Z,c040,m000,26004
4222,2026-08-15T10:21:00Z,c093,m007,1310
4223,2026-08-15T10:31:00Z,c053,m025,25906
4224,2026-08-15T10:32:00Z,c030,m020,50000
4225,2026-08-15T10:37:00Z,c139,m023,15972
4226,2026-08-15T10:39:00Z,c117,m010,10180
4227,2026-08-15T10:41:00Z,c153,m015,42289
4228,2026-08-15T10:42:00Z,c078,c054,4143
4229,2026-08-15T10:42:00Z,c169,c086,38395
4230,2026-08-15T10:50:00Z,c060,m032,5752
4231,2026-08-15T10:54:00Z,c066,m008,3811
4232,2026-08-15T10:56:00Z,c093,m023,1836
4233,2026-08-15T10:56:00Z,c150,c071,11237
4234,2026-08-15T10:58:00Z,c098,m033,8325
4235,2026-08-15T10:59:00Z,c101,m018,3350
4236,2026-08-15T11:02:00Z,c070,m018,4147
4237,2026-08-15T11:04:00Z,c058,m002,5311
4238,2026-08-15T11:05:00Z,c143,m017,1567
4239,2026-08-15T11:06:00Z,c005,c018,5790
4240,2026-08-15T11:07:00Z,c060,m023,8534
4241,2026-08-15T11:07:00Z,c066,c158,6667
4242,2026-08-15T11:09:00Z,c171,m004,11980
4243,2026-08-15T11:10:00Z,c038,m034,2373
4244,2026-08-15T11:11:00Z,c005,c076,4741
4245,2026-08-15T11:11:00Z,c021,c012,8289
4246,2026-08-15T11:13:00Z,c138,m009,15896
4247,2026-08-15T11:16:00Z,c005,m009,2963
4248,2026-08-15T11:17:00Z,c021,m026,9728
4249,2026-08-15T11:17:00Z,c110,m004,10473
4250,2026-08-15T11:19:00Z,c021,c012,11734
4251,2026-08-15T11:21:00Z,c079,m006,5987
4252,2026-08-15T11:22:00Z,c002,m014,5920
4253,2026-08-15T11:22:00Z,c063,m030,2483
4254,2026-08-15T11:26:00Z,c177,c109,3875
4255,2026-08-15T11:27:00Z,c002,m014,6291
4256,2026-08-15T11:28:00Z,c002,m029,8768
4257,2026-08-15T11:28:00Z,c002,m038,5450
4258,2026-08-15T11:34:00Z,c002,c048,7374
4259,2026-08-15T11:35:00Z,c098,m019,5587
4260,2026-08-15T11:37:00Z,c078,m001,2631
4261,2026-08-15T11:45:00Z,c029,c178,2829
4262,2026-08-15T11:47:00Z,c029,m007,5251
4263,2026-08-15T11:48:00Z,c058,m021,7636
4264,2026-08-15T11:48:00Z,c108,m026,7965
4265,2026-08-15T11:49:00Z,c120,c073,13107
4266,2026-08-15T11:55:00Z,c029,m019,8830
4267,2026-08-15T12:00:00Z,c050,m001,12827
4268,2026-08-15T12:03:00Z,c015,m037,9066
4269,2026-08-15T12:03:00Z,c029,c178,2600
4270,2026-08-15T12:03:00Z,c050,m015,3680
4271,2026-08-15T12:06:00Z,c070,m038,9657
4272,2026-08-15T12:07:00Z,c003,c166,1332
4273,2026-08-15T12:10:00Z,c040,m031,21959
4274,2026-08-15T12:10:00Z,c090,m020,40829
4275,2026-08-15T12:12:00Z,c050,c005,5931
4276,2026-08-15T12:12:00Z,c162,m024,19132
4277,2026-08-15T12:15:00Z,c050,m035,4962
4278,2026-08-15T12:20:00Z,c117,m009,4248
4279,2026-08-15T12:26:00Z,c159,c070,1974
4280,2026-08-15T12:29:00Z,c035,m037,633
4281,2026-08-15T12:33:00Z,c127,m000,7440
4282,2026-08-15T12:34:00Z,c058,m002,5413
4283,2026-08-15T12:35:00Z,c078,m024,4848
4284,2026-08-15T12:36:00Z,c143,m027,1103
4285,2026-08-15T12:39:00Z,c022,c066,1507
4286,2026-08-15T12:40:00Z,c169,m002,21480
4287,2026-08-15T12:42:00Z,c007,m036,18508
4288,2026-08-15T12:44:00Z,c110,m004,11873
4289,2026-08-15T12:44:00Z,c131,c100,5506
4290,2026-08-15T12:46:00Z,c146,c012,8955
4291,2026-08-15T12:47:00Z,c014,c059,2030
4292,2026-08-15T12:58:00Z,c093,m027,1346
4293,2026-08-15T13:01:00Z,c168,c112,14937
4294,2026-08-15T13:04:00Z,c066,c125,4806
4295,2026-08-15T13:10:00Z,c170,m024,856
4296,2026-08-15T13:11:00Z,c000,c039,28477
4297,2026-08-15T13:14:00Z,c093,m027,2824
4298,2026-08-15T13:17:00Z,c109,m022,1436
4299,2026-08-15T13:18:00Z,c158,m033,579
4300,2026-08-15T13:22:00Z,c001,c046,10822
4301,2026-08-15T13:31:00Z,c131,m010,6363
4302,2026-08-15T13:32:00Z,c080,m020,2334
4303,2026-08-15T13:33:00Z,c017,m010,32912
4304,2026-08-15T13:34:00Z,c103,c176,1459
4305,2026-08-15T13:37:00Z,c052,m026,3888
4306,2026-08-15T13:37:00Z,c168,m032,20571
4307,2026-08-15T13:43:00Z,c020,m008,15689
4308,2026-08-15T13:43:00Z,c079,m023,9809
4309,2026-08-15T13:44:00Z,c144,c174,7540
4310,2026-08-15T13:46:00Z,c004,m031,3501
4311,2026-08-15T13:49:00Z,c020,m030,10076
4312,2026-08-15T13:49:00Z,c074,m021,5432
4313,2026-08-15T13:51:00Z,c017,m018,22359
4314,2026-08-15T13:51:00Z,c020,m036,9965
4315,2026-08-15T13:52:00Z,c084,m001,9636
4316,2026-08-15T13:53:00Z,c113,m022,1016
4317,2026-08-15T14:00:00Z,c136,m024,13890
4318,2026-08-15T14:00:00Z,c149,c094,60000
4319,2026-08-15T14:02:00Z,c003,m036,500
4320,2026-08-15T14:06:00Z,c162,m038,15439
4321,2026-08-15T14:13:00Z,c046,m004,4133
4322,2026-08-15T14:17:00Z,c048,c127,4963
4323,2026-08-15T14:18:00Z,c046,m004,8633
4324,2026-08-15T14:18:00Z,c120,m006,12371
4325,2026-08-15T14:19:00Z,c046,m008,5017
4326,2026-08-15T14:21:00Z,c034,m018,240000
4327,2026-08-15T14:23:00Z,c038,m017,6871
4328,2026-08-15T14:23:00Z,c046,m009,3406
4329,2026-08-15T14:26:00Z,c168,c112,13513
4330,2026-08-15T14:30:00Z,c013,m007,17033
4331,2026-08-15T14:31:00Z,c004,m027,6492
4332,2026-08-15T14:33:00Z,c046,c064,7748
4333,2026-08-15T14:34:00Z,c000,m039,20313
4334,2026-08-15T14:43:00Z,c019,m031,10529
4335,2026-08-15T14:45:00Z,c067,m015,2677
4336,2026-08-15T14:46:00Z,c006,c026,15411
4337,2026-08-15T14:46:00Z,c089,m012,8858
4338,2026-08-15T14:52:00Z,c084,m004,240000
4339,2026-08-15T14:53:00Z,c061,c055,12766
4340,2026-08-15T14:59:00Z,c074,c171,2688
4341,2026-08-15T15:05:00Z,c080,m020,3108
4342,2026-08-15T15:08:00Z,c155,m027,1411
4343,2026-08-15T15:09:00Z,c019,m008,27285
4344,2026-08-15T15:09:00Z,c056,m003,7414
4345,2026-08-15T15:09:00Z,c112,m005,5465
4346,2026-08-15T15:11:00Z,c086,c132,120000
4347,2026-08-15T15:12:00Z,c155,m025,702
4348,2026-08-15T15:12:00Z,c155,m039,1493
4349,2026-08-15T15:16:00Z,c059,m014,39123
4350,2026-08-15T15:16:00Z,c160,m000,21468
4351,2026-08-15T15:18:00Z,c059,m021,19547
4352,2026-08-15T15:21:00Z,c168,c091,23721
4353,2026-08-15T15:22:00Z,c059,m014,12435
4354,2026-08-15T15:24:00Z,c131,m010,25241
4355,2026-08-15T15:24:00Z,c164,m000,22484
4356,2026-08-15T15:25:00Z,c157,m009,5067
4357,2026-08-15T15:28:00Z,c168,c112,29434
4358,2026-08-15T15:34:00Z,c059,m027,240000
4359,2026-08-15T15:37:00Z,c106,m036,11900
4360,2026-08-15T15:39:00Z,c017,m010,14595
4361,2026-08-15T15:41:00Z,c014,c059,2578
4362,2026-08-15T15:45:00Z,c073,m004,7388
4363,2026-08-15T15:54:00Z,c012,m022,1275
4364,2026-08-15T15:54:00Z,c047,m020,4914
4365,2026-08-15T15:54:00Z,c075,c125,12334
4366,2026-08-15T15:55:00Z,c010,m003,2692
4367,2026-08-15T15:55:00Z,c068,m019,20781
4368,2026-08-15T15:56:00Z,c134,m028,22607
4369,2026-08-15T15:58:00Z,c047,m000,6559
4370,2026-08-15T15:58:00Z,c047,m011,1935
4371,2026-08-15T16:00:00Z,c013,m026,400000
4372,2026-08-15T16:06:00Z,c047,c065,3859
4373,2026-08-15T16:08:00Z,c028,m031,1917
4374,2026-08-15T16:10:00Z,c041,m017,3726
4375,2026-08-15T16:12:00Z,c007,c177,20559
4376,2026-08-15T16:12:00Z,c157,c116,12607
4377,2026-08-15T16:17:00Z,c066,m023,6346
4378,2026-08-15T16:18:00Z,c094,m002,12372
4379,2026-08-15T16:25:00Z,c028,m029,732
4380,2026-08-15T16:25:00Z,c094,m038,23385
4381,2026-08-15T16:30:00Z,c062,m005,13779
4382,2026-08-15T16:32:00Z,c092,m030,1502
4383,2026-08-15T16:33:00Z,c062,c110,5682
4384,2026-08-15T16:33:00Z,c074,m035,3156
4385,2026-08-15T16:36:00Z,c062,m014,10598
4386,2026-08-15T16:39:00Z,c007,m010,22253
4387,2026-08-15T16:48:00Z,c048,m023,10631
4388,2026-08-15T16:51:00Z,c064,c140,6642
4389,2026-08-15T17:03:00Z,c025,c091,20224
4390,2026-08-15T17:10:00Z,c092,m035,1328
4391,2026-08-15T17:11:00Z,c091,m021,6862
4392,2026-08-15T17:22:00Z,c164,m000,8450
4393,2026-08-15T17:26:00Z,c134,m018,15961
4394,2026-08-15T17:29:00Z,c077,m025,38417
4395,2026-08-15T17:31:00Z,c164,m025,35841
4396,2026-08-15T17:44:00Z,c161,m031,5974
4397,2026-08-15T17:45:00Z,c161,c092,3091
4398,2026-08-15T17:57:00Z,c055,m035,5475
4399,2026-08-15T18:01:00Z,c017,c024,20181
4400,2026-08-15T18:02:00Z,c132,c146,21782
4401,2026-08-15T18:06:00Z,c152,m036,26796
4402,2026-08-15T18:08:00Z,c104,m022,11429
4403,2026-08-15T18:10:00Z,c067,m015,1077
4404,2026-08-15T18:11:00Z,c145,m003,3205
4405,2026-08-15T18:14:00Z,c104,m003,15389
4406,2026-08-15T18:20:00Z,c104,m031,14422
4407,2026-08-15T18:20:00Z,c140,m013,4211
4408,2026-08-15T18:23:00Z,c178,m026,5602
4409,2026-08-15T18:27:00Z,c116,m017,3021
4410,2026-08-15T18:28:00Z,c164,m019,8366
4411,2026-08-15T18:30:00Z,c069,m011,715
4412,2026-08-15T18:30:00Z,c097,m006,2614
4413,2026-08-15T18:32:00Z,c140,m009,1279
4414,2026-08-15T18:33:00Z,c064,m011,19311
4415,2026-08-15T18:36:00Z,c069,m014,1372
4416,2026-08-15T18:40:00Z,c069,m011,1365
4417,2026-08-15T18:45:00Z,c068,m019,5263
4418,2026-08-15T18:56:00Z,c134,m037,19624
4419,2026-08-15T18:59:00Z,c049,c040,792
4420,2026-08-15T18:59:00Z,c167,c094,8092
4421,2026-08-15T19:00:00Z,c055,m018,1779
4422,2026-08-15T19:02:00Z,c154,m004,3947
4423,2026-08-15T19:06:00Z,c033,m035,840
4424,2026-08-15T19:20:00Z,c167,m023,20738
4425,2026-08-15T19:20:00Z,c175,m018,749
4426,2026-08-15T19:23:00Z,c017,c024,400000
4427,2026-08-15T19:25:00Z,c112,m017,4333
4428,2026-08-15T19:31:00Z,c106,m006,240000
4429,2026-08-15T19:32:00Z,c116,m036,4017
4430,2026-08-15T19:34:00Z,c082,m026,23941
4431,2026-08-15T19:35:00Z,c010,m034,2400
4432,2026-08-15T19:35:00Z,c178,m017,16835
4433,2026-08-15T19:43:00Z,c156,m001,17674
4434,2026-08-15T19:54:00Z,c068,c054,13187
4435,2026-08-15T19:55:00Z,c140,m013,7999
4436,2026-08-15T19:58:00Z,c028,c021,1725
4437,2026-08-15T20:06:00Z,c132,m013,400000
4438,2026-08-15T20:19:00Z,c025,c068,11464
4439,2026-08-15T20:49:00Z,c118,m016,2662
4440,2026-08-15T21:03:00Z,c142,c075,26375
4441,2026-08-15T21:07:00Z,c178,c154,3130
4442,2026-08-15T21:14:00Z,c173,m008,4572
4443,2026-08-15T21:38:00Z,c142,m014,16299
4444,2026-08-15T21:39:00Z,c072,m019,11997
4445,2026-08-15T21:49:00Z,c152,m036,13634
4446,2026-08-15T21:52:00Z,c072,m012,7078
4447,2026-08-15T21:55:00Z,c142,m029,13410
4448,2026-08-15T22:12:00Z,c125,m001,6322
4449,2026-08-15T22:13:00Z,c128,m002,863
4450,2026-08-15T22:17:00Z,c154,c065,8948
4451,2026-08-15T22:34:00Z,c129,c126,11409
4452,2026-08-15T22:41:00Z,c096,m028,22817
4453,2026-08-15T22:44:00Z,c049,c040,1403
4454,2026-08-15T23:07:00Z,c118,m031,645
4455,2026-08-15T23:12:00Z,c049,m019,1724
4456,2026-08-16T00:01:00Z,c128,c071,4001
4457,2026-08-16T00:27:00Z,c096,m031,14347
4458,2026-08-16T00:48:00Z,c096,m013,400000
4459,2026-08-16T01:02:00Z,c128,c071,1160
4460,2026-08-16T05:29:00Z,c169,m012,21044
4461,2026-08-16T06:32:00Z,c078,c054,1121
4462,2026-08-16T06:37:00Z,c005,m009,7250
4463,2026-08-16T06:56:00Z,c021,m026,14451
4464,2026-08-16T07:01:00Z,c166,c085,1296
4465,2026-08-16T07:13:00Z,c031,m002,2604
4466,2026-08-16T07:13:00Z,c169,m012,400000
4467,2026-08-16T07:19:00Z,c103,m025,2450
4468,2026-08-16T07:20:00Z,c065,c137,17823
4469,2026-08-16T07:23:00Z,c093,m022,1408
4470,2026-08-16T07:25:00Z,c137,m015,2411
4471,2026-08-16T07:44:00Z,c078,c054,3992
4472,2026-08-16T07:57:00Z,c032,m039,1650
4473,2026-08-16T08:20:00Z,c177,m013,4528
4474,2026-08-16T08:31:00Z,c019,m012,20415
4475,2026-08-16T08:44:00Z,c050,m015,9212
4476,2026-08-16T08:44:00Z,c098,m011,10649
4477,2026-08-16T08:46:00Z,c050,m015,8792
4478,2026-08-16T08:48:00Z,c050,c063,4508
4479,2026-08-16T08:51:00Z,c103,m029,746
4480,2026-08-16T08:51:00Z,c139,c071,26672
4481,2026-08-16T08:57:00Z,c027,c002,1428
4482,2026-08-16T09:21:00Z,c019,m004,22762
4483,2026-08-16T09:22:00Z,c100,c063,3789
4484,2026-08-16T09:24:00Z,c169,m009,34650
4485,2026-08-16T09:28:00Z,c111,m028,11616
4486,2026-08-16T09:31:00Z,c005,m011,120000
4487,2026-08-16T09:34:00Z,c138,c003,20128
4488,2026-08-16T09:35:00Z,c046,m004,10667
4489,2026-08-16T09:42:00Z,c103,m029,1210
4490,2026-08-16T09:46:00Z,c008,m032,9011
4491,2026-08-16T09:53:00Z,c032,m028,2962
4492,2026-08-16T09:56:00Z,c111,m028,13813
4493,2026-08-16T09:57:00Z,c021,m031,14469
4494,2026-08-16T10:03:00Z,c138,m035,18331
4495,2026-08-16T10:04:00Z,c032,m011,1309
4496,2026-08-16T10:25:00Z,c063,m032,4860
4497,2026-08-16T10:27:00Z,c119,m003,1973
4498,2026-08-16T10:28:00Z,c019,c097,13712
4499,2026-08-16T10:30:00Z,c016,c084,6644
4500,2026-08-16T10:37:00Z,c019,m007,34660
4501,2026-08-16T10:39:00Z,c179,m036,2146
4502,2026-08-16T10:42:00Z,c135,m024,19044
4503,2026-08-16T10:45:00Z,c059,m030,29905
4504,2026-08-16T10:48:00Z,c103,m026,3237
4505,2026-08-16T10:50:00Z,c131,m025,25238
4506,2026-08-16T10:56:00Z,c063,m029,2257
4507,2026-08-16T10:56:00Z,c063,m029,5530
4508,2026-08-16T11:03:00Z,c006,m003,11112
4509,2026-08-16T11:04:00Z,c078,c171,3165
4510,2026-08-16T11:04:00Z,c098,m015,11583
4511,2026-08-16T11:09:00Z,c000,c018,11778
4512,2026-08-16T11:12:00Z,c060,m032,13602
4513,2026-08-16T11:13:00Z,c090,m015,17489
4514,2026-08-16T11:14:00Z,c065,c069,15434
4515,2026-08-16T11:16:00Z,c170,m024,2476
4516,2026-08-16T11:19:00Z,c119,c128,50000
4517,2026-08-16T11:24:00Z,c061,m029,9816
4518,2026-08-16T11:25:00Z,c045,m008,3354
4519,2026-08-16T11:27:00Z,c081,m030,1291
4520,2026-08-16T11:28:00Z,c052,m027,3443
4521,2026-08-16T11:29:00Z,c004,m031,3128
4522,2026-08-16T11:29:00Z,c113,m021,1627
4523,2026-08-16T11:29:00Z,c120,m001,13661
4524,2026-08-16T11:33:00Z,c162,m001,23741
4525,2026-08-16T11:34:00Z,c138,m013,23668
4526,2026-08-16T11:38:00Z,c101,m030,3473
4527,2026-08-16T11:40:00Z,c151,m017,6478
4528,2026-08-16T11:42:00Z,c101,m031,6566
4529,2026-08-16T11:44:00Z,c101,m028,5793
4530,2026-08-16T11:47:00Z,c065,m030,11768
4531,2026-08-16T11:49:00Z,c089,m014,8858
4532,2026-08-16T11:50:00Z,c035,m029,580
4533,2026-08-16T11:55:00Z,c076,m030,13141
4534,2026-08-16T11:58:00Z,c177,m020,3535
4535,2026-08-16T11:59:00Z,c046,c098,3300
4536,2026-08-16T12:00:00Z,c126,m009,8309
4537,2026-08-16T12:07:00Z,c001,m016,8808
4538,2026-08-16T12:09:00Z,c002,c083,4767
4539,2026-08-16T12:09:00Z,c074,c010,120000
4540,2026-08-16T12:17:00Z,c131,m030,7166
4541,2026-08-16T12:18:00Z,c081,m031,1299
4542,2026-08-16T12:20:00Z,c108,m026,3565
4543,2026-08-16T12:21:00Z,c037,m017,17608
4544,2026-08-16T12:24:00Z,c131,m010,15214
4545,2026-08-16T12:26:00Z,c051,c102,12411
4546,2026-08-16T12:26:00Z,c051,m004,23052
4547,2026-08-16T12:26:00Z,c092,m033,50000
4548,2026-08-16T12:27:00Z,c063,m031,60000
4549,2026-08-16T12:29:00Z,c176,m018,4031
4550,2026-08-16T12:32:00Z,c115,c045,7050
4551,2026-08-16T12:32:00Z,c120,c166,19710
4552,2026-08-16T12:33:00Z,c070,m018,9762
4553,2026-08-16T12:36:00Z,c089,m000,15011
4554,2026-08-16T12:37:00Z,c090,m038,12481
4555,2026-08-16T12:39:00Z,c104,m036,13089
4556,2026-08-16T12:40:00Z,c127,m005,2297
4557,2026-08-16T12:42:00Z,c007,m010,9161
4558,2026-08-16T12:43:00Z,c126,m008,4017
4559,2026-08-16T12:45:00Z,c126,m009,5079
4560,2026-08-16T12:47:00Z,c074,c010,9329
4561,2026-08-16T12:47:00Z,c107,m004,1744
4562,2026-08-16T12:51:00Z,c014,m031,4153
4563,2026-08-16T12:51:00Z,c155,m038,2919
4564,2026-08-16T12:59:00Z,c032,m002,1788
4565,2026-08-16T13:00:00Z,c043,m014,18276
4566,2026-08-16T13:05:00Z,c140,m026,3230
4567,2026-08-16T13:11:00Z,c081,m031,3702
4568,2026-08-16T13:11:00Z,c113,m022,1879
4569,2026-08-16T13:13:00Z,c012,m022,2671
4570,2026-08-16T13:17:00Z,c058,c018,3185
4571,2026-08-16T13:18:00Z,c076,m016,24281
4572,2026-08-16T13:20:00Z,c075,m037,9675
4573,2026-08-16T13:20:00Z,c133,m024,2110
4574,2026-08-16T13:21:00Z,c001,c046,8757
4575,2026-08-16T13:24:00Z,c109,m026,3080
4576,2026-08-16T13:25:00Z,c075,c125,8808
4577,2026-08-16T13:26:00Z,c133,m024,1565
4578,2026-08-16T13:28:00Z,c133,c155,2349
4579,2026-08-16T13:29:00Z,c035,m011,1571
4580,2026-08-16T13:34:00Z,c113,m011,2408
4581,2026-08-16T13:35:00Z,c007,m036,21154
4582,2026-08-16T13:35:00Z,c034,m034,14420
4583,2026-08-16T13:37:00Z,c034,m023,7143
4584,2026-08-16T13:37:00Z,c051,c102,3159
4585,2026-08-16T13:37:00Z,c052,c030,2877
4586,2026-08-16T13:38:00Z,c039,c075,3506
4587,2026-08-16T13:38:00Z,c133,c121,4124
4588,2026-08-16T13:39:00Z,c067,m038,4269
4589,2026-08-16T13:39:00Z,c089,m037,6770
4590,2026-08-16T13:40:00Z,c064,m007,6064
4591,2026-08-16T13:41:00Z,c141,m027,3163
4592,2026-08-16T13:42:00Z,c179,c094,1353
4593,2026-08-16T13:44:00Z,c081,c051,1762
4594,2026-08-16T13:45:00Z,c034,m022,29431
4595,2026-08-16T13:57:00Z,c052,m007,3318
4596,2026-08-16T13:58:00Z,c157,m014,13027
4597,2026-08-16T13:59:00Z,c012,c171,1229
4598,2026-08-16T14:03:00Z,c020,m005,7856
4599,2026-08-16T14:03:00Z,c157,m014,21208
4600,2026-08-16T14:07:00Z,c020,m005,14044
4601,2026-08-16T14:07:00Z,c060,m029,11672
4602,2026-08-16T14:10:00Z,c120,c166,25214
4603,2026-08-16T14:10:00Z,c157,m006,3012
4604,2026-08-16T14:13:00Z,c020,c143,8059
4605,2026-08-16T14:30:00Z,c019,m031,20859
4606,2026-08-16T14:30:00Z,c136,m026,10463
4607,2026-08-16T14:30:00Z,c175,c059,1509
4608,2026-08-16T14:32:00Z,c162,m038,11929
4609,2026-08-16T14:33:00Z,c083,m023,717
4610,2026-08-16T14:33:00Z,c175,m018,2234
4611,2026-08-16T14:37:00Z,c051,m015,5370
4612,2026-08-16T14:37:00Z,c130,m035,11612
4613,2026-08-16T14:38:00Z,c067,m022,1352
4614,2026-08-16T14:38:00Z,c175,m018,901
4615,2026-08-16T14:41:00Z,c022,m021,1677
4616,2026-08-16T14:43:00Z,c017,m000,8290
4617,2026-08-16T14:45:00Z,c037,c003,23439
4618,2026-08-16T14:46:00Z,c017,m000,19400
4619,2026-08-16T14:46:00Z,c094,m008,15337
4620,2026-08-16T14:47:00Z,c017,c024,13330
4621,2026-08-16T14:52:00Z,c017,m018,15340
4622,2026-08-16T14:52:00Z,c176,m018,11617
4623,2026-08-16T14:55:00Z,c080,c151,3562
4624,2026-08-16T14:55:00Z,c085,m003,1454
4625,2026-08-16T15:01:00Z,c033,m006,3570
4626,2026-08-16T15:05:00Z,c159,m032,1919
4627,2026-08-16T15:08:00Z,c150,m037,12109
4628,2026-08-16T15:15:00Z,c064,m039,12401
4629,2026-08-16T15:15:00Z,c127,m015,2867
4630,2026-08-16T15:17:00Z,c075,m029,24722
4631,2026-08-16T15:24:00Z,c024,m010,3482
4632,2026-08-16T15:26:00Z,c035,m004,1373
4633,2026-08-16T15:26:00Z,c074,m036,3985
4634,2026-08-16T15:29:00Z,c002,c083,6157
4635,2026-08-16T15:31:00Z,u-mule-00-0,m013,2814
4636,2026-08-16T15:36:00Z,c047,m037,4807
4637,2026-08-16T15:41:00Z,c002,c083,10637
4638,2026-08-16T15:42:00Z,c039,m005,3745
4639,2026-08-16T15:43:00Z,c104,m036,19884
4640,2026-08-16T15:48:00Z,c176,m037,4391
4641,2026-08-16T15:49:00Z,c092,c116,1806
4642,2026-08-16T15:52:00Z,c168,m032,17772
4643,2026-08-16T15:54:00Z,c168,m032,21474
4644,2026-08-16T16:00:00Z,c066,c173,11988
4645,2026-08-16T16:02:00Z,c075,c007,12735
4646,2026-08-16T16:04:00Z,c168,m024,68634
4647,2026-08-16T16:05:00Z,c176,c053,7208
4648,2026-08-16T16:12:00Z,c155,m025,940
4649,2026-08-16T16:14:00Z,c022,m021,2387
4650,2026-08-16T16:19:00Z,c035,m029,2436
4651,2026-08-16T16:24:00Z,c134,m034,11834
4652,2026-08-16T16:29:00Z,c022,m035,1816
4653,2026-08-16T16:33:00Z,c022,m031,1272
4654,2026-08-16T16:41:00Z,c054,m013,2974
4655,2026-08-16T16:42:00Z,c055,m035,2272
4656,2026-08-16T16:42:00Z,c069,m014,856
4657,2026-08-16T16:44:00Z,c037,m003,17062
4658,2026-08-16T17:00:00Z,c122,c039,5911
4659,2026-08-16T17:03:00Z,c073,m029,23211
4660,2026-08-16T17:04:00Z,c164,m011,19343
4661,2026-08-16T17:05:00Z,c070,m018,5625
4662,2026-08-16T17:10:00Z,c122,m033,2830
4663,2026-08-16T17:11:00Z,c104,m003,7827
4664,2026-08-16T17:14:00Z,c048,m023,4335
4665,2026-08-16T17:19:00Z,c104,m036,9841
4666,2026-08-16T17:19:00Z,c125,m035,4001
4667,2026-08-16T17:21:00Z,c062,m025,8872
4668,2026-08-16T17:21:00Z,c077,m007,10585
4669,2026-08-16T17:23:00Z,c062,m036,10988
4670,2026-08-16T17:27:00Z,c116,m017,5639
4671,2026-08-16T17:28:00Z,c064,m036,9091
4672,2026-08-16T17:29:00Z,c062,m036,11465
4673,2026-08-16T17:30:00Z,c165,c036,2229
4674,2026-08-16T17:33:00Z,c088,m037,11218
4675,2026-08-16T17:38:00Z,c067,m038,2416
4676,2026-08-16T17:39:00Z,c062,m011,13362
4677,2026-08-16T17:46:00Z,c068,m038,10890
4678,2026-08-16T17:48:00Z,c174,m038,1506
4679,2026-08-16T17:50:00Z,c054,m026,11798
4680,2026-08-16T17:56:00Z,c154,c069,5431
4681,2026-08-16T18:01:00Z,c154,m016,7083
4682,2026-08-16T18:01:00Z,c159,m032,2577
4683,2026-08-16T18:05:00Z,c154,m036,6598
4684,2026-08-16T18:08:00Z,c054,m013,1664
4685,2026-08-16T18:08:00Z,c154,m037,5687
4686,2026-08-16T18:11:00Z,c122,m028,6496
4687,2026-08-16T18:30:00Z,c118,c086,2156
4688,2026-08-16T18:35:00Z,c118,m015,1472
4689,2026-08-16T18:38:00Z,c118,c106,707
4690,2026-08-16T18:39:00Z,c118,m036,1918
4691,2026-08-16T18:45:00Z,c116,m019,2563
4692,2026-08-16T18:45:00Z,c122,c039,4568
4693,2026-08-16T18:46:00Z,c072,m019,13874
4694,2026-08-16T18:49:00Z,c036,c013,40211
4695,2026-08-16T18:49:00Z,c094,m002,8275
4696,2026-08-16T18:50:00Z,c055,m035,2193
4697,2026-08-16T18:50:00Z,c122,m018,6508
4698,2026-08-16T18:52:00Z,c044,m033,60000
4699,2026-08-16T18:55:00Z,c056,m008,13361
4700,2026-08-16T19:02:00Z,c129,m035,15634
4701,2026-08-16T19:03:00Z,c164,m011,15394
4702,2026-08-16T19:05:00Z,c073,c060,13991
4703,2026-08-16T19:08:00Z,c128,c129,2422
4704,2026-08-16T19:14:00Z,c018,m024,22295
4705,2026-08-16T19:16:00Z,c178,m039,5366
4706,2026-08-16T19:21:00Z,c003,m026,1604
4707,2026-08-16T19:24:00Z,c082,m026,11997
4708,2026-08-16T19:25:00Z,c028,m037,1686
4709,2026-08-16T19:26:00Z,c003,c058,1557
4710,2026-08-16T19:28:00Z,c023,c042,1706
4711,2026-08-16T19:29:00Z,c003,m016,1198
4712,2026-08-16T19:30:00Z,c068,c054,240000
4713,2026-08-16T19:33:00Z,c003,c058,2692
4714,2026-08-16T19:33:00Z,c003,m016,4364
4715,2026-08-16T19:34:00Z,c056,m036,11288
4716,2026-08-16T19:35:00Z,c077,c048,49352
4717,2026-08-16T19:41:00Z,c116,m017,1589
4718,2026-08-16T19:51:00Z,c003,c166,2755
4719,2026-08-16T19:57:00Z,c102,m011,12767
4720,2026-08-16T20:11:00Z,c025,c091,17713
4721,2026-08-16T20:13:00Z,c112,m017,8012
4722,2026-08-16T20:16:00Z,c026,m038,2322
4723,2026-08-16T20:21:00Z,c174,c024,731
4724,2026-08-16T20:24:00Z,c055,m018,4312
4725,2026-08-16T20:34:00Z,c129,c126,11469
4726,2026-08-16T20:36:00Z,c096,c037,32282
4727,2026-08-16T20:45:00Z,c049,m027,1299
4728,2026-08-16T21:11:00Z,c178,m027,11611
4729,2026-08-16T21:19:00Z,c152,m017,11114
4730,2026-08-16T21:27:00Z,c116,m019,3327
4731,2026-08-16T21:29:00Z,c173,m020,9502
4732,2026-08-16T21:30:00Z,c086,c132,4348
4733,2026-08-16T21:43:00Z,c116,m027,5383
4734,2026-08-16T21:53:00Z,c086,m005,3511
4735,2026-08-16T21:55:00Z,c132,m032,12875
4736,2026-08-16T22:17:00Z,c152,m017,13749
4737,2026-08-16T22:21:00Z,c011,m025,4235
4738,2026-08-16T22:55:00Z,c082,c018,24007
4739,2026-08-16T23:31:00Z,c173,m020,11417
4740,2026-08-16T23:35:00Z,c025,c068,7479
4741,2026-08-16T23:38:00Z,c173,m012,9728
4742,2026-08-17T05:40:00Z,c135,c119,12333
4743,2026-08-17T06:04:00Z,c093,m007,50000
4744,2026-08-17T06:43:00Z,c065,c137,400000
4745,2026-08-17T07:10:00Z,c163,m004,4185
4746,2026-08-17T07:22:00Z,c027,m006,1872
4747,2026-08-17T07:24:00Z,c095,m011,2133
4748,2026-08-17T07:50:00Z,c042,m007,18389
4749,2026-08-17T07:55:00Z,c158,m025,1688
4750,2026-08-17T08:00:00Z,c060,m029,12925
4751,2026-08-17T08:01:00Z,c092,m005,1489
4752,2026-08-17T08:13:00Z,c139,m007,28667
4753,2026-08-17T08:22:00Z,c171,m000,7043
4754,2026-08-17T08:23:00Z,c057,m009,3044
4755,2026-08-17T08:24:00Z,c171,m004,6392
4756,2026-08-17T08:26:00Z,c171,m015,10343
4757,2026-08-17T08:33:00Z,c052,m007,4128
4758,2026-08-17T08:34:00Z,c060,c035,24210
4759,2026-08-17T08:37:00Z,c171,m003,13265
4760,2026-08-17T08:42:00Z,c065,c038,32893
4761,2026-08-17T08:43:00Z,c065,m010,400000
4762,2026-08-17T08:47:00Z,c006,c026,15260
4763,2026-08-17T08:49:00Z,c141,m027,1077
4764,2026-08-17T08:53:00Z,c093,m022,1176
4765,2026-08-17T08:58:00Z,c005,c076,5781
4766,2026-08-17T09:04:00Z,c030,m020,3327
4767,2026-08-17T09:04:00Z,c141,m010,2381
4768,2026-08-17T09:14:00Z,c120,m024,8371
4769,2026-08-17T09:18:00Z,c045,m008,2331
4770,2026-08-17T09:20:00Z,c045,m008,4776
4771,2026-08-17T09:21:00Z,c065,m010,7396
4772,2026-08-17T09:25:00Z,c076,c167,17594
4773,2026-08-17T09:27:00Z,c166,m039,788
4774,2026-08-17T09:28:00Z,c045,m039,2880
4775,2026-08-17T09:32:00Z,c166,m001,2084
4776,2026-08-17T09:33:00Z,c166,m015,755
4777,2026-08-17T09:37:00Z,c043,m011,12309
4778,2026-08-17T09:49:00Z,c107,c087,4990
4779,2026-08-17T09:55:00Z,c074,c038,10933
4780,2026-08-17T10:04:00Z,c019,m025,15177
4781,2026-08-17T10:04:00Z,c115,m037,21986
4782,2026-08-17T10:07:00Z,c039,m005,7535
4783,2026-08-17T10:15:00Z,c005,m038,1929
4784,2026-08-17T10:15:00Z,c035,m004,1756
4785,2026-08-17T10:17:00Z,c070,c152,5988
4786,2026-08-17T10:25:00Z,c103,c176,727
4787,2026-08-17T10:28:00Z,c022,m031,1407
4788,2026-08-17T10:29:00Z,c063,c104,2330
4789,2026-08-17T10:29:00Z,c103,c176,1956
4790,2026-08-17T10:29:00Z,c103,m026,1532
4791,2026-08-17T10:31:00Z,c009,m014,2676
4792,2026-08-17T10:33:00Z,c063,m031,1988
4793,2026-08-17T10:34:00Z,c103,m026,3167
4794,2026-08-17T10:35:00Z,c063,c104,2059
4795,2026-08-17T10:45:00Z,c121,m025,20741
4796,2026-08-17T10:46:00Z,c029,m005,1360
4797,2026-08-17T10:47:00Z,c043,c105,7094
4798,2026-08-17T10:49:00Z,c111,m039,9633
4799,2026-08-17T11:01:00Z,c006,m025,7966
4800,2026-08-17T11:02:00Z,c121,c136,7968
4801,2026-08-17T11:08:00Z,c133,m023,3728
4802,2026-08-17T11:12:00Z,c133,m024,1500
4803,2026-08-17T11:14:00Z,c115,m001,9630
4804,2026-08-17T11:14:00Z,c133,m009,2053
4805,2026-08-17T11:18:00Z,c001,m016,10255
4806,2026-08-17T11:20:00Z,c133,m024,1966
4807,2026-08-17T11:21:00Z,c101,m030,4813
4808,2026-08-17T11:24:00Z,c027,c002,1014
4809,2026-08-17T11:28:00Z,c133,m009,1601
4810,2026-08-17T11:31:00Z,c114,m029,13467
4811,2026-08-17T11:31:00Z,u-mule-00-1,m004,1003
4812,2026-08-17T11:35:00Z,c059,m021,7311
4813,2026-08-17T11:37:00Z,c059,c057,12421
4814,2026-08-17T11:39:00Z,c059,m014,21351
4815,2026-08-17T11:40:00Z,c110,m028,7098
4816,2026-08-17T11:40:00Z,c124,m003,23056
4817,2026-08-17T11:42:00Z,c092,m013,2205
4818,2026-08-17T11:42:00Z,c131,c100,15225
4819,2026-08-17T11:44:00Z,c060,m005,9260
4820,2026-08-17T11:46:00Z,c110,c090,6530
4821,2026-08-17T11:47:00Z,c134,m037,15092
4822,2026-08-17T11:48:00Z,c110,c142,240000
4823,2026-08-17T11:50:00Z,c059,c057,19313
4824,2026-08-17T11:51:00Z,c029,c175,3432
4825,2026-08-17T11:55:00Z,c110,m004,12047
4826,2026-08-17T11:56:00Z,c156,m022,11239
4827,2026-08-17T11:57:00Z,c076,m009,30924
4828,2026-08-17T11:58:00Z,c101,m030,3410
4829,2026-08-17T11:58:00Z,c108,m035,60000
4830,2026-08-17T12:00:00Z,c109,m026,50000
4831,2026-08-17T12:12:00Z,c157,m024,13988
4832,2026-08-17T12:15:00Z,c104,m022,14453
4833,2026-08-17T12:31:00Z,c131,m014,4631
4834,2026-08-17T12:39:00Z,c003,c058,1647
4835,2026-08-17T12:45:00Z,u-mule-01-2,m038,1832
4836,2026-08-17T12:49:00Z,c061,m023,15935
4837,2026-08-17T12:50:00Z,c070,c152,13569
4838,2026-08-17T12:53:00Z,c003,m016,1201
4839,2026-08-17T12:58:00Z,c105,m035,1047
4840,2026-08-17T13:06:00Z,c035,c005,1854
4841,2026-08-17T13:06:00Z,c126,m035,9894
4842,2026-08-17T13:08:00Z,c165,m016,2474
4843,2026-08-17T13:12:00Z,c111,m035,11021
4844,2026-08-17T13:15:00Z,c127,m000,7310
4845,2026-08-17T13:17:00Z,c019,m025,27960
4846,2026-08-17T13:18:00Z,c089,c034,7795
4847,2026-08-17T13:18:00Z,c107,m004,1887
4848,2026-08-17T13:20:00Z,c000,m015,18676
4849,2026-08-17T13:20:00Z,c127,m030,5476
4850,2026-08-17T13:21:00Z,c127,m015,120000
4851,2026-08-17T13:24:00Z,c000,m027,7100
4852,2026-08-17T13:25:00Z,c000,m036,14659
4853,2026-08-17T13:26:00Z,c058,m001,4730
4854,2026-08-17T13:28:00Z,c035,m029,1909
4855,2026-08-17T13:29:00Z,c081,c051,920
4856,2026-08-17T13:30:00Z,c089,m039,12218
4857,2026-08-17T13:31:00Z,u-mule-00-0,m031,3320
4858,2026-08-17T13:33:00Z,c035,m023,1037
4859,2026-08-17T13:33:00Z,c058,m002,8571
4860,2026-08-17T13:54:00Z,c006,m003,4325
4861,2026-08-17T13:54:00Z,c156,m022,15587
4862,2026-08-17T13:59:00Z,c138,m028,11736
4863,2026-08-17T14:01:00Z,c142,c075,4884
4864,2026-08-17T14:08:00Z,c002,c048,7952
4865,2026-08-17T14:09:00Z,c119,m003,2065
4866,2026-08-17T14:10:00Z,c074,m017,5691
4867,2026-08-17T14:14:00Z,c001,c046,37895
4868,2026-08-17T14:15:00Z,c073,m029,4186
4869,2026-08-17T14:17:00Z,c081,m030,1025
4870,2026-08-17T14:19:00Z,c179,m007,2536
4871,2026-08-17T14:21:00Z,c113,m022,2833
4872,2026-08-17T14:22:00Z,c050,m030,6960
4873,2026-08-17T14:23:00Z,c159,c163,2335
4874,2026-08-17T14:31:00Z,c037,c003,29753
4875,2026-08-17T14:35:00Z,c041,c004,2764
4876,2026-08-17T14:39:00Z,c051,m032,7635
4877,2026-08-17T14:39:00Z,c162,m022,6084
4878,2026-08-17T14:41:00Z,c142,m029,35986
4879,2026-08-17T14:42:00Z,c073,c158,12373
4880,2026-08-17T14:43:00Z,c162,m001,18808
4881,2026-08-17T14:45:00Z,c051,c102,5781
4882,2026-08-17T14:45:00Z,c162,m022,10966
4883,2026-08-17T14:45:00Z,u-mule-01-0,m030,2158
4884,2026-08-17T14:47:00Z,c051,m015,3342
4885,2026-08-17T14:47:00Z,c116,m017,6081
4886,2026-08-17T14:48:00Z,c140,m013,1552
4887,2026-08-17T14:53:00Z,c089,m009,11694
4888,2026-08-17T14:54:00Z,c051,c006,9054
4889,2026-08-17T14:55:00Z,c130,m035,11653
4890,2026-08-17T15:01:00Z,c003,m026,574
4891,2026-08-17T15:01:00Z,c022,m030,1788
4892,2026-08-17T15:02:00Z,c179,c094,2063
4893,2026-08-17T15:04:00Z,c034,m038,9248
4894,2026-08-17T15:09:00Z,c003,c058,1391
4895,2026-08-17T15:15:00Z,c075,m037,20965
4896,2026-08-17T15:21:00Z,c012,m003,1763
4897,2026-08-17T15:24:00Z,c022,m031,799
4898,2026-08-17T15:24:00Z,c055,c152,3575
4899,2026-08-17T15:26:00Z,c149,c090,2657
4900,2026-08-17T15:28:00Z,c023,m026,1159
4901,2026-08-17T15:31:00Z,u-mule-00-3,m013,1595
4902,2026-08-17T15:37:00Z,c066,c158,2187
4903,2026-08-17T15:42:00Z,c104,m026,7509
4904,2026-08-17T15:43:00Z,c174,m032,2485
4905,2026-08-17T15:44:00Z,c066,m038,120000
4906,2026-08-17T15:46:00Z,c037,m017,17833
4907,2026-08-17T15:49:00Z,c097,m038,1187
4908,2026-08-17T15:50:00Z,c160,m011,7711
4909,2026-08-17T15:56:00Z,c113,m022,762
4910,2026-08-17T15:57:00Z,c149,m022,2801
4911,2026-08-17T16:03:00Z,c047,c065,5048
4912,2026-08-17T16:08:00Z,c071,m012,11302
4913,2026-08-17T16:12:00Z,c033,m002,1086
4914,2026-08-17T16:33:00Z,c056,m003,23377
4915,2026-08-17T16:33:00Z,c132,m013,15777
4916,2026-08-17T16:34:00Z,c003,m032,526
4917,2026-08-17T16:36:00Z,c152,m017,8192
4918,2026-08-17T16:38:00Z,c116,m025,2861
4919,2026-08-17T16:38:00Z,c172,c166,1283
4920,2026-08-17T16:39:00Z,c172,m016,771
4921,2026-08-17T16:40:00Z,c025,m019,16614
4922,2026-08-17T16:40:00Z,c047,c065,13769
4923,2026-08-17T16:41:00Z,c113,m010,1716
4924,2026-08-17T16:47:00Z,c015,c060,14234
4925,2026-08-17T16:48:00Z,c084,c067,17669
4926,2026-08-17T16:53:00Z,c047,m020,4981
4927,2026-08-17T16:53:00Z,c083,m012,1468
4928,2026-08-17T16:56:00Z,c010,m003,3835
4929,2026-08-17T16:59:00Z,c083,m038,903
4930,2026-08-17T16:59:00Z,c148,m013,46115
4931,2026-08-17T17:03:00Z,c003,m032,971
4932,2026-08-17T17:17:00Z,c130,m012,11957
4933,2026-08-17T17:21:00Z,c155,m027,1577
4934,2026-08-17T17:31:00Z,c130,m001,10310
4935,2026-08-17T17:33:00Z,c012,m038,1130
4936,2026-08-17T17:34:00Z,c094,m008,24972
4937,2026-08-17T17:35:00Z,c067,m032,1162
4938,2026-08-17T17:41:00Z,c024,c044,2552
4939,2026-08-17T17:41:00Z,c062,m014,9625
4940,2026-08-17T17:43:00Z,c116,m022,1853
4941,2026-08-17T17:45:00Z,c094,m004,13593
4942,2026-08-17T17:54:00Z,c049,m005,2098
4943,2026-08-17T17:54:00Z,c179,c136,3814
4944,2026-08-17T17:56:00Z,c129,m035,17005
4945,2026-08-17T18:08:00Z,c145,m005,2517
4946,2026-08-17T18:09:00Z,c028,m005,1678
4947,2026-08-17T18:09:00Z,c048,m022,5913
4948,2026-08-17T18:15:00Z,c122,m018,7600
4949,2026-08-17T18:17:00Z,c164,c067,11999
4950,2026-08-17T18:18:00Z,c173,m013,3846
4951,2026-08-17T18:24:00Z,c160,m011,4806
4952,2026-08-17T18:28:00Z,c024,m035,1883
4953,2026-08-17T18:28:00Z,c148,m035,17772
4954,2026-08-17T18:32:00Z,c102,m028,12748
4955,2026-08-17T18:34:00Z,c068,c054,11035
4956,2026-08-17T18:34:00Z,c154,m028,20851
4957,2026-08-17T18:36:00Z,c062,m004,8689
4958,2026-08-17T18:42:00Z,c017,m016,12838
4959,2026-08-17T18:48:00Z,c025,c091,6895
4960,2026-08-17T18:49:00Z,c012,m012,1028
4961,2026-08-17T18:50:00Z,c069,m016,858
4962,2026-08-17T18:52:00Z,c161,m004,4972
4963,2026-08-17T18:53:00Z,c161,m004,4393
4964,2026-08-17T19:00:00Z,c083,m038,1731
4965,2026-08-17T19:03:00Z,c173,m020,2306
4966,2026-08-17T19:10:00Z,c023,m038,789
4967,2026-08-17T19:18:00Z,c024,c044,1512
4968,2026-08-17T19:23:00Z,c069,m016,50000
4969,2026-08-17T19:28:00Z,c048,m022,5565
4970,2026-08-17T19:35:00Z,c082,m033,16965
4971,2026-08-17T19:40:00Z,c054,c114,1645
4972,2026-08-17T19:43:00Z,c010,m039,1587
4973,2026-08-17T19:48:00Z,c172,m037,848
4974,2026-08-17T19:55:00Z,c154,m037,5690
4975,2026-08-17T19:57:00Z,c012,m038,1165
4976,2026-08-17T19:58:00Z,c033,c084,1069
4977,2026-08-17T20:02:00Z,c083,c028,2301
4978,2026-08-17T20:24:00Z,c172,c166,2130
4979,2026-08-17T20:26:00Z,c145,m026,4853
4980,2026-08-17T20:48:00Z,c096,m031,16339
4981,2026-08-17T20:55:00Z,c161,m004,5827
4982,2026-08-17T20:56:00Z,c083,c113,1180
4983,2026-08-17T21:06:00Z,c125,m035,3752
4984,2026-08-17T21:08:00Z,c091,c069,28991
4985,2026-08-17T21:20:00Z,c036,c077,6702
4986,2026-08-17T21:28:00Z,c091,m013,11990
4987,2026-08-17T21:33:00Z,c112,c065,8871
4988,2026-08-17T21:44:00Z,c062,m008,16956
4989,2026-08-17T21:51:00Z,c096,m028,17008
4990,2026-08-17T21:55:00Z,c025,m000,13177
4991,2026-08-17T21:56:00Z,c010,c047,2850
4992,2026-08-17T21:57:00Z,c068,m038,13214
4993,2026-08-17T22:05:00Z,c178,m039,12943
4994,2026-08-17T22:06:00Z,c072,m027,5834
4995,2026-08-17T22:08:00Z,c025,m019,17263
4996,2026-08-17T22:09:00Z,c072,c097,5733
4997,2026-08-17T22:12:00Z,c072,m015,6183
4998,2026-08-17T22:36:00Z,c125,m029,5424
4999,2026-08-17T22:38:00Z,c082,m033,81248
5000,2026-08-17T22:45:00Z,c086,m005,10865
5001,2026-08-17T22:58:00Z,c068,m023,5247
5002,2026-08-17T23:09:00Z,c161,m015,3769
5003,2026-08-17T23:29:00Z,c125,c063,4200
5004,2026-08-18T00:06:00Z,c128,m021,677
5005,2026-08-18T00:31:00Z,c118,m027,1882
5006,2026-08-18T03:32:00Z,c045,m001,1968
5007,2026-08-18T04:48:00Z,c151,c088,4786
5008,2026-08-18T05:26:00Z,c032,m002,2370
5009,2026-08-18T05:46:00Z,c166,m039,945
5010,2026-08-18T05:52:00Z,c008,c147,3973
5011,2026-08-18T06:22:00Z,c008,c063,6269
5012,2026-08-18T06:23:00Z,c137,c110,4807
5013,2026-08-18T06:37:00Z,c053,m017,15962
5014,2026-08-18T06:47:00Z,c095,m018,3315
5015,2026-08-18T06:50:00Z,c166,m001,824
5016,2026-08-18T06:51:00Z,c095,m008,2913
5017,2026-08-18T06:52:00Z,c016,c177,7186
5018,2026-08-18T06:59:00Z,c095,m031,1749
5019,2026-08-18T07:02:00Z,c095,c022,1820
5020,2026-08-18T07:03:00Z,c095,m008,3727
5021,2026-08-18T07:13:00Z,c120,c073,5173
5022,2026-08-18T07:17:00Z,c016,m037,6089
5023,2026-08-18T07:21:00Z,c079,m008,16733
5024,2026-08-18T07:24:00Z,c031,c103,2177
5025,2026-08-18T07:26:00Z,c110,m003,12446
5026,2026-08-18T07:39:00Z,c090,m027,26960
5027,2026-08-18T07:40:00Z,c100,m017,9768
5028,2026-08-18T07:43:00Z,c100,m012,2745
5029,2026-08-18T07:50:00Z,c100,m012,4874
5030,2026-08-18T07:51:00Z,c032,m022,4648
5031,2026-08-18T08:00:00Z,c050,m015,4651
5032,2026-08-18T08:09:00Z,c060,m029,12464
5033,2026-08-18T08:12:00Z,c163,m039,2790
5034,2026-08-18T08:16:00Z,c057,c084,2998
5035,2026-08-18T08:19:00Z,c063,m031,3981
5036,2026-08-18T08:19:00Z,c169,m012,22233
5037,2026-08-18T08:23:00Z,c170,c157,995
5038,2026-08-18T08:38:00Z,c053,m017,36607
5039,2026-08-18T08:40:00Z,c031,m026,2451
5040,2026-08-18T08:41:00Z,c093,m013,988
5041,2026-08-18T08:43:00Z,c110,c142,6756
5042,2026-08-18T08:53:00Z,c162,m001,8107
5043,2026-08-18T08:54:00Z,c139,m007,13597
5044,2026-08-18T09:04:00Z,c070,m029,7727
5045,2026-08-18T09:14:00Z,c030,m037,2592
5046,2026-08-18T09:16:00Z,c038,c144,3044
5047,2026-08-18T09:23:00Z,c032,c083,1989
5048,2026-08-18T09:23:00Z,c053,m001,24853
5049,2026-08-18T09:24:00Z,c001,m011,9930
5050,2026-08-18T09:25:00Z,c060,m003,20253
5051,2026-08-18T09:26:00Z,c053,m015,28745
5052,2026-08-18T09:33:00Z,c169,m012,18591
5053,2026-08-18T09:37:00Z,c141,m010,1962
5054,2026-08-18T09:42:00Z,c030,m021,1166
5055,2026-08-18T09:42:00Z,c079,m018,6900
5056,2026-08-18T09:44:00Z,c117,m010,5193
5057,2026-08-18T09:47:00Z,c099,m039,1142
5058,2026-08-18T09:48:00Z,c117,m009,7779
5059,2026-08-18T09:49:00Z,c107,c087,3576
5060,2026-08-18T09:54:00Z,c000,c039,10276
5061,2026-08-18T09:54:00Z,c117,m009,12893
5062,2026-08-18T09:55:00Z,c107,m015,2201
5063,2026-08-18T09:55:00Z,c107,m025,1305
5064,2026-08-18T09:56:00Z,c002,m029,10329
5065,2026-08-18T09:58:00Z,c098,m038,5537
5066,2026-08-18T10:02:00Z,c079,m039,9081
5067,2026-08-18T10:02:00Z,c139,c071,24210
5068,2026-08-18T10:04:00Z,c066,c173,2772
5069,2026-08-18T10:04:00Z,c098,m038,12864
5070,2026-08-18T10:06:00Z,c098,m033,3497
5071,2026-08-18T10:11:00Z,c076,m005,6167
5072,2026-08-18T10:12:00Z,c059,m030,10796
5073,2026-08-18T10:16:00Z,c065,m022,400000
5074,2026-08-18T10:18:00Z,c119,m013,1064
5075,2026-08-18T10:25:00Z,c090,m008,13291
5076,2026-08-18T10:25:00Z,c099,m039,965
5077,2026-08-18T10:27:00Z,c027,m006,3894
5078,2026-08-18T10:30:00Z,c013,m010,17916
5079,2026-08-18T10:33:00Z,c027,m024,1158
5080,2026-08-18T10:35:00Z,c030,m020,1102
5081,2026-08-18T10:36:00Z,c179,m006,1210
5082,2026-08-18T10:38:00Z,c030,m021,2770
5083,2026-08-18T10:43:00Z,c043,m022,31131
5084,2026-08-18T10:44:00Z,c103,m026,960
5085,2026-08-18T10:45:00Z,c040,m024,14903
5086,2026-08-18T10:46:00Z,c041,m036,2000
5087,2026-08-18T10:50:00Z,c052,m026,11124
5088,2026-08-18T11:03:00Z,c110,m021,9729
5089,2026-08-18T11:08:00Z,c000,c018,14253
5090,2026-08-18T11:10:00Z,c000,c039,27751
5091,2026-08-18T11:10:00Z,c050,m030,5462
5092,2026-08-18T11:10:00Z,c139,m026,21181
5093,2026-08-18T11:11:00Z,c139,m034,22706
5094,2026-08-18T11:20:00Z,c155,m015,1967
5095,2026-08-18T11:29:00Z,c037,c122,10980
5096,2026-08-18T11:30:00Z,c103,m029,1692
5097,2026-08-18T11:31:00Z,u-mule-00-0,m032,1109
5098,2026-08-18T11:33:00Z,c037,m015,27328
5099,2026-08-18T11:35:00Z,c037,m006,12388
5100,2026-08-18T11:39:00Z,c103,m025,1340
5101,2026-08-18T11:40:00Z,c150,c071,11856
5102,2026-08-18T11:46:00Z,c029,m019,1550
5103,2026-08-18T11:47:00Z,c171,m031,13990
5104,2026-08-18T11:50:00Z,c139,m028,39836
5105,2026-08-18T11:58:00Z,c171,m031,9770
5106,2026-08-18T12:03:00Z,c170,c053,1700
5107,2026-08-18T12:10:00Z,c099,c011,1313
5108,2026-08-18T12:10:00Z,c145,m003,3837
5109,2026-08-18T12:12:00Z,c158,m010,2036
5110,2026-08-18T12:13:00Z,c177,m011,2573
5111,2026-08-18T12:20:00Z,c004,m028,2274
5112,2026-08-18T12:20:00Z,c089,m011,9386
5113,2026-08-18T12:20:00Z,c103,m029,1321
5114,2026-08-18T12:22:00Z,c063,m022,2144
5115,2026-08-18T12:31:00Z,c111,m008,20690
5116,2026-08-18T12:31:00Z,u-mule-00-1,m036,821
5117,2026-08-18T12:32:00Z,c017,m018,11514
5118,2026-08-18T12:32:00Z,c114,m034,31390
5119,2026-08-18T12:39:00Z,c017,c024,11218
5120,2026-08-18T12:50:00Z,c170,c157,2197
5121,2026-08-18T12:52:00Z,c070,m021,5772
5122,2026-08-18T12:52:00Z,c150,m022,5644
5123,2026-08-18T12:54:00Z,c052,m029,6179
5124,2026-08-18T12:55:00Z,c060,m023,17086
5125,2026-08-18T13:02:00Z,c063,m029,4043
5126,2026-08-18T13:02:00Z,c121,m014,19003
5127,2026-08-18T13:06:00Z,c019,m008,32628
5128,2026-08-18T13:06:00Z,c092,c176,496
5129,2026-08-18T13:11:00Z,c074,c038,4006
5130,2026-08-18T13:12:00Z,c092,m022,1469
5131,2026-08-18T13:12:00Z,c092,m035,840
5132,2026-08-18T13:15:00Z,c092,m037,999
5133,2026-08-18T13:18:00Z,c131,m030,10085
5134,2026-08-18T13:18:00Z,c143,c121,1308
5135,2026-08-18T13:22:00Z,c060,c035,12980
5136,2026-08-18T13:26:00Z,c092,c176,784
5137,2026-08-18T13:28:00Z,c041,m029,4965
5138,2026-08-18T13:28:00Z,c134,m018,29821
5139,2026-08-18T13:34:00Z,c043,c105,15303
5140,2026-08-18T13:34:00Z,c066,c125,4290
5141,2026-08-18T13:34:00Z,c127,m000,3450
5142,2026-08-18T13:34:00Z,c149,c094,4923
5143,2026-08-18T13:37:00Z,c149,m012,2964
5144,2026-08-18T13:37:00Z,c176,m022,10765
5145,2026-08-18T13:38:00Z,c089,m009,19002
5146,2026-08-18T13:38:00Z,c127,m015,120000
5147,2026-08-18T13:38:00Z,c168,m034,12963
5148,2026-08-18T13:40:00Z,c020,m008,15821
5149,2026-08-18T13:40:00Z,c127,m000,6005
5150,2026-08-18T13:41:00Z,c155,m039,2129
5151,2026-08-18T13:42:00Z,c114,m034,400000
5152,2026-08-18T13:44:00Z,c162,m024,10125
5153,2026-08-18T13:45:00Z,c058,m001,1255
5154,2026-08-18T13:45:00Z,u-mule-01-0,m019,1349
5155,2026-08-18T13:46:00Z,c149,m018,3520
5156,2026-08-18T13:48:00Z,u-mule-07-2,m028,1529
5157,2026-08-18T13:51:00Z,c058,m001,6659
5158,2026-08-18T13:52:00Z,c127,m002,2654
5159,2026-08-18T13:58:00Z,c127,m037,7296
5160,2026-08-18T14:01:00Z,c130,m025,12308
5161,2026-08-18T14:07:00Z,c175,c009,1722
5162,2026-08-18T14:16:00Z,c175,c009,2421
5163,2026-08-18T14:18:00Z,c122,c144,5741
5164,2026-08-18T14:22:00Z,c122,m034,12274
5165,2026-08-18T14:24:00Z,c115,m005,8365
5166,2026-08-18T14:30:00Z,c122,m002,5239
5167,2026-08-18T14:35:00Z,c176,m037,4960
5168,2026-08-18T14:38:00Z,c059,m032,8579
5169,2026-08-18T14:45:00Z,c146,m003,240000
5170,2026-08-18T14:51:00Z,c084,m004,24485
5171,2026-08-18T14:51:00Z,c116,m023,967
5172,2026-08-18T14:51:00Z,c176,m029,4664
5173,2026-08-18T14:52:00Z,c094,m013,16473
5174,2026-08-18T14:55:00Z,c048,m023,120000
5175,2026-08-18T15:01:00Z,c034,m034,6711
5176,2026-08-18T15:02:00Z,c146,m033,9185
5177,2026-08-18T15:08:00Z,c059,m021,19684
5178,2026-08-18T15:13:00Z,c145,m003,5364
5179,2026-08-18T15:14:00Z,c159,m005,1255
5180,2026-08-18T15:14:00Z,c175,c009,1372
5181,2026-08-18T15:15:00Z,c176,m019,3501
5182,2026-08-18T15:20:00Z,c099,m024,1290
5183,2026-08-18T15:20:00Z,c106,c110,7552
5184,2026-08-18T15:21:00Z,c017,m030,9918
5185,2026-08-18T15:23:00Z,c130,m035,16479
5186,2026-08-18T15:25:00Z,c119,c128,1846
5187,2026-08-18T15:25:00Z,c175,c059,1370
5188,2026-08-18T15:27:00Z,c150,m028,18001
5189,2026-08-18T15:28:00Z,c033,c084,2868
5190,2026-08-18T15:29:00Z,c155,m038,802
5191,2026-08-18T15:30:00Z,c074,m006,11346
5192,2026-08-18T15:31:00Z,u-mule-00-2,m028,1810
5193,2026-08-18T15:31:00Z,u-mule-00-3,m023,1252
5194,2026-08-18T15:32:00Z,c132,m039,14022
5195,2026-08-18T15:33:00Z,c051,m015,5143
5196,2026-08-18T15:45:00Z,u-mule-01-2,m034,1397
5197,2026-08-18T15:50:00Z,c064,m015,5890
5198,2026-08-18T15:52:00Z,c007,m010,8850
5199,2026-08-18T15:53:00Z,c168,c091,24377
5200,2026-08-18T15:56:00Z,c028,c007,1753
5201,2026-08-18T15:56:00Z,c091,m024,4928
5202,2026-08-18T15:59:00Z,c084,m001,16279
5203,2026-08-18T16:01:00Z,c055,c070,4020
5204,2026-08-18T16:02:00Z,c009,m014,3631
5205,2026-08-18T16:04:00Z,c046,m025,7489
5206,2026-08-18T16:04:00Z,c061,c055,240000
5207,2026-08-18T16:07:00Z,c046,m008,3830
5208,2026-08-18T16:08:00Z,c012,m012,3418
5209,2026-08-18T16:11:00Z,c083,m012,1099
5210,2026-08-18T16:15:00Z,c133,m023,1327
5211,2026-08-18T16:20:00Z,c019,m025,10203
5212,2026-08-18T16:21:00Z,c132,m009,47441
5213,2026-08-18T16:27:00Z,c051,m015,8707
5214,2026-08-18T16:30:00Z,c077,m023,27535
5215,2026-08-18T16:37:00Z,c010,m003,6256
5216,2026-08-18T16:39:00Z,c168,c108,10197
5217,2026-08-18T16:41:00Z,c024,c044,1473
5218,2026-08-18T16:43:00Z,c024,m010,3222
5219,2026-08-18T16:45:00Z,c012,m038,589
5220,2026-08-18T16:46:00Z,c061,m009,11650
5221,2026-08-18T16:47:00Z,c024,m035,3376
5222,2026-08-18T16:47:00Z,c067,c163,1507
5223,2026-08-18T16:52:00Z,c083,m038,1814
5224,2026-08-18T16:57:00Z,c014,m007,4559
5225,2026-08-18T16:59:00Z,c146,c162,10019
5226,2026-08-18T17:08:00Z,c116,m002,2009
5227,2026-08-18T17:10:00Z,c023,m004,1758
5228,2026-08-18T17:10:00Z,c056,m008,9955
5229,2026-08-18T17:12:00Z,c010,m023,3676
5230,2026-08-18T17:24:00Z,c116,c020,4755
5231,2026-08-18T17:26:00Z,c144,m038,10115
5232,2026-08-18T17:28:00Z,c154,m007,7822
5233,2026-08-18T17:31:00Z,c156,m001,20487
5234,2026-08-18T17:36:00Z,c172,m014,1063
5235,2026-08-18T17:37:00Z,c104,m022,9182
5236,2026-08-18T17:41:00Z,c096,m003,14990
5237,2026-08-18T17:42:00Z,c104,m037,13119
5238,2026-08-18T17:45:00Z,c104,m022,17564
5239,2026-08-18T17:46:00Z,c028,c021,800
5240,2026-08-18T17:48:00Z,c113,m022,1818
5241,2026-08-18T17:50:00Z,c146,m023,15267
5242,2026-08-18T17:56:00Z,c147,c104,30526
5243,2026-08-18T17:59:00Z,c069,m016,2008
5244,2026-08-18T18:00:00Z,c087,m039,46329
5245,2026-08-18T18:00:00Z,c175,m013,1606
5246,2026-08-18T18:17:00Z,c051,c102,120000
5247,2026-08-18T18:17:00Z,c161,m031,7577
5248,2026-08-18T18:18:00Z,c044,m032,2099
5249,2026-08-18T18:23:00Z,c028,m031,1389
5250,2026-08-18T18:25:00Z,c167,m011,16110
5251,2026-08-18T18:26:00Z,c072,m027,9166
5252,2026-08-18T18:30:00Z,c062,c110,6451
5253,2026-08-18T18:30:00Z,c072,c135,5931
5254,2026-08-18T18:31:00Z,c072,c071,5447
5255,2026-08-18T18:34:00Z,c152,m020,8723
5256,2026-08-18T18:40:00Z,c011,m015,3014
5257,2026-08-18T18:42:00Z,c136,m008,14199
5258,2026-08-18T18:45:00Z,c083,c028,1421
5259,2026-08-18T18:48:00Z,c068,m038,7517
5260,2026-08-18T18:49:00Z,c051,c102,7157
5261,2026-08-18T18:57:00Z,c003,m026,1462
5262,2026-08-18T19:01:00Z,c174,c065,1055
5263,2026-08-18T19:03:00Z,c010,m039,3242
5264,2026-08-18T19:05:00Z,c096,c161,13618
5265,2026-08-18T19:07:00Z,c128,m002,1208
5266,2026-08-18T19:11:00Z,c067,m008,1768
5267,2026-08-18T19:16:00Z,c175,m000,3027
5268,2026-08-18T19:17:00Z,c125,m001,7200
5269,2026-08-18T19:19:00Z,c125,m004,8423
5270,2026-08-18T19:23:00Z,c125,c157,3962
5271,2026-08-18T19:25:00Z,c136,m035,17483
5272,2026-08-18T19:28:00Z,c023,m013,1263
5273,2026-08-18T19:33:00Z,c018,m026,9636
5274,2026-08-18T19:35:00Z,c028,m029,1368
5275,2026-08-18T19:40:00Z,c123,m009,7663
5276,2026-08-18T19:43:00Z,c118,m009,1113
5277,2026-08-18T19:48:00Z,c091,c069,4382
5278,2026-08-18T19:58:00Z,c077,m023,400000
5279,2026-08-18T20:03:00Z,c047,c065,6170
5280,2026-08-18T20:03:00Z,c083,m009,2335
5281,2026-08-18T20:05:00Z,c047,m022,5499
5282,2026-08-18T20:11:00Z,c055,m036,2104
5283,2026-08-18T20:20:00Z,c087,m031,35149
5284,2026-08-18T20:31:00Z,c123,m003,3943
5285,2026-08-18T20:33:00Z,c160,m000,12927
5286,2026-08-18T20:43:00Z,c167,m039,8185
5287,2026-08-18T21:00:00Z,c161,m004,5776
5288,2026-08-18T21:01:00Z,c096,m004,29019
5289,2026-08-18T21:12:00Z,c062,c110,6347
5290,2026-08-18T21:15:00Z,c068,m030,10393
5291,2026-08-18T21:17:00Z,c167,c094,10682
5292,2026-08-18T21:23:00Z,c082,m026,15033
5293,2026-08-18T21:25:00Z,c003,c058,1601
5294,2026-08-18T21:40:00Z,c123,m009,5977
5295,2026-08-18T21:49:00Z,c112,m015,7659
5296,2026-08-18T21:53:00Z,c173,c027,4083
5297,2026-08-18T21:56:00Z,c128,c071,2961
5298,2026-08-18T21:57:00Z,c173,c047,6832
5299,2026-08-18T21:59:00Z,c173,m013,10556
5300,2026-08-18T22:27:00Z,c167,m039,17204
5301,2026-08-18T22:29:00Z,c178,m026,8338
5302,2026-08-18T22:32:00Z,c025,m020,14183
5303,2026-08-18T22:43:00Z,c112,m032,5213
5304,2026-08-18T23:12:00Z,c154,m037,7083
5305,2026-08-18T23:20:00Z,c068,c054,9863
5306,2026-08-18T23:32:00Z,c167,m036,8075
5307,2026-08-18T23:38:00Z,c087,m024,13423
5308,2026-08-18T23:42:00Z,c068,m038,8489
5309,2026-08-19T06:24:00Z,c166,m033,906
5310,2026-08-19T06:26:00Z,c045,m000,1720
5311,2026-08-19T06:36:00Z,c063,m029,2939
5312,2026-08-19T06:41:00Z,c063,m030,5002
5313,2026-08-19T06:48:00Z,c063,m022,2832
5314,2026-08-19T07:22:00Z,c032,m039,1546
5315,2026-08-19T07:23:00Z,c031,m022,1235
5316,2026-08-19T07:39:00Z,u-mule-06-0,m000,3717
5317,2026-08-19T07:47:00Z,c099,m039,2718
5318,2026-08-19T07:53:00Z,c032,c083,1650
5319,2026-08-19T07:57:00Z,c098,m038,13598
5320,2026-08-19T07:58:00Z,c098,m011,2715
5321,2026-08-19T08:07:00Z,c031,c103,2154
5322,2026-08-19T08:09:00Z,c169,c172,33591
5323,2026-08-19T08:10:00Z,c070,m036,9201
5324,2026-08-19T08:12:00Z,c115,m001,10545
5325,2026-08-19T08:23:00Z,c030,c150,1552
5326,2026-08-19T08:28:00Z,c121,c136,10827
5327,2026-08-19T08:32:00Z,c015,m038,16146
5328,2026-08-19T08:36:00Z,c035,m004,1385
5329,2026-08-19T08:38:00Z,c031,m022,5543
5330,2026-08-19T08:41:00Z,c035,m029,1086
5331,2026-08-19T08:45:00Z,c093,m027,2499
5332,2026-08-19T08:51:00Z,c008,c147,5790
5333,2026-08-19T08:51:00Z,c030,m037,809
5334,2026-08-19T08:54:00Z,c169,m012,15195
5335,2026-08-19T09:04:00Z,c005,m009,6429
5336,2026-08-19T09:05:00Z,c070,m029,6561
5337,2026-08-19T09:11:00Z,c105,c176,3102
5338,2026-08-19T09:20:00Z,c098,m011,10559
5339,2026-08-19T09:31:00Z,c005,m029,3296
5340,2026-08-19T09:31:00Z,u-mule-00-0,m035,1045
5341,2026-08-19T09:31:00Z,u-mule-00-1,m036,2465
5342,2026-08-19T09:34:00Z,c008,m014,5032
5343,2026-08-19T09:35:00Z,c035,m011,1715
5344,2026-08-19T09:46:00Z,c019,m022,12992
5345,2026-08-19T10:00:00Z,c079,m008,12286
5346,2026-08-19T10:00:00Z,c107,m004,2965
5347,2026-08-19T10:03:00Z,c079,m023,17833
5348,2026-08-19T10:04:00Z,c079,m008,17708
5349,2026-08-19T10:04:00Z,c133,m024,4653
5350,2026-08-19T10:08:00Z,c089,m011,20191
5351,2026-08-19T10:10:00Z,c092,m005,1089
5352,2026-08-19T10:13:00Z,c076,m009,9816
5353,2026-08-19T10:14:00Z,c135,c119,22643
5354,2026-08-19T10:15:00Z,c079,m004,12668
5355,2026-08-19T10:21:00Z,c089,m014,13325
5356,2026-08-19T10:24:00Z,c079,c030,9437
5357,2026-08-19T10:32:00Z,c004,m003,3159
5358,2026-08-19T10:32:00Z,c005,m029,9199
5359,2026-08-19T10:35:00Z,c110,m003,13631
5360,2026-08-19T10:36:00Z,c006,m025,5873
5361,2026-08-19T10:37:00Z,c151,c038,4572
5362,2026-08-19T10:39:00Z,c110,m037,6150
5363,2026-08-19T10:39:00Z,u-mule-06-1,m036,1668
5364,2026-08-19T10:45:00Z,u-mule-01-2,m032,5822
5365,2026-08-19T10:46:00Z,c070,c064,5533
5366,2026-08-19T10:46:00Z,c090,c044,27146
5367,2026-08-19T10:46:00Z,c135,m034,46430
5368,2026-08-19T10:49:00Z,c016,m014,5540
5369,2026-08-19T10:49:00Z,c065,m010,39848
5370,2026-08-19T10:54:00Z,c065,m030,33645
5371,2026-08-19T10:55:00Z,c035,m037,2001
5372,2026-08-19T10:57:00Z,c065,m030,14312
5373,2026-08-19T10:57:00Z,c078,m011,2791
5374,2026-08-19T10:58:00Z,c034,m022,7731
5375,2026-08-19T10:58:00Z,c149,m018,2962
5376,2026-08-19T10:59:00Z,c177,c168,2553
5377,2026-08-19T11:03:00Z,c103,m029,2519
5378,2026-08-19T11:10:00Z,c019,m008,25909
5379,2026-08-19T11:11:00Z,c058,m021,6642
5380,2026-08-19T11:12:00Z,c066,m027,4949
5381,2026-08-19T11:13:00Z,c121,m037,14767
5382,2026-08-19T11:17:00Z,c034,c069,14547
5383,2026-08-19T11:17:00Z,c092,m037,1275
5384,2026-08-19T11:17:00Z,c135,m037,22042
5385,2026-08-19T11:24:00Z,c093,m023,1954
5386,2026-08-19T11:25:00Z,c038,m034,1536
5387,2026-08-19T11:29:00Z,c035,m037,2058
5388,2026-08-19T11:29:00Z,c151,m021,1560
5389,2026-08-19T11:44:00Z,c140,c157,2609
5390,2026-08-19T11:45:00Z,c023,m026,1844
5391,2026-08-19T11:45:00Z,c058,m002,120000
5392,2026-08-19T11:56:00Z,c179,m007,986
5393,2026-08-19T11:58:00Z,c109,c026,1531
5394,2026-08-19T12:05:00Z,c022,c066,1543
5395,2026-08-19T12:06:00Z,c122,m028,3624
5396,2026-08-19T12:07:00Z,c119,m021,1153
5397,2026-08-19T12:07:00Z,c127,c061,9084
5398,2026-08-19T12:12:00Z,c002,c083,9403
5399,2026-08-19T12:13:00Z,c139,m038,25762
5400,2026-08-19T12:14:00Z,c022,c000,944
5401,2026-08-19T12:14:00Z,c061,m009,8446
5402,2026-08-19T12:21:00Z,c005,m009,10174
5403,2026-08-19T12:33:00Z,c131,c100,19907
5404,2026-08-19T12:35:00Z,c050,m001,5493
5405,2026-08-19T12:36:00Z,c131,m010,16674
5406,2026-08-19T12:36:00Z,c146,m012,8884
5407,2026-08-19T12:38:00Z,c008,m005,9091
5408,2026-08-19T12:38:00Z,c084,c025,10453
5409,2026-08-19T12:38:00Z,c115,m001,21964
5410,2026-08-19T12:39:00Z,c131,m014,9424
5411,2026-08-19T12:40:00Z,c050,m030,8535
5412,2026-08-19T12:40:00Z,c081,c051,1666
5413,2026-08-19T12:46:00Z,c114,m004,10576
5414,2026-08-19T12:50:00Z,c138,m003,14475
5415,2026-08-19T12:51:00Z,c131,m014,9164
5416,2026-08-19T12:53:00Z,c110,m028,26569
5417,2026-08-19T12:54:00Z,c046,c098,120000
5418,2026-08-19T12:58:00Z,c046,c098,8405
5419,2026-08-19T12:58:00Z,c159,m034,3218
5420,2026-08-19T13:03:00Z,c134,m008,34508
5421,2026-08-19T13:04:00Z,c074,c171,8956
5422,2026-08-19T13:11:00Z,c029,m007,2958
5423,2026-08-19T13:18:00Z,c143,c083,2261
5424,2026-08-19T13:19:00Z,c001,c133,17131
5425,2026-08-19T13:26:00Z,c116,m019,60000
5426,2026-08-19T13:28:00Z,c004,m028,4249
5427,2026-08-19T13:31:00Z,u-mule-00-3,m034,2458
5428,2026-08-19T13:33:00Z,c037,c122,16781
5429,2026-08-19T13:45:00Z,c133,c121,1286
5430,2026-08-19T13:48:00Z,c170,m029,382
5431,2026-08-19T13:51:00Z,c133,m009,2844
5432,2026-08-19T13:53:00Z,c113,m022,50000
5433,2026-08-19T13:56:00Z,c000,m036,7286
5434,2026-08-19T13:59:00Z,c061,m009,8540
5435,2026-08-19T14:01:00Z,c036,c077,14080
5436,2026-08-19T14:06:00Z,c034,c166,12118
5437,2026-08-19T14:06:00Z,c113,m011,1365
5438,2026-08-19T14:08:00Z,c120,c073,14020
5439,2026-08-19T14:09:00Z,c052,m007,3833
5440,2026-08-19T14:10:00Z,c114,m004,17649
5441,2026-08-19T14:11:00Z,c074,m017,6445
5442,2026-08-19T14:14:00Z,c058,m002,17524
5443,2026-08-19T14:14:00Z,c158,m009,1111
5444,2026-08-19T14:15:00Z,c037,m003,16250
5445,2026-08-19T14:20:00Z,c059,m021,9993
5446,2026-08-19T14:20:00Z,c130,m025,9502
5447,2026-08-19T14:24:00Z,c133,m024,678
5448,2026-08-19T14:31:00Z,u-mule-00-2,m005,911
5449,2026-08-19T14:37:00Z,c024,c083,8511
5450,2026-08-19T14:37:00Z,c120,m028,27943
5451,2026-08-19T14:45:00Z,c046,c073,5780
5452,2026-08-19T14:45:00Z,u-mule-01-0,m002,2210
5453,2026-08-19T14:50:00Z,c001,c046,15258
5454,2026-08-19T14:55:00Z,c034,c112,6574
5455,2026-08-19T14:57:00Z,c080,m023,4062
5456,2026-08-19T15:00:00Z,c075,m006,5729
5457,2026-08-19T15:00:00Z,c150,m037,11744
5458,2026-08-19T15:02:00Z,c165,m017,5168
5459,2026-08-19T15:05:00Z,c067,m032,1549
5460,2026-08-19T15:08:00Z,c061,m011,26490
5461,2026-08-19T15:08:00Z,c075,m009,14660
5462,2026-08-19T15:09:00Z,c000,m039,14556
5463,2026-08-19T15:13:00Z,c051,c102,4283
5464,2026-08-19T15:14:00Z,c017,m010,30274
5465,2026-08-19T15:16:00Z,u-mule-12-0,m024,553
5466,2026-08-19T15:20:00Z,c081,m031,5785
5467,2026-08-19T15:23:00Z,c007,m016,63240
5468,2026-08-19T15:24:00Z,c112,m032,7096
5469,2026-08-19T15:28:00Z,c113,m011,1547
5470,2026-08-19T15:29:00Z,c132,m039,18971
5471,2026-08-19T15:30:00Z,c102,c151,11850
5472,2026-08-19T15:30:00Z,c146,m008,9562
5473,2026-08-19T15:45:00Z,c150,m028,10466
5474,2026-08-19T15:48:00Z,c176,m033,7829
5475,2026-08-19T15:53:00Z,c106,c110,13819
5476,2026-08-19T15:57:00Z,c170,m024,1026
5477,2026-08-19T15:58:00Z,c064,m003,34206
5478,2026-08-19T15:58:00Z,c074,m027,13381
5479,2026-08-19T16:03:00Z,c010,c047,2420
5480,2026-08-19T16:03:00Z,c083,c113,1524
5481,2026-08-19T16:04:00Z,c128,m014,1668
5482,2026-08-19T16:12:00Z,c014,c084,2765
5483,2026-08-19T16:15:00Z,c130,m035,240000
5484,2026-08-19T16:17:00Z,c033,c084,3406
5485,2026-08-19T16:17:00Z,c059,c057,9096
5486,2026-08-19T16:19:00Z,c123,m039,3647
5487,2026-08-19T16:21:00Z,c085,m012,1433
5488,2026-08-19T16:21:00Z,c156,m023,35050
5489,2026-08-19T16:24:00Z,c168,m034,20149
5490,2026-08-19T16:25:00Z,c127,m005,13987
5491,2026-08-19T16:26:00Z,c149,m003,4420
5492,2026-08-19T16:26:00Z,c155,c056,868
5493,2026-08-19T16:26:00Z,c168,c112,14036
5494,2026-08-19T16:32:00Z,c168,c091,32628
5495,2026-08-19T16:35:00Z,c148,m008,25174
5496,2026-08-19T16:39:00Z,c168,m034,19064
5497,2026-08-19T16:45:00Z,c056,m011,5440
5498,2026-08-19T16:45:00Z,u-mule-01-1,m022,3883
5499,2026-08-19T16:48:00Z,c024,m010,1746
5500,2026-08-19T16:49:00Z,c132,c146,16468
5501,2026-08-19T16:51:00Z,c056,m008,17351
5502,2026-08-19T16:53:00Z,c056,m008,7152
5503,2026-08-19T16:55:00Z,c069,c050,1402
5504,2026-08-19T16:56:00Z,c112,m005,10034
5505,2026-08-19T17:00:00Z,c048,m022,5621
5506,2026-08-19T17:01:00Z,c047,c089,4247
5507,2026-08-19T17:01:00Z,c146,c162,21726
5508,2026-08-19T17:02:00Z,c113,m010,1474
5509,2026-08-19T17:03:00Z,c146,c012,13419
5510,2026-08-19T17:09:00Z,c024,m035,2766
5511,2026-08-19T17:12:00Z,c112,m032,5078
5512,2026-08-19T17:17:00Z,c130,m025,7908
5513,2026-08-19T17:26:00Z,c158,m025,2212
5514,2026-08-19T17:27:00Z,c068,c054,9337
5515,2026-08-19T17:31:00Z,c176,m022,120000
5516,2026-08-19T17:32:00Z,c003,m016,2203
5517,2026-08-19T17:32:00Z,c123,m003,4268
5518,2026-08-19T17:34:00Z,c068,m030,15548
5519,2026-08-19T17:36:00Z,c075,m001,16609
5520,2026-08-19T17:37:00Z,c044,c015,1641
5521,2026-08-19T17:38:00Z,c025,c091,9309
5522,2026-08-19T17:38:00Z,c144,m004,8218
5523,2026-08-19T17:43:00Z,c051,c101,6753
5524,2026-08-19T17:45:00Z,c068,m019,18073
5525,2026-08-19T18:02:00Z,c112,m005,8272
5526,2026-08-19T18:05:00Z,c165,m017,1440
5527,2026-08-19T18:06:00Z,c044,c143,1700
5528,2026-08-19T18:11:00Z,c069,c112,1614
5529,2026-08-19T18:19:00Z,c167,m036,11545
5530,2026-08-19T18:23:00Z,c161,m004,2971
5531,2026-08-19T18:24:00Z,c062,m036,14190
5532,2026-08-19T18:28:00Z,c029,m007,3329
5533,2026-08-19T18:30:00Z,c014,m007,5386
5534,2026-08-19T18:31:00Z,c062,c110,29080
5535,2026-08-19T18:35:00Z,c020,m031,6026
5536,2026-08-19T18:38:00Z,c156,c045,17141
5537,2026-08-19T18:40:00Z,c116,c020,4099
5538,2026-08-19T18:41:00Z,u-mule-05-2,m033,1132
5539,2026-08-19T18:59:00Z,c161,m031,11533
5540,2026-08-19T19:16:00Z,c012,m004,392
5541,2026-08-19T19:17:00Z,c091,m021,6270
5542,2026-08-19T19:27:00Z,c014,m010,2256
5543,2026-08-19T19:27:00Z,c154,m006,11201
5544,2026-08-19T19:43:00Z,c036,c013,13786
5545,2026-08-19T19:45:00Z,c154,c069,2497
5546,2026-08-19T19:48:00Z,u-mule-07-2,m034,2171
5547,2026-08-19T19:52:00Z,c047,m033,4463
5548,2026-08-19T19:54:00Z,c086,c132,6437
5549,2026-08-19T20:01:00Z,c072,m012,4619
5550,2026-08-19T20:03:00Z,c118,m015,1783
5551,2026-08-19T20:10:00Z,c118,m017,817
5552,2026-08-19T20:14:00Z,c172,m027,1419
5553,2026-08-19T20:19:00Z,c175,m007,50000
5554,2026-08-19T20:22:00Z,c154,m016,5651
5555,2026-08-19T20:45:00Z,c073,m010,6292
5556,2026-08-19T20:48:00Z,c055,m018,3845
5557,2026-08-19T20:48:00Z,c068,m030,25322
5558,2026-08-19T20:54:00Z,c062,m024,14702
5559,2026-08-19T21:07:00Z,c072,c135,9475
5560,2026-08-19T21:10:00Z,c011,m026,1327
5561,2026-08-19T21:14:00Z,c068,c102,15169
5562,2026-08-19T21:17:00Z,c049,c040,2159
5563,2026-08-19T21:18:00Z,c069,c050,3416
5564,2026-08-19T21:30:00Z,c178,m027,8060
5565,2026-08-19T21:42:00Z,c018,m022,29315
5566,2026-08-19T21:51:00Z,c160,m026,21799
5567,2026-08-19T21:55:00Z,c072,m019,6569
5568,2026-08-19T22:08:00Z,c096,m013,34977
5569,2026-08-19T22:10:00Z,c096,m004,16469
5570,2026-08-19T22:20:00Z,c096,m015,11450
5571,2026-08-19T22:24:00Z,c167,m033,24516
5572,2026-08-19T22:45:00Z,c178,m037,6213
5573,2026-08-19T22:51:00Z,c161,c092,10629
5574,2026-08-19T23:25:00Z,c082,m026,13200
5575,2026-08-20T05:00:00Z,c027,m006,1101
5576,2026-08-20T05:15:00Z,c171,m003,13887
5577,2026-08-20T05:47:00Z,c095,m031,3473
5578,2026-08-20T05:54:00Z,c098,m021,4898
5579,2026-08-20T05:57:00Z,c098,m021,12999
5580,2026-08-20T06:06:00Z,c098,m021,5365
5581,2026-08-20T06:09:00Z,c135,c116,34360
5582,2026-08-20T06:23:00Z,c065,m022,14853
5583,2026-08-20T06:44:00Z,c093,m014,915
5584,2026-08-20T06:57:00Z,u-mule-02-0,m024,1836
5585,2026-08-20T06:57:00Z,u-mule-02-1,m034,1144
5586,2026-08-20T07:02:00Z,c042,c013,24600
5587,2026-08-20T07:03:00Z,c042,c013,12036
5588,2026-08-20T07:25:00Z,c053,m013,17109
5589,2026-08-20T07:38:00Z,c065,c038,14681
5590,2026-08-20T07:41:00Z,c093,m023,861
5591,2026-08-20T08:06:00Z,c006,m003,14021
5592,2026-08-20T08:15:00Z,c008,m028,8892
5593,2026-08-20T08:15:00Z,c032,c083,2525
5594,2026-08-20T08:23:00Z,c120,m001,8061
5595,2026-08-20T08:25:00Z,c138,c003,9575
5596,2026-08-20T08:26:00Z,c063,c104,2267
5597,2026-08-20T08:27:00Z,c099,m027,1929
5598,2026-08-20T08:33:00Z,c135,c116,33840
5599,2026-08-20T08:34:00Z,c042,m001,30296
5600,2026-08-20T08:35:00Z,c032,m028,1851
5601,2026-08-20T08:35:00Z,c095,m018,2893
5602,2026-08-20T08:39:00Z,u-mule-06-1,m024,2432
5603,2026-08-20T08:46:00Z,c038,m023,5408
5604,2026-08-20T08:46:00Z,c120,m001,13646
5605,2026-08-20T09:00:00Z,c169,c027,30341
5606,2026-08-20T09:05:00Z,c121,c136,9467
5607,2026-08-20T09:06:00Z,c158,c179,1141
5608,2026-08-20T09:15:00Z,c053,m013,36113
5609,2026-08-20T09:25:00Z,c076,m005,20249
5610,2026-08-20T09:29:00Z,c071,m030,3868
5611,2026-08-20T09:29:00Z,c133,m009,1330
5612,2026-08-20T09:31:00Z,c001,m000,7957
5613,2026-08-20T09:31:00Z,c043,c105,18351
5614,2026-08-20T09:34:00Z,c079,c030,12482
5615,2026-08-20T09:36:00Z,c070,c152,5854
5616,2026-08-20T09:36:00Z,c131,m014,17595
5617,2026-08-20T09:37:00Z,c170,m024,1267
5618,2026-08-20T09:38:00Z,c131,c100,12770
5619,2026-08-20T09:47:00Z,c166,m033,606
5620,2026-08-20T09:48:00Z,c110,m039,7337
5621,2026-08-20T09:52:00Z,c110,m037,12819
5622,2026-08-20T09:53:00Z,c022,m009,508
5623,2026-08-20T09:53:00Z,c099,c011,1312
5624,2026-08-20T09:55:00Z,c045,m030,1762
5625,2026-08-20T09:58:00Z,c110,m004,18127
5626,2026-08-20T10:00:00Z,c109,c026,1851
5627,2026-08-20T10:00:00Z,c110,m028,12503
5628,2026-08-20T10:01:00Z,c169,m014,17400
5629,2026-08-20T10:03:00Z,c065,m010,38506
5630,2026-08-20T10:03:00Z,c110,m039,17710
5631,2026-08-20T10:09:00Z,c038,m000,2256
5632,2026-08-20T10:09:00Z,c057,c016,2517
5633,2026-08-20T10:10:00Z,c099,m007,916
5634,2026-08-20T10:15:00Z,c093,m039,3736
5635,2026-08-20T10:22:00Z,c005,m011,6861
5636,2026-08-20T10:29:00Z,c001,c133,8907
5637,2026-08-20T10:30:00Z,c038,m036,2772
5638,2026-08-20T10:30:00Z,c052,m029,6836
5639,2026-08-20T10:38:00Z,c157,c169,14247
5640,2026-08-20T10:38:00Z,c157,m009,20995
5641,2026-08-20T10:40:00Z,c121,c136,15774
5642,2026-08-20T10:42:00Z,c092,m016,958
5643,2026-08-20T10:45:00Z,u-mule-01-1,m031,996
5644,2026-08-20T10:46:00Z,c059,m030,9336
5645,2026-08-20T10:48:00Z,c022,m021,1285
5646,2026-08-20T10:49:00Z,c059,c057,14782
5647,2026-08-20T10:50:00Z,c138,m028,13390
5648,2026-08-20T10:53:00Z,c140,c157,2224
5649,2026-08-20T11:00:00Z,c166,m001,1116
5650,2026-08-20T11:03:00Z,c139,m038,28157
5651,2026-08-20T11:03:00Z,c165,m016,2023
5652,2026-08-20T11:10:00Z,c089,m039,5720
5653,2026-08-20T11:11:00Z,c124,m022,14942
5654,2026-08-20T11:14:00Z,c004,m028,992
5655,2026-08-20T11:17:00Z,c151,m021,6390
5656,2026-08-20T11:21:00Z,c058,m002,6787
5657,2026-08-20T11:21:00Z,c131,m010,16708
5658,2026-08-20T11:26:00Z,c127,m000,6107
5659,2026-08-20T11:27:00Z,c047,m003,11492
5660,2026-08-20T11:31:00Z,c179,c080,3632
5661,2026-08-20T11:31:00Z,u-mule-00-0,m035,1027
5662,2026-08-20T11:31:00Z,u-mule-00-3,m006,1291
5663,2026-08-20T11:33:00Z,c103,c176,1276
5664,2026-08-20T11:35:00Z,c139,m026,9251
5665,2026-08-20T11:36:00Z,c017,m000,11388
5666,2026-08-20T11:36:00Z,c048,c127,4741
5667,2026-08-20T11:37:00Z,c103,m025,739
5668,2026-08-20T11:38:00Z,c165,m008,2562
5669,2026-08-20T11:39:00Z,c101,m018,7087
5670,2026-08-20T11:39:00Z,c103,m025,2761
5671,2026-08-20T11:39:00Z,u-mule-06-2,m036,1408
5672,2026-08-20T11:43:00Z,c103,c176,2673
5673,2026-08-20T11:44:00Z,c131,m010,5166
5674,2026-08-20T11:45:00Z,c042,c013,4550
5675,2026-08-20T11:53:00Z,c008,m005,7600
5676,2026-08-20T11:55:00Z,c149,m001,1936
5677,2026-08-20T11:57:00Z,c139,m032,51927
5678,2026-08-20T12:04:00Z,c106,m007,10355
5679,2026-08-20T12:05:00Z,c002,m038,3238
5680,2026-08-20T12:08:00Z,c151,m001,2869
5681,2026-08-20T12:09:00Z,c005,c076,6026
5682,2026-08-20T12:11:00Z,c021,c012,9106
5683,2026-08-20T12:18:00Z,c057,m039,4169
5684,2026-08-20T12:22:00Z,c050,m035,4816
5685,2026-08-20T12:29:00Z,c089,m000,6403
5686,2026-08-20T12:31:00Z,u-mule-00-1,m013,1349
5687,2026-08-20T12:36:00Z,c085,m025,1157
5688,2026-08-20T12:39:00Z,c048,m007,4583
5689,2026-08-20T12:39:00Z,u-mule-06-0,m018,1758
5690,2026-08-20T12:43:00Z,c020,m005,8885
5691,2026-08-20T12:45:00Z,c107,m039,1763
5692,2026-08-20T12:46:00Z,c050,m030,10166
5693,2026-08-20T12:49:00Z,c162,m038,7357
5694,2026-08-20T12:51:00Z,u-mule-10-1,m021,1757
5695,2026-08-20T12:54:00Z,c115,c077,7571
5696,2026-08-20T13:01:00Z,c089,m039,14364
5697,2026-08-20T13:02:00Z,c023,c055,972
5698,2026-08-20T13:02:00Z,c080,m020,3266
5699,2026-08-20T13:02:00Z,c159,m032,1444
5700,2026-08-20T13:05:00Z,c020,m020,21489
5701,2026-08-20T13:05:00Z,c090,m015,9194
5702,2026-08-20T13:12:00Z,c000,m036,14761
5703,2026-08-20T13:14:00Z,c120,m004,19384
5704,2026-08-20T13:14:00Z,c155,m027,1652
5705,2026-08-20T13:16:00Z,c114,m024,13788
5706,2026-08-20T13:16:00Z,u-mule-12-3,m002,2079
5707,2026-08-20T13:22:00Z,c024,m017,6395
5708,2026-08-20T13:25:00Z,c101,m030,3699
5709,2026-08-20T13:29:00Z,c134,m028,25534
5710,2026-08-20T13:31:00Z,u-mule-00-2,m030,3322
5711,2026-08-20T13:39:00Z,c047,m020,12297
5712,2026-08-20T13:39:00Z,c079,m006,4817
5713,2026-08-20T13:40:00Z,c119,m003,2227
5714,2026-08-20T13:41:00Z,u-mule-05-2,m025,2107
5715,2026-08-20T13:43:00Z,c119,m003,751
5716,2026-08-20T13:44:00Z,c119,m020,976
5717,2026-08-20T13:45:00Z,c064,m029,6512
5718,2026-08-20T13:47:00Z,c058,m021,5692
5719,2026-08-20T13:47:00Z,c070,m017,3767
5720,2026-08-20T13:50:00Z,c037,c122,18392
5721,2026-08-20T13:50:00Z,c064,m011,6581
5722,2026-08-20T13:50:00Z,c123,c093,2230
5723,2026-08-20T13:51:00Z,c064,m015,4377
5724,2026-08-20T13:52:00Z,c119,m021,783
5725,2026-08-20T13:53:00Z,c070,m018,2695
5726,2026-08-20T13:54:00Z,c003,m016,3140
5727,2026-08-20T13:56:00Z,c007,c177,13160
5728,2026-08-20T13:56:00Z,c034,m038,18538
5729,2026-08-20T14:00:00Z,c007,m002,16373
5730,2026-08-20T14:00:00Z,c105,m037,1236
5731,2026-08-20T14:00:00Z,c119,m013,1552
5732,2026-08-20T14:00:00Z,c155,c056,1744
5733,2026-08-20T14:04:00Z,c089,m009,17224
5734,2026-08-20T14:05:00Z,c000,m027,14369
5735,2026-08-20T14:06:00Z,c037,m003,21323
5736,2026-08-20T14:06:00Z,c105,m026,1097
5737,2026-08-20T14:16:00Z,c143,m016,1032
5738,2026-08-20T14:16:00Z,u-mule-12-1,m004,4450
5739,2026-08-20T14:22:00Z,c140,m036,2299
5740,2026-08-20T14:28:00Z,c033,m003,908
5741,2026-08-20T14:28:00Z,c170,c124,2768
5742,2026-08-20T14:40:00Z,c130,m001,14098
5743,2026-08-20T14:47:00Z,c035,m004,1094
5744,2026-08-20T14:47:00Z,c040,c039,17450
5745,2026-08-20T14:53:00Z,c022,m009,1485
5746,2026-08-20T14:55:00Z,c022,c066,1612
5747,2026-08-20T14:59:00Z,c094,m032,10951
5748,2026-08-20T14:59:00Z,c176,m012,7069
5749,2026-08-20T15:02:00Z,c013,m014,22757
5750,2026-08-20T15:03:00Z,c048,m006,6082
5751,2026-08-20T15:08:00Z,c020,m020,15884
5752,2026-08-20T15:12:00Z,c114,m004,16971
5753,2026-08-20T15:13:00Z,c094,m032,19232
5754,2026-08-20T15:15:00Z,c168,m032,9678
5755,2026-08-20T15:20:00Z,c012,m038,2616
5756,2026-08-20T15:20:00Z,c035,m037,1474
5757,2026-08-20T15:24:00Z,c123,m009,4255
5758,2026-08-20T15:26:00Z,c000,c039,18477
5759,2026-08-20T15:34:00Z,c073,m004,14856
5760,2026-08-20T15:45:00Z,u-mule-01-0,m031,1108
5761,2026-08-20T15:45:00Z,u-mule-01-2,m024,1983
5762,2026-08-20T15:48:00Z,c144,c174,4245
5763,2026-08-20T15:49:00Z,c017,c024,400000
5764,2026-08-20T15:56:00Z,c089,m000,9236
5765,2026-08-20T16:00:00Z,c037,m017,43358
5766,2026-08-20T16:00:00Z,c089,c125,25157
5767,2026-08-20T16:01:00Z,c156,m022,36664
5768,2026-08-20T16:02:00Z,c160,m008,10092
5769,2026-08-20T16:05:00Z,c010,c047,2750
5770,2026-08-20T16:08:00Z,c010,c047,3033
5771,2026-08-20T16:09:00Z,c010,m003,2835
5772,2026-08-20T16:12:00Z,c024,m010,1404
5773,2026-08-20T16:14:00Z,c010,m003,3344
5774,2026-08-20T16:17:00Z,c010,m022,7002
5775,2026-08-20T16:20:00Z,c010,m003,60000
5776,2026-08-20T16:21:00Z,c010,m022,2563
5777,2026-08-20T16:21:00Z,c056,m003,9192
5778,2026-08-20T16:24:00Z,c142,m029,8816
5779,2026-08-20T16:24:00Z,c148,c098,37762
5780,2026-08-20T16:26:00Z,c003,m038,984
5781,2026-08-20T16:32:00Z,c012,m038,537
5782,2026-08-20T16:32:00Z,c173,c027,9206
5783,2026-08-20T16:33:00Z,c167,m023,17684
5784,2026-08-20T16:41:00Z,c028,m037,1609
5785,2026-08-20T16:41:00Z,u-mule-05-0,m033,1012
5786,2026-08-20T16:42:00Z,c073,m010,6703
5787,2026-08-20T16:45:00Z,c094,m021,24295
5788,2026-08-20T16:55:00Z,c145,m003,60000
5789,2026-08-20T17:00:00Z,c167,m039,7214
5790,2026-08-20T17:05:00Z,c000,m027,18157
5791,2026-08-20T17:08:00Z,c000,m039,15152
5792,2026-08-20T17:08:00Z,c051,c006,5341
5793,2026-08-20T17:13:00Z,c002,m039,6657
5794,2026-08-20T17:16:00Z,u-mule-12-0,m033,1413
5795,2026-08-20T17:21:00Z,c167,m033,21639
5796,2026-08-20T17:22:00Z,c055,m038,2869
5797,2026-08-20T17:28:00Z,c037,m006,20237
5798,2026-08-20T17:31:00Z,c033,m004,2332
5799,2026-08-20T17:34:00Z,c025,m019,4533
5800,2026-08-20T17:34:00Z,c028,m029,50000
5801,2026-08-20T17:34:00Z,c051,c102,11782
5802,2026-08-20T17:35:00Z,c081,m030,885
5803,2026-08-20T17:39:00Z,c037,m003,22690
5804,2026-08-20T17:39:00Z,c067,m035,1908
5805,2026-08-20T17:41:00Z,c112,m028,14115
5806,2026-08-20T17:41:00Z,c150,m022,8794
5807,2026-08-20T17:44:00Z,c024,m003,4875
5808,2026-08-20T17:48:00Z,c175,c009,1978
5809,2026-08-20T17:48:00Z,u-mule-07-2,m012,1386
5810,2026-08-20T17:51:00Z,c118,m036,1296
5811,2026-08-20T17:54:00Z,c084,c067,8450
5812,2026-08-20T17:56:00Z,c150,c047,16157
5813,2026-08-20T17:58:00Z,c072,c135,6119
5814,2026-08-20T17:58:00Z,c077,m003,36202
5815,2026-08-20T18:00:00Z,c118,m010,1007
5816,2026-08-20T18:01:00Z,c012,m021,1768
5817,2026-08-20T18:03:00Z,c072,m014,3514
5818,2026-08-20T18:03:00Z,c077,m035,13609
5819,2026-08-20T18:04:00Z,c067,m004,1642
5820,2026-08-20T18:04:00Z,c072,m012,4668
5821,2026-08-20T18:07:00Z,c125,c157,6110
5822,2026-08-20T18:08:00Z,c077,m006,19481
5823,2026-08-20T18:09:00Z,c125,m001,5196
5824,2026-08-20T18:10:00Z,c113,m011,2536
5825,2026-08-20T18:11:00Z,c176,c053,5272
5826,2026-08-20T18:15:00Z,c028,m037,1052
5827,2026-08-20T18:20:00Z,c067,m032,1040
5828,2026-08-20T18:25:00Z,c128,m014,950
5829,2026-08-20T18:38:00Z,c160,c069,15378
5830,2026-08-20T18:43:00Z,c155,m038,2551
5831,2026-08-20T18:47:00Z,c083,m009,1978
5832,2026-08-20T18:49:00Z,c014,m005,2636
5833,2026-08-20T18:52:00Z,c055,m007,60000
5834,2026-08-20T18:53:00Z,c123,m003,6079
5835,2026-08-20T18:59:00Z,c174,m008,971
5836,2026-08-20T19:01:00Z,c129,m008,4594
5837,2026-08-20T19:05:00Z,c104,m022,4191
5838,2026-08-20T19:08:00Z,c062,m014,9137
5839,2026-08-20T19:13:00Z,c173,c047,3658
5840,2026-08-20T19:15:00Z,c049,m015,1280
5841,2026-08-20T19:17:00Z,c112,c132,4898
5842,2026-08-20T19:18:00Z,c014,m029,3467
5843,2026-08-20T19:20:00Z,c082,m009,78239
5844,2026-08-20T19:20:00Z,c091,m013,7899
5845,2026-08-20T19:22:00Z,c086,m021,7956
5846,2026-08-20T19:26:00Z,c091,m024,2661
5847,2026-08-20T19:26:00Z,c091,m024,5427
5848,2026-08-20T19:35:00Z,c091,c069,5187
5849,2026-08-20T19:36:00Z,c112,m010,7252
5850,2026-08-20T19:41:00Z,u-mule-05-1,m033,2666
5851,2026-08-20T19:45:00Z,c160,m036,8876
5852,2026-08-20T19:46:00Z,c128,m038,1002
5853,2026-08-20T19:48:00Z,u-mule-07-0,m024,2499
5854,2026-08-20T19:48:00Z,u-mule-07-1,m027,1942
5855,2026-08-20T19:49:00Z,c175,c059,1489
5856,2026-08-20T19:58:00Z,c178,m005,3034
5857,2026-08-20T20:00:00Z,c055,c152,2720
5858,2026-08-20T20:02:00Z,c128,c129,1760
5859,2026-08-20T20:05:00Z,c104,m015,12646
5860,2026-08-20T20:09:00Z,c142,c075,15944
5861,2026-08-20T20:10:00Z,c088,m037,25276
5862,2026-08-20T20:10:00Z,c164,m029,7473
5863,2026-08-20T20:12:00Z,c062,m014,39796
5864,2026-08-20T20:16:00Z,c160,m008,13965
5865,2026-08-20T20:18:00Z,c062,c047,17060
5866,2026-08-20T20:31:00Z,c018,m026,17985
5867,2026-08-20T20:35:00Z,c161,m015,6929
5868,2026-08-20T20:37:00Z,c129,m039,22968
5869,2026-08-20T20:39:00Z,c049,m015,4006
5870,2026-08-20T20:39:00Z,c054,m010,2442
5871,2026-08-20T20:54:00Z,c086,m026,3987
5872,2026-08-20T21:00:00Z,c084,m004,12481
5873,2026-08-20T21:04:00Z,c011,m014,1405
5874,2026-08-20T21:04:00Z,c178,m011,6852
5875,2026-08-20T21:08:00Z,c011,m007,2364
5876,2026-08-20T21:09:00Z,c011,m013,1180
5877,2026-08-20T21:23:00Z,c164,m025,27806
5878,2026-08-20T21:33:00Z,c172,c151,1294
5879,2026-08-20T21:50:00Z,c154,m006,7997
5880,2026-08-20T21:51:00Z,c142,m006,27691
5881,2026-08-20T22:34:00Z,c178,m039,7708
5882,2026-08-20T22:52:00Z,c062,m004,19179
5883,2026-08-20T22:59:00Z,c062,m024,12636
5884,2026-08-21T00:39:00Z,c068,c054,18879
5885,2026-08-21T03:47:00Z,c121,m014,5942
5886,2026-08-21T03:57:00Z,u-mule-02-3,m007,1429
5887,2026-08-21T04:57:00Z,u-mule-02-0,m003,1091
5888,2026-08-21T05:09:00Z,c135,m029,51183
5889,2026-08-21T05:50:00Z,c063,m000,1964
5890,2026-08-21T06:15:00Z,c063,c104,3605
5891,2026-08-21T06:23:00Z,c121,c139,6462
5892,2026-08-21T06:27:00Z,c063,c104,1234
5893,2026-08-21T06:37:00Z,c076,m000,21074
5894,2026-08-21T06:47:00Z,c095,m012,3913
5895,2026-08-21T06:52:00Z,c076,m000,21721
5896,2026-08-21T06:55:00Z,c098,m007,3342
5897,2026-08-21T06:57:00Z,u-mule-02-1,m007,2629
5898,2026-08-21T07:02:00Z,c016,m005,3158
5899,2026-08-21T07:06:00Z,c031,m002,2400
5900,2026-08-21T07:16:00Z,c139,m034,55127
5901,2026-08-21T07:19:00Z,c093,m023,2240
5902,2026-08-21T07:23:00Z,c093,m027,1146
5903,2026-08-21T07:27:00Z,c093,m023,1595
5904,2026-08-21T07:29:00Z,c093,m022,1272
5905,2026-08-21T07:34:00Z,c093,m024,857
5906,2026-08-21T07:39:00Z,u-mule-06-0,m014,4590
5907,2026-08-21T07:39:00Z,u-mule-06-1,m034,1668
5908,2026-08-21T07:43:00Z,c109,m035,1955
5909,2026-08-21T07:43:00Z,c135,m037,22854
5910,2026-08-21T07:47:00Z,c027,x-structuring-10-0,980000
5911,2026-08-21T07:52:00Z,c065,m022,27937
5912,2026-08-21T08:21:00Z,c177,c168,3531
5913,2026-08-21T08:22:00Z,c166,c135,867
5914,2026-08-21T08:24:00Z,c027,x-structuring-10-1,900000
5915,2026-08-21T08:30:00Z,c177,m013,1210
5916,2026-08-21T08:51:00Z,c103,c176,1740
5917,2026-08-21T08:55:00Z,c095,m023,3574
5918,2026-08-21T08:55:00Z,c103,m025,1261
5919,2026-08-21T08:59:00Z,c103,m026,1703
5920,2026-08-21T09:06:00Z,c065,c038,20264
5921,2026-08-21T09:09:00Z,c058,m001,2393
5922,2026-08-21T09:10:00Z,c005,c018,7366
5923,2026-08-21T09:35:00Z,c038,m009,2522
5924,2026-08-21T09:37:00Z,c038,c144,4817
5925,2026-08-21T09:39:00Z,c038,m023,3180
5926,2026-08-21T09:43:00Z,c019,m008,48328
5927,2026-08-21T09:43:00Z,c065,m030,18073
5928,2026-08-21T09:44:00Z,c038,m000,4027
5929,2026-08-21T09:51:00Z,u-mule-10-1,m007,1519
5930,2026-08-21T09:56:00Z,c133,c155,1896
5931,2026-08-21T10:00:00Z,c095,m033,2188
5932,2026-08-21T10:03:00Z,c133,m023,3536
5933,2026-08-21T10:13:00Z,c124,c173,12831
5934,2026-08-21T10:14:00Z,c085,m025,3119
5935,2026-08-21T10:23:00Z,c066,m023,3788
5936,2026-08-21T10:25:00Z,c065,c137,17859
5937,2026-08-21T10:27:00Z,c066,m038,7625
5938,2026-08-21T10:27:00Z,c169,m014,20187
5939,2026-08-21T10:28:00Z,c059,m021,8929
5940,2026-08-21T10:28:00Z,c169,m029,10829
5941,2026-08-21T10:29:00Z,c000,m039,18544
5942,2026-08-21T10:31:00Z,c151,m010,1456
5943,2026-08-21T10:33:00Z,c170,m029,1422
5944,2026-08-21T10:35:00Z,c066,m004,6303
5945,2026-08-21T10:36:00Z,c143,m010,1473
5946,2026-08-21T10:39:00Z,c110,m028,11704
5947,2026-08-21T10:40:00Z,c095,c022,2335
5948,2026-08-21T10:40:00Z,c110,m003,7916
5949,2026-08-21T10:43:00Z,c040,m005,12974
5950,2026-08-21T10:49:00Z,c119,m021,1916
5951,2026-08-21T10:53:00Z,c004,c166,1921
5952,2026-08-21T10:55:00Z,c059,m002,14916
5953,2026-08-21T10:55:00Z,c070,m021,7176
5954,2026-08-21T10:56:00Z,c143,m016,689
5955,2026-08-21T11:02:00Z,c163,m039,1737
5956,2026-08-21T11:04:00Z,c109,c177,2309
5957,2026-08-21T11:08:00Z,c006,m034,24287
5958,2026-08-21T11:09:00Z,c002,c048,9116
5959,2026-08-21T11:09:00Z,c063,m013,2485
5960,2026-08-21T11:11:00Z,c060,m023,14328
5961,2026-08-21T11:16:00Z,u-mule-12-0,m032,1796
5962,2026-08-21T11:25:00Z,c153,m025,21475
5963,2026-08-21T11:26:00Z,c114,m004,18459
5964,2026-08-21T11:27:00Z,c070,m029,3796
5965,2026-08-21T11:36:00Z,c043,m038,8899
5966,2026-08-21T11:36:00Z,c155,m039,777
5967,2026-08-21T11:37:00Z,c029,m005,2916
5968,2026-08-21T11:37:00Z,c170,m029,1495
5969,2026-08-21T11:38:00Z,c095,c022,3163
5970,2026-08-21T11:39:00Z,c004,m031,2015
5971,2026-08-21T11:39:00Z,c120,m009,12004
5972,2026-08-21T11:41:00Z,c022,m009,752
5973,2026-08-21T11:43:00Z,c058,m002,8292
5974,2026-08-21T11:43:00Z,c085,m033,2074
5975,2026-08-21T11:43:00Z,c109,m026,1379
5976,2026-08-21T11:44:00Z,c108,m009,3805
5977,2026-08-21T11:45:00Z,c050,m001,7002
5978,2026-08-21T11:48:00Z,c022,m010,2045
5979,2026-08-21T11:49:00Z,c015,m011,29679
5980,2026-08-21T12:02:00Z,c109,m035,1971
5981,2026-08-21T12:07:00Z,c005,m009,4471
5982,2026-08-21T12:11:00Z,c105,m037,2069
5983,2026-08-21T12:16:00Z,u-mule-12-1,m008,1209
5984,2026-08-21T12:16:00Z,u-mule-12-3,m004,1979
5985,2026-08-21T12:17:00Z,c075,m009,14041
5986,2026-08-21T12:17:00Z,c153,m003,12377
5987,2026-08-21T12:18:00Z,c099,m027,1981
5988,2026-08-21T12:19:00Z,c078,c054,1551
5989,2026-08-21T12:19:00Z,c166,c135,1541
5990,2026-08-21T12:22:00Z,c046,m004,8264
5991,2026-08-21T12:28:00Z,c074,m014,3073
5992,2026-08-21T12:29:00Z,c046,m009,5236
5993,2026-08-21T12:31:00Z,c041,m000,4242
5994,2026-08-21T12:38:00Z,c070,m036,5055
5995,2026-08-21T12:38:00Z,c115,m013,13609
5996,2026-08-21T12:39:00Z,c057,c059,2582
5997,2026-08-21T12:39:00Z,u-mule-06-2,m025,2510
5998,2026-08-21T12:41:00Z,c138,m009,14431
5999,2026-08-21T12:42:00Z,c115,m005,20827
6000,2026-08-21T12:43:00Z,c131,m030,56913
6001,2026-08-21T12:44:00Z,c115,m001,11069
6002,2026-08-21T12:44:00Z,c143,c121,1741
6003,2026-08-21T12:47:00Z,c131,m025,28664
6004,2026-08-21T12:49:00Z,c092,m018,2940
6005,2026-08-21T12:50:00Z,c002,m016,5007
6006,2026-08-21T12:50:44Z,c127,x-burst-14-0,14143
6007,2026-08-21T12:51:00Z,c092,m016,1680
6008,2026-08-21T12:51:49Z,c127,x-burst-14-0,12113
6009,2026-08-21T12:52:16Z,c127,x-burst-14-0,14533
6010,2026-08-21T12:52:39Z,c127,x-burst-14-0,13127
6011,2026-08-21T12:53:00Z,c131,m010,30987
6012,2026-08-21T12:53:00Z,c153,m003,16856
6013,2026-08-21T12:53:14Z,c127,x-burst-14-0,13384
6014,2026-08-21T12:54:00Z,c149,m010,2811
6015,2026-08-21T12:54:38Z,c127,x-burst-14-0,12126
6016,2026-08-21T12:55:00Z,c092,m005,2103
6017,2026-08-21T12:55:22Z,c127,x-burst-14-0,17058
6018,2026-08-21T12:55:55Z,c127,x-burst-14-0,26321
6019,2026-08-21T12:56:29Z,c127,x-burst-14-0,15772
6020,2026-08-21T12:57:05Z,c127,x-burst-14-0,4664
6021,2026-08-21T12:57:30Z,c127,x-burst-14-0,44381
6022,2026-08-21T12:58:00Z,c092,c176,2922
6023,2026-08-21T13:02:00Z,c001,c046,11445
6024,2026-08-21T13:04:00Z,c144,m006,3082
6025,2026-08-21T13:06:00Z,c001,m016,27469
6026,2026-08-21T13:06:12Z,c085,x-burst-08-0,3540
6027,2026-08-21T13:06:57Z,c085,x-burst-08-1,2440
6028,2026-08-21T13:08:24Z,c085,x-burst-08-1,5985
6029,2026-08-21T13:08:47Z,c085,x-burst-08-0,1284
6030,2026-08-21T13:09:24Z,c085,x-burst-08-0,6416
6031,2026-08-21T13:10:46Z,c085,x-burst-08-1,3438
6032,2026-08-21T13:11:10Z,c085,x-burst-08-0,1672
6033,2026-08-21T13:12:00Z,c001,c133,6312
6034,2026-08-21T13:12:00Z,c094,c128,9084
6035,2026-08-21T13:12:02Z,c085,x-burst-08-1,3323
6036,2026-08-21T13:13:23Z,c085,x-burst-08-0,2467
6037,2026-08-21T13:14:00Z,c001,c133,8539
6038,2026-08-21T13:14:10Z,c085,x-burst-08-0,2363
6039,2026-08-21T13:17:00Z,c104,m026,240000
6040,2026-08-21T13:18:00Z,c053,m015,26217
6041,2026-08-21T13:18:00Z,c067,m004,1162
6042,2026-08-21T13:22:00Z,c001,c046,7775
6043,2026-08-21T13:24:00Z,c033,m002,1625
6044,2026-08-21T13:26:00Z,c000,c039,12196
6045,2026-08-21T13:26:00Z,c070,m018,5698
6046,2026-08-21T13:39:00Z,c056,c144,5507
6047,2026-08-21T13:43:00Z,c136,c120,15148
6048,2026-08-21T13:45:00Z,c136,m035,3975
6049,2026-08-21T13:48:00Z,u-mule-07-1,m026,1741
6050,2026-08-21T13:48:00Z,u-mule-07-2,m028,1869
6051,2026-08-21T13:51:00Z,c037,c003,18915
6052,2026-08-21T13:54:00Z,c149,m016,2537
6053,2026-08-21T13:55:00Z,c136,c048,17826
6054,2026-08-21T13:58:00Z,c143,c121,1526
6055,2026-08-21T14:02:00Z,c122,m018,8776
6056,2026-08-21T14:02:00Z,c143,c083,926
6057,2026-08-21T14:05:00Z,c061,m026,9864
6058,2026-08-21T14:10:00Z,c024,c083,3793
6059,2026-08-21T14:14:00Z,c058,c018,6753
6060,2026-08-21T14:14:00Z,c106,m022,10775
6061,2026-08-21T14:15:00Z,c041,m000,4169
6062,2026-08-21T14:17:00Z,c046,c073,6801
6063,2026-08-21T14:17:00Z,c079,m006,8403
6064,2026-08-21T14:21:00Z,c101,m010,14797
6065,2026-08-21T14:22:00Z,c079,m004,240000
6066,2026-08-21T14:23:00Z,c079,c030,11580
6067,2026-08-21T14:26:00Z,c099,m007,1451
6068,2026-08-21T14:31:00Z,c165,m017,2577
6069,2026-08-21T14:32:00Z,c010,m023,2539
6070,2026-08-21T14:35:00Z,c029,m005,3689
6071,2026-08-21T14:38:00Z,c141,m010,1631
6072,2026-08-21T14:39:00Z,c002,c048,11023
6073,2026-08-21T14:41:00Z,c134,m027,39720
6074,2026-08-21T14:44:00Z,c102,m030,3905
6075,2026-08-21T14:44:00Z,c170,c053,5987
6076,2026-08-21T14:47:00Z,c094,m021,24923
6077,2026-08-21T14:48:00Z,u-mule-07-0,m011,3167
6078,2026-08-21T14:48:00Z,u-mule-07-3,m037,1405
6079,2026-08-21T14:58:00Z,c015,m027,31761
6080,2026-08-21T15:00:00Z,c144,c174,4931
6081,2026-08-21T15:03:00Z,c055,m036,3575
6082,2026-08-21T15:03:00Z,c070,m017,5846
6083,2026-08-21T15:12:00Z,c017,m010,400000
6084,2026-08-21T15:12:00Z,c024,m017,5984
6085,2026-08-21T15:12:00Z,c122,m033,3282
6086,2026-08-21T15:13:00Z,c108,c095,1292
6087,2026-08-21T15:18:00Z,c150,c071,12324
6088,2026-08-21T15:26:00Z,c041,m017,1971
6089,2026-08-21T15:28:00Z,c025,m019,11202
6090,2026-08-21T15:30:00Z,c056,m003,15728
6091,2026-08-21T15:31:00Z,c067,m008,1688
6092,2026-08-21T15:31:00Z,c146,u-mule-00-0,216000
6093,2026-08-21T15:34:00Z,c099,m023,1078
6094,2026-08-21T15:38:00Z,c110,m003,16211
6095,2026-08-21T15:40:00Z,c102,m000,8692
6096,2026-08-21T15:40:00Z,c114,m032,33783
6097,2026-08-21T15:45:00Z,u-mule-00-0,u-mule-00-1,205200
6098,2026-08-21T16:00:00Z,c011,c177,1106
6099,2026-08-21T16:00:00Z,u-mule-00-1,u-mule-00-2,196992
6100,2026-08-21T16:04:00Z,c089,m039,10001
6101,2026-08-21T16:07:00Z,c007,m036,5912
6102,2026-08-21T16:07:00Z,c026,m034,1052
6103,2026-08-21T16:08:00Z,c028,m031,589
6104,2026-08-21T16:09:00Z,c122,m002,5071
6105,2026-08-21T16:10:00Z,c168,c091,24631
6106,2026-08-21T16:12:00Z,u-mule-00-2,u-mule-00-3,189112
6107,2026-08-21T16:13:00Z,c007,m002,44715
6108,2026-08-21T16:15:00Z,c034,m018,12569
6109,2026-08-21T16:15:00Z,c122,c039,4334
6110,2026-08-21T16:16:00Z,c147,m031,23489
6111,2026-08-21T16:25:00Z,c116,m025,1954
6112,2026-08-21T16:26:00Z,c003,m016,885
6113,2026-08-21T16:26:00Z,c127,c061,5643
6114,2026-08-21T16:26:00Z,u-mule-00-3,x-mule-00-0,181547
6115,2026-08-21T16:28:00Z,c146,m023,12949
6116,2026-08-21T16:33:00Z,c062,m004,8894
6117,2026-08-21T16:44:00Z,c007,m002,29488
6118,2026-08-21T16:44:00Z,c088,m016,23445
6119,2026-08-21T16:45:00Z,c155,u-mule-01-0,43500
6120,2026-08-21T16:56:00Z,c028,c021,2544
6121,2026-08-21T16:56:00Z,c061,m003,10112
6122,2026-08-21T16:57:00Z,c129,c126,10129
6123,2026-08-21T17:03:00Z,c129,m035,6435
6124,2026-08-21T17:04:00Z,u-mule-01-0,u-mule-01-1,40890
6125,2026-08-21T17:05:00Z,c129,c126,18779
6126,2026-08-21T17:09:00Z,c011,c177,1722
6127,2026-08-21T17:09:00Z,c067,m032,2528
6128,2026-08-21T17:09:00Z,c125,m035,19786
6129,2026-08-21T17:15:00Z,c129,m008,9853
6130,2026-08-21T17:16:00Z,u-mule-12-2,m022,1599
6131,2026-08-21T17:21:00Z,u-mule-01-1,u-mule-01-2,39663
6132,2026-08-21T17:31:00Z,u-mule-01-2,x-mule-01-0,38473
6133,2026-08-21T17:38:00Z,c113,c011,1589
6134,2026-08-21T17:40:00Z,c072,c071,4389
6135,2026-08-21T17:40:00Z,c073,m029,15763
6136,2026-08-21T17:41:00Z,u-mule-05-2,m021,4016
6137,2026-08-21T17:42:00Z,c080,m034,2253
6138,2026-08-21T17:44:00Z,c056,c039,9915
6139,2026-08-21T17:47:00Z,c036,c013,240000
6140,2026-08-21T17:47:00Z,c132,m039,9464
6141,2026-08-21T17:53:00Z,c072,m015,5412
6142,2026-08-21T18:01:00Z,c003,m026,2046
6143,2026-08-21T18:06:00Z,c083,m023,1400
6144,2026-08-21T18:08:00Z,c130,m035,11262
6145,2026-08-21T18:13:00Z,c044,m019,2456
6146,2026-08-21T18:17:00Z,c172,m037,934
6147,2026-08-21T18:18:00Z,c116,m027,1725
6148,2026-08-21T18:18:00Z,c175,m000,1551
6149,2026-08-21T18:22:00Z,c173,m014,3546
6150,2026-08-21T18:27:00Z,c173,m004,7379
6151,2026-08-21T18:28:00Z,c056,m010,9440
6152,2026-08-21T18:30:00Z,c173,m008,4077
6153,2026-08-21T18:33:00Z,c167,m029,7678
6154,2026-08-21T18:37:00Z,c173,c027,3749
6155,2026-08-21T18:40:00Z,c091,m035,3941
6156,2026-08-21T18:41:00Z,u-mule-05-0,m018,3979
6157,2026-08-21T18:42:00Z,c007,c177,12680
6158,2026-08-21T18:46:00Z,c176,m033,6642
6159,2026-08-21T18:52:00Z,c083,m038,1238
6160,2026-08-21T18:55:00Z,c123,m009,3464
6161,2026-08-21T18:56:00Z,c086,m017,6806
6162,2026-08-21T18:56:00Z,c154,c069,4990
6163,2026-08-21T19:00:00Z,c055,m024,6219
6164,2026-08-21T19:00:00Z,c116,c020,4004
6165,2026-08-21T19:03:00Z,c125,x-structuring-07-0,930000
6166,2026-08-21T19:03:00Z,c154,m016,4516
6167,2026-08-21T19:06:00Z,c167,m039,13316
6168,2026-08-21T19:12:00Z,c091,c069,4148
6169,2026-08-21T19:18:00Z,c097,m024,1452
6170,2026-08-21T19:25:00Z,c091,m021,8019
6171,2026-08-21T19:29:00Z,c118,m029,1191
6172,2026-08-21T19:31:00Z,c069,m015,1763
6173,2026-08-21T19:34:00Z,c125,m003,6306
6174,2026-08-21T19:41:00Z,u-mule-05-1,m033,1967
6175,2026-08-21T19:42:00Z,c097,m036,1295
6176,2026-08-21T19:47:08Z,c097,x-burst-06-1,3557
6177,2026-08-21T19:48:00Z,c017,c024,16811
6178,2026-08-21T19:48:24Z,c097,x-burst-06-0,2165
6179,2026-08-21T19:49:20Z,c097,x-burst-06-0,1909
6180,2026-08-21T19:49:49Z,c097,x-burst-06-0,3065
6181,2026-08-21T19:50:00Z,c096,m029,16469
6182,2026-08-21T19:50:40Z,c097,x-burst-06-0,10467
6183,2026-08-21T19:51:34Z,c097,x-burst-06-0,2200
6184,2026-08-21T19:52:00Z,c082,m026,9454
6185,2026-08-21T19:52:00Z,c087,m022,14077
6186,2026-08-21T19:52:38Z,c097,x-burst-06-1,2544
6187,2026-08-21T19:53:52Z,c097,x-burst-06-0,1717
6188,2026-08-21T19:54:22Z,c097,x-burst-06-0,5297
6189,2026-08-21T19:55:00Z,c116,m025,5850
6190,2026-08-21T19:56:00Z,c007,m036,11493
6191,2026-08-21T19:57:38Z,c054,x-burst-09-1,4555
6192,2026-08-21T19:58:10Z,c054,x-burst-09-1,3201
6193,2026-08-21T19:58:56Z,c054,x-burst-09-0,3066
6194,2026-08-21T20:00:14Z,c054,x-burst-09-1,4509
6195,2026-08-21T20:01:16Z,c054,x-burst-09-0,3843
6196,2026-08-21T20:02:15Z,c054,x-burst-09-0,5074
6197,2026-08-21T20:03:34Z,c054,x-burst-09-1,3830
6198,2026-08-21T20:10:00Z,c003,c166,887
6199,2026-08-21T20:15:00Z,c036,m026,13329
6200,2026-08-21T20:16:00Z,c083,c113,1162
6201,2026-08-21T20:26:00Z,c128,m021,1580
6202,2026-08-21T20:27:00Z,c025,c070,14076
6203,2026-08-21T20:28:00Z,c012,m021,979
6204,2026-08-21T20:36:00Z,c178,m027,3869
6205,2026-08-21T20:44:00Z,c147,m037,28236
6206,2026-08-21T20:57:00Z,c118,c106,2924
6207,2026-08-21T21:04:00Z,c062,m004,13206
6208,2026-08-21T21:16:00Z,c049,m017,2471
6209,2026-08-21T21:16:00Z,c178,m027,8394
6210,2026-08-21T21:17:00Z,c096,m031,21381
6211,2026-08-21T21:19:00Z,c049,m015,1382
6212,2026-08-21T21:22:00Z,c049,m031,917
6213,2026-08-21T21:30:00Z,c096,m017,27821
6214,2026-08-21T21:34:00Z,c049,m031,1065
6215,2026-08-21T21:36:00Z,c049,m030,1955
6216,2026-08-21T21:47:00Z,c128,m021,2886
6217,2026-08-21T21:51:00Z,c051,m032,5241
6218,2026-08-21T21:57:00Z,c167,m029,15240
6219,2026-08-21T23:21:00Z,c091,m024,5383
6220,2026-08-21T23:32:00Z,c118,m009,700
6221,2026-08-22T00:04:00Z,c118,m027,1485
6222,2026-08-22T03:54:00Z,u-mule-08-1,m030,1504
6223,2026-08-22T03:57:00Z,u-mule-02-1,m024,2479
6224,2026-08-22T04:03:00Z,c098,m019,4657
6225,2026-08-22T04:17:00Z,c023,x-takeover-11-0,37500
6226,2026-08-22T04:24:00Z,c098,m021,4088
6227,2026-08-22T04:48:00Z,c053,m001,32114
6228,2026-08-22T04:54:00Z,u-mule-08-0,m037,2740
6229,2026-08-22T04:57:00Z,u-mule-02-2,m011,2082
6230,2026-08-22T05:27:00Z,c057,m039,3057
6231,2026-08-22T05:30:00Z,c166,m029,1878
6232,2026-08-22T05:35:00Z,c166,m029,1835
6233,2026-08-22T05:38:00Z,c166,m029,1235
6234,2026-08-22T05:57:00Z,u-mule-02-3,m017,1308
6235,2026-08-22T06:02:00Z,c031,m002,2925
6236,2026-08-22T06:11:00Z,c043,m011,11903
6237,2026-08-22T06:26:00Z,c040,c039,13036
6238,2026-08-22T06:34:00Z,c043,m011,8104
6239,2026-08-22T06:36:00Z,c063,c104,3025
6240,2026-08-22T06:44:00Z,c031,c103,3004
6241,2026-08-22T06:52:00Z,c169,c027,25473
6242,2026-08-22T06:57:00Z,u-mule-02-0,m036,2477
6243,2026-08-22T07:01:00Z,c135,m034,17867
6244,2026-08-22T07:06:00Z,c044,x-takeover-13-0,69000
6245,2026-08-22T07:09:00Z,c135,c077,17247
6246,2026-08-22T07:09:00Z,c138,m028,8859
6247,2026-08-22T07:33:00Z,c040,m000,19992
6248,2026-08-22T07:46:00Z,c040,m010,20177
6249,2026-08-22T08:02:00Z,c060,m023,14257
6250,2026-08-22T08:04:00Z,c109,m032,1936
6251,2026-08-22T08:06:00Z,c098,m033,9551
6252,2026-08-22T08:11:00Z,c170,m011,1693
6253,2026-08-22T08:14:00Z,c063,m029,3174
6254,2026-08-22T08:20:00Z,c135,c119,19010
6255,2026-08-22T08:33:00Z,c053,m036,24844
6256,2026-08-22T08:35:00Z,c057,x-structuring-13-0,970000
6257,2026-08-22T08:38:00Z,c042,m007,20549
6258,2026-08-22T08:39:00Z,u-mule-06-1,m023,1871
6259,2026-08-22T08:39:00Z,u-mule-06-3,m033,1227
6260,2026-08-22T08:42:00Z,c157,m006,13118
6261,2026-08-22T08:47:00Z,c004,m011,4775
6262,2026-08-22T08:51:00Z,u-mule-10-2,m024,2405
6263,2026-08-22T08:55:00Z,c002,c083,120000
6264,2026-08-22T09:02:00Z,c095,m018,3004
6265,2026-08-22T09:08:00Z,c042,m019,8568
6266,2026-08-22T09:11:00Z,c037,m017,26696
6267,2026-08-22T09:12:00Z,c037,m025,14468
6268,2026-08-22T09:12:00Z,c117,m028,10314
6269,2026-08-22T09:16:00Z,c117,m005,120000
6270,2026-08-22T09:17:00Z,c100,m031,8969
6271,2026-08-22T09:19:00Z,c050,m001,5821
6272,2026-08-22T09:19:00Z,c100,m017,5471
6273,2026-08-22T09:19:00Z,c121,m002,19365
6274,2026-08-22T09:22:00Z,c117,m033,10956
6275,2026-08-22T09:23:00Z,c153,m015,21409
6276,2026-08-22T09:27:00Z,c057,x-structuring-13-0,930000
6277,2026-08-22T09:28:00Z,c002,c048,3220
6278,2026-08-22T09:31:00Z,c001,m000,21131
6279,2026-08-22T09:35:00Z,c169,m029,16602
6280,2026-08-22T09:39:00Z,u-mule-06-0,m007,1200
6281,2026-08-22T09:44:00Z,c120,c073,18940
6282,2026-08-22T09:45:00Z,c079,m023,19381
6283,2026-08-22T09:46:00Z,c027,x-structuring-10-1,930000
6284,2026-08-22T09:47:00Z,c120,m029,13472
6285,2026-08-22T09:49:00Z,c040,m005,13748
6286,2026-08-22T09:49:00Z,c066,m007,5127
6287,2026-08-22T09:56:00Z,c120,m006,19647
6288,2026-08-22T10:00:00Z,c126,c047,4787
6289,2026-08-22T10:09:00Z,c111,m017,10631
6290,2026-08-22T10:16:00Z,c035,m032,50000
6291,2026-08-22T10:17:00Z,c121,m025,27630
6292,2026-08-22T10:18:00Z,c067,c163,2602
6293,2026-08-22T10:23:00Z,c021,m026,21328
6294,2026-08-22T10:23:00Z,c110,m004,17254
6295,2026-08-22T10:26:00Z,c085,m023,1270
6296,2026-08-22T10:31:00Z,c037,m006,34918
6297,2026-08-22T10:32:00Z,c042,m013,34497
6298,2026-08-22T10:33:00Z,c139,m034,9244
6299,2026-08-22T10:37:00Z,c092,m022,1600
6300,2026-08-22T10:40:00Z,c066,m008,3562
6301,2026-08-22T10:40:00Z,c153,m009,20594
6302,2026-08-22T10:43:00Z,c092,m035,2383
6303,2026-08-22T10:43:00Z,c127,m015,2961
6304,2026-08-22T10:44:00Z,c135,m029,17677
6305,2026-08-22T10:45:00Z,c038,m024,3254
6306,2026-08-22T10:47:00Z,c092,m022,3638
6307,2026-08-22T10:48:00Z,c021,m031,8186
6308,2026-08-22T10:51:00Z,c032,m006,1575
6309,2026-08-22T10:53:00Z,c042,m030,27894
6310,2026-08-22T10:53:00Z,c066,m008,6816
6311,2026-08-22T10:55:00Z,c046,c098,3531
6312,2026-08-22T10:59:00Z,c103,m026,1075
6313,2026-08-22T11:04:00Z,c066,m023,5288
6314,2026-08-22T11:07:00Z,c032,m011,943
6315,2026-08-22T11:09:00Z,c048,m006,9498
6316,2026-08-22T11:16:00Z,u-mule-12-3,m024,1499
6317,2026-08-22T11:28:00Z,c001,m016,5641
6318,2026-08-22T11:28:00Z,c111,m038,18086
6319,2026-08-22T11:29:00Z,c009,c117,2594
6320,2026-08-22T11:30:00Z,c015,m017,15561
6321,2026-08-22T11:31:00Z,c019,m012,5789
6322,2026-08-22T11:31:00Z,c022,m031,767
6323,2026-08-22T11:39:00Z,c006,c055,7937
6324,2026-08-22T11:39:00Z,u-mule-06-2,m035,974
6325,2026-08-22T11:43:00Z,c090,m015,34323
6326,2026-08-22T11:48:00Z,c090,m008,16496
6327,2026-08-22T11:49:00Z,c090,c129,21766
6328,2026-08-22T11:49:00Z,c099,m027,2853
6329,2026-08-22T11:52:00Z,c070,m021,7344
6330,2026-08-22T11:58:00Z,c070,m021,4522
6331,2026-08-22T12:02:00Z,c035,c005,1000
6332,2026-08-22T12:03:00Z,c159,m005,1129
6333,2026-08-22T12:07:00Z,c041,c004,4002
6334,2026-08-22T12:11:00Z,c056,m011,14444
6335,2026-08-22T12:11:00Z,c065,m030,13320
6336,2026-08-22T12:12:00Z,c000,m027,56186
6337,2026-08-22T12:14:00Z,c037,c061,11820
6338,2026-08-22T12:16:00Z,c037,c122,41474
6339,2026-08-22T12:16:00Z,u-mule-12-2,m004,1323
6340,2026-08-22T12:17:00Z,c107,m015,1353
6341,2026-08-22T12:18:00Z,c139,m032,18554
6342,2026-08-22T12:22:00Z,c115,x-structuring-11-1,940000
6343,2026-08-22T12:23:00Z,c119,m003,753
6344,2026-08-22T12:25:00Z,c021,c012,15869
6345,2026-08-22T12:25:00Z,c037,m003,17888
6346,2026-08-22T12:26:00Z,c064,m004,7285
6347,2026-08-22T12:28:00Z,c119,c128,1121
6348,2026-08-22T12:29:00Z,c119,m011,1028
6349,2026-08-22T12:30:00Z,c165,c049,2681
6350,2026-08-22T12:31:00Z,c110,c090,240000
6351,2026-08-22T12:32:00Z,c119,m021,1290
6352,2026-08-22T12:37:00Z,c034,m022,14072
6353,2026-08-22T12:40:00Z,c060,m029,13464
6354,2026-08-22T12:41:00Z,c179,c094,1024
6355,2026-08-22T12:44:00Z,c093,m023,766
6356,2026-08-22T12:48:00Z,c138,m028,15974
6357,2026-08-22T12:52:00Z,c035,m029,1054
6358,2026-08-22T12:52:00Z,c110,x-structuring-08-0,950000
6359,2026-08-22T13:00:00Z,c159,m018,1673
6360,2026-08-22T13:02:00Z,c059,m019,10943
6361,2026-08-22T13:04:00Z,c065,m004,77154
6362,2026-08-22T13:04:00Z,c144,m006,3485
6363,2026-08-22T13:05:00Z,c009,m011,60000
6364,2026-08-22T13:07:00Z,c046,m009,8790
6365,2026-08-22T13:16:00Z,c110,x-structuring-08-0,920000
6366,2026-08-22T13:19:00Z,c028,m031,725
6367,2026-08-22T13:19:00Z,c074,m021,3908
6368,2026-08-22T13:31:00Z,c099,m027,1365
6369,2026-08-22T13:35:00Z,c101,m030,9923
6370,2026-08-22T13:37:00Z,c101,m018,4665
6371,2026-08-22T13:41:00Z,c066,c125,4786
6372,2026-08-22T13:42:00Z,c061,m026,9831
6373,2026-08-22T13:44:00Z,c058,m002,3740
6374,2026-08-22T13:45:00Z,c035,m004,2311
6375,2026-08-22T13:45:00Z,c065,m004,15465
6376,2026-08-22T13:47:00Z,c101,m031,3645
6377,2026-08-22T13:48:00Z,u-mule-07-2,m019,1445
6378,2026-08-22T13:50:00Z,c034,m018,16544
6379,2026-08-22T13:50:00Z,c101,m037,4366
6380,2026-08-22T13:52:00Z,c162,m005,7383
6381,2026-08-22T13:55:00Z,c079,m006,17623
6382,2026-08-22T13:57:00Z,c019,m004,33449
6383,2026-08-22T13:58:00Z,c122,m033,5329
6384,2026-08-22T14:02:00Z,c074,c010,9585
6385,2026-08-22T14:02:00Z,c130,c095,5631
6386,2026-08-22T14:04:00Z,c029,m018,4131
6387,2026-08-22T14:06:00Z,c007,m036,13340
6388,2026-08-22T14:07:00Z,c028,m029,2447
6389,2026-08-22T14:07:00Z,c107,m038,1605
6390,2026-08-22T14:08:00Z,c001,m016,15526
6391,2026-08-22T14:08:00Z,c107,m025,616
6392,2026-08-22T14:11:00Z,c157,c021,15920
6393,2026-08-22T14:15:00Z,c067,m008,742
6394,2026-08-22T14:19:00Z,c127,m000,3577
6395,2026-08-22T14:19:00Z,c158,m025,3289
6396,2026-08-22T14:20:00Z,c067,m035,3002
6397,2026-08-22T14:20:00Z,c080,m036,1823
6398,2026-08-22T14:21:00Z,c024,c083,2459
6399,2026-08-22T14:26:00Z,c071,m030,3636
6400,2026-08-22T14:32:00Z,c037,m003,17265
6401,2026-08-22T14:34:00Z,c015,c073,22838
6402,2026-08-22T14:37:00Z,c079,m012,7445
6403,2026-08-22T14:38:00Z,c041,m000,3124
6404,2026-08-22T14:43:00Z,c024,m035,2013
6405,2026-08-22T14:46:00Z,c156,m022,22183
6406,2026-08-22T14:51:00Z,c104,m031,5204
6407,2026-08-22T14:51:00Z,c156,m001,16536
6408,2026-08-22T14:51:00Z,u-mule-10-1,m031,1083
6409,2026-08-22T14:52:00Z,c113,m011,6112
6410,2026-08-22T14:58:00Z,c074,m017,5848
6411,2026-08-22T14:58:00Z,c130,m033,7208
6412,2026-08-22T14:58:00Z,c156,c045,31546
6413,2026-08-22T15:00:00Z,c062,m011,4907
6414,2026-08-22T15:04:00Z,c064,m015,8127
6415,2026-08-22T15:11:00Z,c047,c065,7754
6416,2026-08-22T15:12:00Z,c041,m036,3783
6417,2026-08-22T15:16:00Z,u-mule-12-0,m013,3900
6418,2026-08-22T15:19:00Z,c041,m001,3326
6419,2026-08-22T15:20:00Z,c160,m000,15327
6420,2026-08-22T15:21:00Z,c094,m004,29175
6421,2026-08-22T15:21:00Z,c099,c011,1947
6422,2026-08-22T15:24:00Z,c159,m031,1546
6423,2026-08-22T15:25:00Z,c079,m039,16668
6424,2026-08-22T15:40:00Z,c069,m016,999
6425,2026-08-22T15:41:00Z,c089,m009,24194
6426,2026-08-22T15:43:00Z,c088,m021,10238
6427,2026-08-22T15:44:00Z,c160,m026,8031
6428,2026-08-22T15:46:00Z,c023,m038,50000
6429,2026-08-22T15:48:00Z,u-mule-07-0,m015,1950
6430,2026-08-22T15:48:00Z,u-mule-07-3,m030,1967
6431,2026-08-22T15:51:00Z,c122,m018,120000
6432,2026-08-22T15:52:00Z,c017,c024,28268
6433,2026-08-22T15:52:00Z,c102,c093,3810
6434,2026-08-22T16:00:00Z,c046,c073,7071
6435,2026-08-22T16:00:00Z,c175,m000,1347
6436,2026-08-22T16:02:00Z,c074,m036,6118
6437,2026-08-22T16:04:00Z,c022,c066,1945
6438,2026-08-22T16:06:00Z,c018,m022,20675
6439,2026-08-22T16:10:00Z,c041,m017,2139
6440,2026-08-22T16:11:00Z,c062,m024,7310
6441,2026-08-22T16:11:00Z,c168,c108,18384
6442,2026-08-22T16:13:00Z,c020,m005,17297
6443,2026-08-22T16:15:00Z,c020,m020,11640
6444,2026-08-22T16:19:00Z,c020,m025,11682
6445,2026-08-22T16:21:00Z,c039,m005,5679
6446,2026-08-22T16:21:00Z,c051,m015,12975
6447,2026-08-22T16:25:00Z,c020,c143,12299
6448,2026-08-22T16:25:00Z,c073,m004,11446
6449,2026-08-22T16:37:00Z,c033,c084,1082
6450,2026-08-22T16:37:00Z,c073,m029,8745
6451,2026-08-22T16:38:21Z,c018,x-burst-05-0,17783
6452,2026-08-22T16:39:50Z,c018,x-burst-05-1,45590
6453,2026-08-22T16:40:34Z,c018,x-burst-05-1,32308
6454,2026-08-22T16:41:06Z,c018,x-burst-05-1,21180
6455,2026-08-22T16:42:09Z,c018,x-burst-05-1,15486
6456,2026-08-22T16:43:00Z,c155,c056,1601
6457,2026-08-22T16:43:01Z,c018,x-burst-05-0,25274
6458,2026-08-22T16:43:30Z,c018,x-burst-05-1,49543
6459,2026-08-22T16:44:48Z,c018,x-burst-05-1,50432
6460,2026-08-22T16:46:00Z,c149,m004,2778
6461,2026-08-22T16:49:00Z,c082,c039,28855
6462,2026-08-22T16:50:00Z,c047,m003,8501
6463,2026-08-22T16:52:00Z,c003,m026,1858
6464,2026-08-22T16:59:00Z,c049,m012,2209
6465,2026-08-22T17:00:00Z,c073,c158,11730
6466,2026-08-22T17:00:00Z,c168,c091,14172
6467,2026-08-22T17:05:00Z,c136,m003,13254
6468,2026-08-22T17:08:00Z,c028,m031,3075
6469,2026-08-22T17:11:00Z,c108,m035,7786
6470,2026-08-22T17:14:00Z,c017,m000,40145
6471,2026-08-22T17:15:00Z,c056,m003,9300
6472,2026-08-22T17:16:00Z,u-mule-12-1,m017,1182
6473,2026-08-22T17:20:00Z,c074,c171,11110
6474,2026-08-22T17:26:00Z,c039,c075,7549
6475,2026-08-22T17:26:00Z,c096,m006,12284
6476,2026-08-22T17:27:00Z,c162,m026,13438
6477,2026-08-22T17:31:00Z,c175,m028,2251
6478,2026-08-22T17:38:00Z,c033,m003,50000
6479,2026-08-22T17:38:00Z,c118,m031,1345
6480,2026-08-22T17:39:00Z,c072,c135,9061
6481,2026-08-22T17:39:00Z,c162,m024,21507
6482,2026-08-22T17:41:00Z,c122,m028,3660
6483,2026-08-22T17:45:00Z,c055,c070,2999
6484,2026-08-22T17:46:00Z,c012,m021,1901
6485,2026-08-22T17:48:00Z,u-mule-07-1,m028,1855
6486,2026-08-22T17:59:00Z,c144,c174,5010
6487,2026-08-22T18:04:00Z,c155,m039,2050
6488,2026-08-22T18:04:00Z,c164,m011,30925
6489,2026-08-22T18:09:00Z,c176,m033,3489
6490,2026-08-22T18:10:00Z,c036,c077,7453
6491,2026-08-22T18:11:00Z,c028,m005,904
6492,2026-08-22T18:12:00Z,c049,m012,1801
6493,2026-08-22T18:14:00Z,c036,m008,11877
6494,2026-08-22T18:16:00Z,c036,m012,16014
6495,2026-08-22T18:21:00Z,c010,m039,2816
6496,2026-08-22T18:22:00Z,c036,m026,20728
6497,2026-08-22T18:31:00Z,c091,m024,2460
6498,2026-08-22T18:33:00Z,c062,c047,8159
6499,2026-08-22T18:43:00Z,c106,m022,6573
6500,2026-08-22T18:47:00Z,c075,m006,21530
6501,2026-08-22T18:48:00Z,c128,m022,2061
6502,2026-08-22T18:49:00Z,c014,m010,3440
6503,2026-08-22T18:55:00Z,c160,m011,7231
6504,2026-08-22T18:56:00Z,c081,m039,2469
6505,2026-08-22T19:03:00Z,c116,c092,3881
6506,2026-08-22T19:04:00Z,c091,m021,8416
6507,2026-08-22T19:09:00Z,c049,m019,1360
6508,2026-08-22T19:09:00Z,c173,m013,4817
6509,2026-08-22T19:15:00Z,c125,x-structuring-07-0,910000
6510,2026-08-22T19:18:00Z,c073,m004,25416
6511,2026-08-22T19:18:42Z,c025,x-burst-01-0,17169
6512,2026-08-22T19:19:31Z,c025,x-burst-01-1,28114
6513,2026-08-22T19:20:09Z,c025,x-burst-01-1,25211
6514,2026-08-22T19:20:56Z,c025,x-burst-01-1,33379
6515,2026-08-22T19:21:54Z,c025,x-burst-01-2,32652
6516,2026-08-22T19:22:53Z,c025,x-burst-01-0,16851
6517,2026-08-22T19:23:25Z,c025,x-burst-01-2,32478
6518,2026-08-22T19:25:00Z,c084,m037,8147
6519,2026-08-22T19:26:00Z,c014,c059,1724
6520,2026-08-22T19:41:00Z,c152,u-mule-05-0,180000
6521,2026-08-22T19:44:00Z,c055,c070,3816
6522,2026-08-22T19:48:00Z,c011,m026,692
6523,2026-08-22T19:48:00Z,u-mule-05-0,u-mule-05-1,174600
6524,2026-08-22T19:54:00Z,c049,m015,672
6525,2026-08-22T19:58:00Z,c097,m010,2004
6526,2026-08-22T20:06:00Z,u-mule-05-1,u-mule-05-2,167616
6527,2026-08-22T20:07:00Z,c112,c065,8395
6528,2026-08-22T20:08:00Z,c088,m025,14613
6529,2026-08-22T20:11:00Z,c068,c054,18130
6530,2026-08-22T20:11:00Z,c102,c151,3747
6531,2026-08-22T20:14:00Z,c014,m007,2475
6532,2026-08-22T20:14:00Z,c152,m017,14351
6533,2026-08-22T20:16:00Z,c081,m008,1099
6534,2026-08-22T20:17:00Z,c087,c052,14897
6535,2026-08-22T20:21:00Z,u-mule-05-2,x-mule-05-0,164263
6536,2026-08-22T20:29:00Z,c082,c039,24723
6537,2026-08-22T20:34:00Z,c102,m011,5120
6538,2026-08-22T20:36:00Z,c087,m021,55637
6539,2026-08-22T20:41:00Z,c160,c065,12061
6540,2026-08-22T20:44:00Z,c096,c037,16084
6541,2026-08-22T20:48:00Z,c148,m032,400000
6542,2026-08-22T20:58:00Z,c054,m013,3500
6543,2026-08-22T21:00:00Z,c112,m028,5789
6544,2026-08-22T21:03:00Z,c125,x-structuring-07-1,920000
6545,2026-08-22T21:03:00Z,c167,m033,22120
6546,2026-08-22T21:04:00Z,c010,m022,3084
6547,2026-08-22T21:08:00Z,c129,m037,12008
6548,2026-08-22T21:16:00Z,c049,m022,2206
6549,2026-08-22T21:19:00Z,c118,m016,1376
6550,2026-08-22T21:30:00Z,c055,m007,2348
6551,2026-08-22T21:35:00Z,c128,m021,1498
6552,2026-08-22T21:37:00Z,c010,m009,2399
6553,2026-08-22T21:40:00Z,c083,c113,1984
6554,2026-08-22T21:42:00Z,c068,m019,12343
6555,2026-08-22T21:47:00Z,c125,c063,3662
6556,2026-08-22T21:51:00Z,c154,m016,3478
6557,2026-08-22T21:54:00Z,c132,m004,20037
6558,2026-08-22T21:55:00Z,c154,m025,120000
6559,2026-08-22T21:57:00Z,c154,c069,13087
6560,2026-08-22T21:59:00Z,c125,c073,13582
6561,2026-08-22T22:10:00Z,c068,m038,10284
6562,2026-08-22T22:48:00Z,c133,x-takeover-12-0,58500
6563,2026-08-22T22:58:00Z,c133,x-takeover-12-0,52500
6564,2026-08-22T22:58:00Z,c178,m005,4798
6565,2026-08-22T23:05:00Z,c068,m019,12316
6566,2026-08-22T23:06:00Z,c133,x-takeover-12-0,46500
6567,2026-08-22T23:09:00Z,c128,c129,1738
6568,2026-08-22T23:14:00Z,c125,m003,10991
6569,2026-08-22T23:22:00Z,c125,m001,3194
6570,2026-08-22T23:40:00Z,c161,m031,2698
6571,2026-08-23T01:00:00Z,c038,x-takeover-01-0,81000
6572,2026-08-23T01:14:00Z,c038,x-takeover-01-0,69000
6573,2026-08-23T02:54:00Z,u-mule-08-0,m006,3218
6574,2026-08-23T03:57:00Z,u-mule-02-3,m037,5423
6575,2026-08-23T04:24:00Z,c005,m027,4126
6576,2026-08-23T04:35:00Z,c098,m019,11124
6577,2026-08-23T04:54:00Z,u-mule-08-1,m014,1803
6578,2026-08-23T05:14:00Z,c063,m011,3226
6579,2026-08-23T05:33:00Z,c021,m002,24508
6580,2026-08-23T05:40:00Z,c169,m014,22426
6581,2026-08-23T05:44:00Z,c100,m012,4030
6582,2026-08-23T05:48:00Z,c090,m008,23666
6583,2026-08-23T05:57:00Z,u-mule-02-2,m036,1508
6584,2026-08-23T06:06:00Z,c030,m037,1126
6585,2026-08-23T06:20:00Z,c021,m038,11544
6586,2026-08-23T06:25:00Z,c006,m034,21884
6587,2026-08-23T06:29:00Z,c031,m022,2682
6588,2026-08-23T06:29:00Z,c151,c017,2266
6589,2026-08-23T06:34:00Z,c031,c103,4640
6590,2026-08-23T06:39:00Z,c031,m002,60000
6591,2026-08-23T06:40:00Z,c169,m029,43082
6592,2026-08-23T06:46:00Z,c121,m025,24826
6593,2026-08-23T06:50:00Z,c171,m003,9954
6594,2026-08-23T06:54:00Z,c045,m000,2189
6595,2026-08-23T07:03:00Z,c057,x-structuring-13-0,930000
6596,2026-08-23T07:16:00Z,c006,m002,6360
6597,2026-08-23T07:17:00Z,c095,m007,4113
6598,2026-08-23T07:23:00Z,c169,m014,29784
6599,2026-08-23T07:24:00Z,c057,x-structuring-13-0,990000
6600,2026-08-23T07:24:00Z,c135,m034,41478
6601,2026-08-23T07:39:00Z,u-mule-06-1,m022,1747
6602,2026-08-23T07:39:00Z,u-mule-06-3,m008,2761
6603,2026-08-23T07:43:00Z,c153,m003,22450
6604,2026-08-23T07:46:00Z,c063,c104,3285
6605,2026-08-23T07:50:00Z,c027,x-structuring-10-1,920000
6606,2026-08-23T07:57:00Z,u-mule-02-1,m027,1769
6607,2026-08-23T08:02:00Z,c021,m002,20813
6608,2026-08-23T08:02:00Z,c135,m037,17922
6609,2026-08-23T08:07:00Z,c066,m004,3883
6610,2026-08-23T08:09:00Z,c066,m008,4282
6611,2026-08-23T08:14:00Z,c027,x-structuring-10-1,950000
6612,2026-08-23T08:18:00Z,c008,m028,3819
6613,2026-08-23T08:21:00Z,c153,m003,11932
6614,2026-08-23T08:28:00Z,c027,m016,3613
6615,2026-08-23T08:37:00Z,c098,m038,9756
6616,2026-08-23T08:39:00Z,c040,m019,19043
6617,2026-08-23T08:51:00Z,c021,m026,11770
6618,2026-08-23T08:57:00Z,u-mule-02-0,m004,2121
6619,2026-08-23T08:58:00Z,c107,m025,528
6620,2026-08-23T08:59:00Z,c043,m038,49707
6621,2026-08-23T09:01:00Z,c078,c054,2961
6622,2026-08-23T09:04:00Z,c043,m018,20128
6623,2026-08-23T09:10:00Z,c006,c026,16918
6624,2026-08-23T09:11:00Z,c043,m022,10653
6625,2026-08-23T09:15:00Z,c137,m015,6145
6626,2026-08-23T09:22:00Z,c070,m036,4510
6627,2026-08-23T09:23:00Z,c050,c063,3386
6628,2026-08-23T09:24:00Z,c037,c122,29099
6629,2026-08-23T09:25:00Z,c162,c003,7955
6630,2026-08-23T09:27:00Z,c169,m009,17705
6631,2026-08-23T09:30:00Z,c005,m018,5092
6632,2026-08-23T09:37:00Z,c114,m008,18650
6633,2026-08-23T09:39:00Z,u-mule-06-0,m008,1308
6634,2026-08-23T09:40:00Z,c002,m014,6461
6635,2026-08-23T09:43:00Z,c115,x-structuring-11-0,950000
6636,2026-08-23T09:49:00Z,c070,m036,3499
6637,2026-08-23T09:49:00Z,c162,m024,21165
6638,2026-08-23T09:51:00Z,c133,c155,1219
6639,2026-08-23T09:51:00Z,u-mule-10-3,m027,4867
6640,2026-08-23T09:52:00Z,c057,m009,1493
6641,2026-08-23T09:55:00Z,c006,m003,9348
6642,2026-08-23T09:58:00Z,c127,m000,6068
6643,2026-08-23T09:59:00Z,c114,m034,7430
6644,2026-08-23T09:59:00Z,c115,x-structuring-11-1,980000
6645,2026-08-23T10:04:00Z,c037,m006,35692
6646,2026-08-23T10:08:00Z,c059,m032,15409
6647,2026-08-23T10:11:00Z,c029,m019,4981
6648,2026-08-23T10:11:00Z,c089,m019,17551
6649,2026-08-23T10:14:00Z,c153,m025,57239
6650,2026-08-23T10:18:00Z,c149,m003,2406
6651,2026-08-23T10:19:00Z,c114,m008,43569
6652,2026-08-23T10:24:00Z,c110,m004,11486
6653,2026-08-23T10:27:00Z,c076,m005,24241
6654,2026-08-23T10:30:00Z,c092,m037,1332
6655,2026-08-23T10:32:00Z,c136,c048,11295
6656,2026-08-23T10:38:00Z,c066,c173,7299
6657,2026-08-23T10:46:00Z,c119,m020,1366
6658,2026-08-23T10:51:00Z,u-mule-10-2,m015,1629
6659,2026-08-23T10:58:00Z,c020,m031,14870
6660,2026-08-23T10:58:00Z,c110,x-structuring-08-0,920000
6661,2026-08-23T11:04:00Z,c110,x-structuring-08-0,910000
6662,2026-08-23T11:05:00Z,c139,m026,18761
6663,2026-08-23T11:09:00Z,c065,m004,11547
6664,2026-08-23T11:09:00Z,c109,c177,50000
6665,2026-08-23T11:10:00Z,c006,c055,6679
6666,2026-08-23T11:16:00Z,c092,m030,1487
6667,2026-08-23T11:21:00Z,c079,m018,16413
6668,2026-08-23T11:23:00Z,c144,c174,7030
6669,2026-08-23T11:24:00Z,c009,c117,1736
6670,2026-08-23T11:24:00Z,c174,m022,1139
6671,2026-08-23T11:36:00Z,c149,m010,6139
6672,2026-08-23T11:39:00Z,u-mule-06-2,m009,2009
6673,2026-08-23T11:41:00Z,c095,m031,1846
6674,2026-08-23T11:43:00Z,c139,m032,12702
6675,2026-08-23T11:44:00Z,c037,c061,18699
6676,2026-08-23T11:44:00Z,c038,m017,2524
6677,2026-08-23T11:46:00Z,c074,m007,3071
6678,2026-08-23T11:46:00Z,c079,m023,18067
6679,2026-08-23T11:47:00Z,c035,m011,2466
6680,2026-08-23T11:48:00Z,c041,m000,5640
6681,2026-08-23T11:48:00Z,c162,c161,7185
6682,2026-08-23T11:51:00Z,u-mule-10-0,m005,2488
6683,2026-08-23T11:51:00Z,u-mule-10-1,m005,4327
6684,2026-08-23T11:54:00Z,c030,m037,1018
6685,2026-08-23T11:54:00Z,c092,m016,899
6686,2026-08-23T11:57:00Z,c105,m013,1032
6687,2026-08-23T11:58:00Z,c041,c004,2748
6688,2026-08-23T12:01:00Z,c050,m015,7723
6689,2026-08-23T12:03:00Z,c120,m028,12308
6690,2026-08-23T12:06:00Z,c015,m030,24365
6691,2026-08-23T12:08:00Z,c168,m024,9986
6692,2026-08-23T12:09:00Z,c101,c022,5607
6693,2026-08-23T12:17:00Z,c099,m011,896
6694,2026-08-23T12:20:00Z,c159,m034,3058
6695,2026-08-23T12:22:00Z,c058,m002,4516
6696,2026-08-23T12:26:00Z,c029,c178,3040
6697,2026-08-23T12:26:00Z,c170,m029,3829
6698,2026-08-23T12:28:00Z,c042,m007,17616
6699,2026-08-23T12:29:00Z,c002,m038,4467
6700,2026-08-23T12:30:00Z,c099,m027,1677
6701,2026-08-23T12:32:00Z,u-mule-03-0,m028,1194
6702,2026-08-23T12:34:00Z,c067,m008,1314
6703,2026-08-23T12:37:00Z,c099,c011,1895
6704,2026-08-23T12:45:00Z,c066,c173,4455
6705,2026-08-23T12:45:00Z,c067,m006,1747
6706,2026-08-23T12:46:00Z,c070,m024,6897
6707,2026-08-23T12:47:00Z,c056,m010,11882
6708,2026-08-23T12:47:00Z,c156,c045,38893
6709,2026-08-23T12:49:00Z,c103,m025,1691
6710,2026-08-23T12:50:00Z,c056,c144,240000
6711,2026-08-23T12:51:00Z,c101,m018,5423
6712,2026-08-23T12:51:00Z,c119,m003,50000
6713,2026-08-23T12:55:00Z,c050,c005,5629
6714,2026-08-23T12:57:00Z,c168,c091,22219
6715,2026-08-23T12:58:00Z,c035,m037,1631
6716,2026-08-23T12:58:00Z,c065,c038,29870
6717,2026-08-23T13:01:00Z,c001,c133,6664
6718,2026-08-23T13:03:00Z,c004,m031,2361
6719,2026-08-23T13:03:00Z,c056,c039,10296
6720,2026-08-23T13:05:00Z,c001,m000,13291
6721,2026-08-23T13:07:00Z,c001,m012,11886
6722,2026-08-23T13:10:00Z,c117,m033,4295
6723,2026-08-23T13:13:00Z,c115,c077,18214
6724,2026-08-23T13:14:00Z,c122,m002,8618
6725,2026-08-23T13:33:00Z,c027,m024,904
6726,2026-08-23T13:34:00Z,c019,m008,13605
6727,2026-08-23T13:34:00Z,c078,m011,3615
6728,2026-08-23T13:37:00Z,c060,m034,19176
6729,2026-08-23T13:37:00Z,c122,c144,2979
6730,2026-08-23T13:49:00Z,u-mule-04-2,m010,1708
6731,2026-08-23T13:50:00Z,c013,m014,17642
6732,2026-08-23T13:52:00Z,c019,m004,46836
6733,2026-08-23T13:52:00Z,c099,m027,1448
6734,2026-08-23T13:53:00Z,c074,c010,9641
6735,2026-08-23T13:54:00Z,c136,c120,11938
6736,2026-08-23T13:57:00Z,c013,c078,11177
6737,2026-08-23T13:58:00Z,c002,c048,3600
6738,2026-08-23T13:59:00Z,c174,m038,890
6739,2026-08-23T14:08:00Z,c029,m037,2642
6740,2026-08-23T14:21:00Z,c145,m039,4003
6741,2026-08-23T14:30:00Z,c003,m032,638
6742,2026-08-23T14:31:00Z,c015,m029,23055
6743,2026-08-23T14:32:00Z,c000,m036,16692
6744,2026-08-23T14:35:00Z,c061,m026,8022
6745,2026-08-23T14:37:00Z,c003,m026,3321
6746,2026-08-23T14:39:00Z,c062,c110,14567
6747,2026-08-23T14:44:00Z,c127,m030,6870
6748,2026-08-23T14:47:00Z,c007,m019,24348
6749,2026-08-23T14:48:00Z,c141,m027,1616
6750,2026-08-23T14:59:00Z,c033,m038,1191
6751,2026-08-23T15:04:00Z,c013,m026,14564
6752,2026-08-23T15:04:00Z,c140,m009,1642
6753,2026-08-23T15:08:00Z,c020,c143,22515
6754,2026-08-23T15:08:00Z,c116,m036,9250
6755,2026-08-23T15:11:00Z,c022,m010,1384
6756,2026-08-23T15:14:00Z,c154,m007,9727
6757,2026-08-23T15:21:00Z,c071,m000,4902
6758,2026-08-23T15:21:00Z,c141,m027,909
6759,2026-08-23T15:25:00Z,c155,c056,1493
6760,2026-08-23T15:26:00Z,c146,c012,17095
6761,2026-08-23T15:32:00Z,u-mule-03-2,m036,1494
6762,2026-08-23T15:38:00Z,c051,m004,4932
6763,2026-08-23T15:38:00Z,c132,m034,18864
6764,2026-08-23T15:40:00Z,c051,c102,3168
6765,2026-08-23T15:42:00Z,c102,c151,5992
6766,2026-08-23T15:46:00Z,c149,m022,5335
6767,2026-08-23T15:48:00Z,c051,m032,5744
6768,2026-08-23T15:49:00Z,c015,m009,35907
6769,2026-08-23T15:49:00Z,u-mule-04-1,m038,2706
6770,2026-08-23T15:55:00Z,c136,m008,47657
6771,2026-08-23T15:57:00Z,c034,m023,17269
6772,2026-08-23T15:58:00Z,c067,c163,1029
6773,2026-08-23T16:01:00Z,c160,m003,5910
6774,2026-08-23T16:03:00Z,c094,m002,24592
6775,2026-08-23T16:07:00Z,c094,m004,30928
6776,2026-08-23T16:09:00Z,c094,m004,36066
6777,2026-08-23T16:13:00Z,c023,m039,428
6778,2026-08-23T16:15:00Z,c094,c128,38133
6779,2026-08-23T16:17:00Z,c017,m000,19417
6780,2026-08-23T16:17:00Z,c134,c101,31236
6781,2026-08-23T16:17:00Z,c158,c179,837
6782,2026-08-23T16:17:35Z,c051,x-burst-02-0,7927
6783,2026-08-23T16:17:58Z,c051,x-burst-02-2,6579
6784,2026-08-23T16:19:25Z,c051,x-burst-02-0,12492
6785,2026-08-23T16:20:08Z,c051,x-burst-02-1,16049
6786,2026-08-23T16:20:33Z,c051,x-burst-02-1,16410
6787,2026-08-23T16:21:00Z,c023,m038,1487
6788,2026-08-23T16:21:00Z,c122,c039,4116
6789,2026-08-23T16:21:42Z,c051,x-burst-02-1,6057
6790,2026-08-23T16:23:00Z,c154,c065,2341
6791,2026-08-23T16:27:00Z,c000,m036,21019
6792,2026-08-23T16:28:00Z,c154,c009,6219
6793,2026-08-23T16:32:00Z,c158,m010,760
6794,2026-08-23T16:33:00Z,c154,m028,9226
6795,2026-08-23T16:37:00Z,c176,m037,3573
6796,2026-08-23T16:39:00Z,c104,c156,13729
6797,2026-08-23T16:43:00Z,c079,m006,240000
6798,2026-08-23T16:47:00Z,c146,c162,7557
6799,2026-08-23T16:48:00Z,c073,c154,15478
6800,2026-08-23T16:48:00Z,c172,c148,1762
6801,2026-08-23T16:48:00Z,c178,c042,2227
6802,2026-08-23T16:49:00Z,c003,m032,1349
6803,2026-08-23T16:49:00Z,c178,m011,4974
6804,2026-08-23T16:50:00Z,c142,m014,14259
6805,2026-08-23T16:55:00Z,c046,c098,4087
6806,2026-08-23T16:57:00Z,c106,m036,9567
6807,2026-08-23T17:00:00Z,c064,c149,5595
6808,2026-08-23T17:00:00Z,c073,m029,8763
6809,2026-08-23T17:03:00Z,c010,m023,1714
6810,2026-08-23T17:03:00Z,c056,m023,11304
6811,2026-08-23T17:04:00Z,c048,m023,10348
6812,2026-08-23T17:06:00Z,c048,m007,7179
6813,2026-08-23T17:08:00Z,c010,m009,2604
6814,2026-08-23T17:11:00Z,c055,m038,3056
6815,2026-08-23T17:13:00Z,c028,m031,984
6816,2026-08-23T17:13:00Z,c176,m037,13941
6817,2026-08-23T17:14:00Z,c061,c055,9870
6818,2026-08-23T17:15:00Z,c010,m039,2746
6819,2026-08-23T17:16:00Z,c010,u-mule-12-0,66000
6820,2026-08-23T17:16:00Z,c048,m007,9255
6821,2026-08-23T17:19:00Z,c116,m009,3672
6822,2026-08-23T17:21:00Z,c172,m014,887
6823,2026-08-23T17:26:00Z,c022,m010,1699
6824,2026-08-23T17:26:00Z,c132,m004,18833
6825,2026-08-23T17:27:00Z,c044,c147,3265
6826,2026-08-23T17:29:00Z,c148,m001,21511
6827,2026-08-23T17:29:00Z,u-mule-12-0,u-mule-12-1,64020
6828,2026-08-23T17:30:00Z,c083,m023,3480
6829,2026-08-23T17:30:00Z,c167,m032,18583
6830,2026-08-23T17:34:00Z,c083,c028,4862
6831,2026-08-23T17:40:00Z,c028,m037,1099
6832,2026-08-23T17:40:00Z,c122,m034,5344
6833,2026-08-23T17:40:00Z,c148,m013,21198
6834,2026-08-23T17:41:00Z,c116,c092,2425
6835,2026-08-23T17:42:00Z,c083,c113,2626
6836,2026-08-23T17:44:00Z,u-mule-12-1,u-mule-12-2,61459
6837,2026-08-23T17:48:00Z,c150,c071,240000
6838,2026-08-23T17:53:00Z,c167,m026,240000
6839,2026-08-23T17:56:00Z,c152,m017,15941
6840,2026-08-23T18:00:00Z,u-mule-12-2,u-mule-12-3,57156
6841,2026-08-23T18:01:00Z,c014,c084,2260
6842,2026-08-23T18:03:00Z,c012,m038,1411
6843,2026-08-23T18:08:00Z,c077,m007,400000
6844,2026-08-23T18:09:00Z,c062,m005,4708
6845,2026-08-23T18:13:00Z,c011,c177,2731
6846,2026-08-23T18:13:00Z,u-mule-12-3,x-mule-12-0,53726
6847,2026-08-23T18:20:00Z,c013,c078,23593
6848,2026-08-23T18:24:00Z,c175,c177,2201
6849,2026-08-23T18:31:00Z,c068,m030,24069
6850,2026-08-23T18:31:00Z,c102,m028,3121
6851,2026-08-23T18:33:00Z,c134,m008,400000
6852,2026-08-23T18:40:00Z,c116,m023,2545
6853,2026-08-23T18:41:00Z,c072,c097,9344
6854,2026-08-23T18:44:00Z,c077,m013,10702
6855,2026-08-23T18:49:00Z,c116,m017,4630
6856,2026-08-23T18:55:00Z,c152,m036,8786
6857,2026-08-23T18:58:00Z,c012,c171,1005
6858,2026-08-23T19:05:00Z,c091,m021,3165
6859,2026-08-23T19:05:00Z,c125,x-structuring-07-0,950000
6860,2026-08-23T19:08:00Z,c091,m021,7413
6861,2026-08-23T19:09:00Z,c049,m012,1031
6862,2026-08-23T19:13:00Z,c091,m013,10260
6863,2026-08-23T19:16:00Z,c176,c053,7642
6864,2026-08-23T19:17:00Z,c091,m021,5817
6865,2026-08-23T19:17:00Z,c091,m024,120000
6866,2026-08-23T19:18:00Z,c154,m007,7781
6867,2026-08-23T19:29:00Z,c134,m034,19797
6868,2026-08-23T19:30:00Z,c091,c069,9747
6869,2026-08-23T19:30:00Z,c161,m001,6549
6870,2026-08-23T19:39:00Z,c112,c132,4833
6871,2026-08-23T19:41:00Z,c091,m013,6670
6872,2026-08-23T19:45:00Z,c125,m034,2796
6873,2026-08-23T19:45:00Z,c148,m008,39002
6874,2026-08-23T19:46:00Z,c068,m030,12188
6875,2026-08-23T19:48:00Z,c088,u-mule-07-0,144000
6876,2026-08-23T19:53:00Z,c049,m012,1333
6877,2026-08-23T19:55:00Z,c049,m030,967
6878,2026-08-23T19:59:00Z,c172,m027,1879
6879,2026-08-23T20:04:00Z,u-mule-07-0,u-mule-07-1,138240
6880,2026-08-23T20:07:00Z,c164,m019,35217
6881,2026-08-23T20:08:00Z,c147,c125,40218
6882,2026-08-23T20:09:00Z,u-mule-07-1,u-mule-07-2,132710
6883,2026-08-23T20:12:00Z,u-mule-07-2,u-mule-07-3,128728
6884,2026-08-23T20:18:00Z,c069,m010,1345
6885,2026-08-23T20:20:00Z,c049,m031,1574
6886,2026-08-23T20:26:00Z,u-mule-07-3,x-mule-07-0,124866
6887,2026-08-23T20:45:00Z,c152,m020,240000
6888,2026-08-23T20:46:00Z,c176,m037,6986
6889,2026-08-23T20:49:00Z,c125,x-structuring-07-1,980000
6890,2026-08-23T20:53:00Z,c011,m015,1450
6891,2026-08-23T20:53:00Z,c068,c054,18895
6892,2026-08-23T21:01:00Z,c068,c054,8929
6893,2026-08-23T21:02:00Z,c130,m033,9329
6894,2026-08-23T21:07:00Z,c167,m033,10200
6895,2026-08-23T21:08:00Z,c049,m027,1449
6896,2026-08-23T21:23:00Z,c084,c056,8653
6897,2026-08-23T21:26:00Z,c167,m033,12203
6898,2026-08-23T21:46:00Z,c072,m027,5926
6899,2026-08-23T21:49:00Z,c077,m025,17845
6900,2026-08-23T21:54:00Z,c173,m013,7796
6901,2026-08-23T22:25:00Z,c072,m022,4427
6902,2026-08-23T22:51:00Z,c025,m019,10514
6903,2026-08-23T23:00:00Z,c096,m013,6603
6904,2026-08-23T23:18:00Z,c096,m015,30802
6905,2026-08-24T00:19:00Z,c025,m020,7781
6906,2026-08-24T00:44:00Z,c161,m037,3922
6907,2026-08-24T04:47:00Z,c137,c110,3520
6908,2026-08-24T04:54:00Z,u-mule-08-0,m030,2423
6909,2026-08-24T04:56:00Z,c016,m005,5894
6910,2026-08-24T04:57:00Z,u-mule-02-2,m001,1524
6911,2026-08-24T04:57:00Z,u-mule-02-3,m027,2353
6912,2026-08-24T05:15:00Z,c151,c038,2849
6913,2026-08-24T05:17:00Z,c065,m004,11092
6914,2026-08-24T05:22:00Z,c169,m007,11142
6915,2026-08-24T05:37:00Z,c005,c011,4667
6916,2026-08-24T05:40:00Z,c126,c047,4338
6917,2026-08-24T05:54:00Z,u-mule-08-2,m028,2283
6918,2026-08-24T06:02:00Z,c135,c077,55654
6919,2026-08-24T06:33:00Z,c008,c147,11066
6920,2026-08-24T06:36:00Z,c008,c063,3389
6921,2026-08-24T06:43:00Z,c008,m028,2605
6922,2026-08-24T06:54:00Z,u-mule-08-1,m030,975
6923,2026-08-24T07:00:00Z,c169,m009,29454
6924,2026-08-24T07:03:00Z,c098,m027,4195
6925,2026-08-24T07:11:00Z,c115,m020,13717
6926,2026-08-24T07:43:00Z,c095,m011,4806
6927,2026-08-24T07:44:00Z,c151,c017,3871
6928,2026-08-24T07:46:00Z,c057,x-structuring-13-0,900000
6929,2026-08-24T07:47:00Z,c095,m011,3233
6930,2026-08-24T07:48:00Z,c095,c022,3799
6931,2026-08-24T07:54:00Z,c042,c128,13895
6932,2026-08-24T07:56:00Z,c021,c158,13168
6933,2026-08-24T07:57:00Z,u-mule-02-0,m030,4152
6934,2026-08-24T07:58:00Z,c117,m033,3654
6935,2026-08-24T08:07:00Z,c135,c116,36779
6936,2026-08-24T08:11:00Z,c109,m028,3376
6937,2026-08-24T08:35:00Z,c027,m016,1981
6938,2026-08-24T08:44:00Z,c133,m023,912
6939,2026-08-24T08:45:00Z,c050,m030,1732
6940,2026-08-24T08:57:00Z,u-mule-02-1,m008,3711
6941,2026-08-24T09:04:00Z,c109,m028,2529
6942,2026-08-24T09:06:00Z,c119,m020,977
6943,2026-08-24T09:14:00Z,c006,m025,24501
6944,2026-08-24T09:16:00Z,c078,m031,4278
6945,2026-08-24T09:16:22Z,c121,x-burst-03-0,33407
6946,2026-08-24T09:17:00Z,c126,c086,7463
6947,2026-08-24T09:17:18Z,c121,x-burst-03-0,25445
6948,2026-08-24T09:18:28Z,c121,x-burst-03-0,34515
6949,2026-08-24T09:19:00Z,c078,c171,4177
6950,2026-08-24T09:19:19Z,c121,x-burst-03-0,24194
6951,2026-08-24T09:20:27Z,c121,x-burst-03-0,39447
6952,2026-08-24T09:20:52Z,c121,x-burst-03-0,64568
6953,2026-08-24T09:21:16Z,c121,x-burst-03-0,24111
6954,2026-08-24T09:22:44Z,c121,x-burst-03-0,12822
6955,2026-08-24T09:23:51Z,c121,x-burst-03-0,7362
6956,2026-08-24T09:24:00Z,c078,m011,1972
6957,2026-08-24T09:24:26Z,c121,x-burst-03-0,21700
6958,2026-08-24T09:25:00Z,c121,x-burst-03-0,31569
6959,2026-08-24T09:26:00Z,c078,m011,2922
6960,2026-08-24T09:31:00Z,c078,m001,3737
6961,2026-08-24T09:34:00Z,c015,m009,53725
6962,2026-08-24T09:34:00Z,c078,m011,2255
6963,2026-08-24T09:37:00Z,c040,c171,19986
6964,2026-08-24T09:40:00Z,c135,m029,17089
6965,2026-08-24T09:42:00Z,c004,c166,5245
6966,2026-08-24T09:44:00Z,c021,m018,25394
6967,2026-08-24T09:45:00Z,c076,m009,22560
6968,2026-08-24T09:47:00Z,c037,m006,400000
6969,2026-08-24T09:49:00Z,u-mule-04-1,m022,1179
6970,2026-08-24T09:51:00Z,u-mule-10-0,m013,1837
6971,2026-08-24T09:52:00Z,c078,c171,3480
6972,2026-08-24T09:55:00Z,c030,m037,1755
6973,2026-08-24T09:56:00Z,c032,m039,1424
6974,2026-08-24T09:56:00Z,c043,c095,23007
6975,2026-08-24T10:01:00Z,c045,c018,3507
6976,2026-08-24T10:04:00Z,c151,c038,3898
6977,2026-08-24T10:05:00Z,c034,m026,15950
6978,2026-08-24T10:18:00Z,c059,m027,24554
6979,2026-08-24T10:21:00Z,c009,m014,3638
6980,2026-08-24T10:21:00Z,c171,m015,240000
6981,2026-08-24T10:23:00Z,c170,c053,2058
6982,2026-08-24T10:25:00Z,c170,m024,1955
6983,2026-08-24T10:28:00Z,c119,m003,1952
6984,2026-08-24T10:31:00Z,c063,c104,9454
6985,2026-08-24T10:33:00Z,c170,m029,1774
6986,2026-08-24T10:35:00Z,c001,m002,22042
6987,2026-08-24T10:35:00Z,c006,m025,12332
6988,2026-08-24T10:35:00Z,c170,m024,968
6989,2026-08-24T10:43:00Z,c113,c144,1804
6990,2026-08-24T10:52:00Z,c020,m020,16226
6991,2026-08-24T10:54:00Z,c059,m032,6426
6992,2026-08-24T10:57:00Z,c045,m039,1579
6993,2026-08-24T10:59:00Z,c013,c090,14560
6994,2026-08-24T11:00:00Z,c124,m029,400000
6995,2026-08-24T11:07:00Z,c121,m012,18504
6996,2026-08-24T11:11:00Z,c121,m025,25975
6997,2026-08-24T11:13:00Z,c115,x-structuring-11-0,900000
6998,2026-08-24T11:14:00Z,c133,m024,575
6999,2026-08-24T11:15:00Z,c109,m028,593
7000,2026-08-24T11:15:00Z,c121,c136,18974
7001,2026-08-24T11:24:00Z,c040,c095,17485
7002,2026-08-24T11:32:00Z,u-mule-03-2,m007,2776
7003,2026-08-24T11:34:00Z,c131,c100,7020
7004,2026-08-24T11:36:00Z,c166,m004,980
7005,2026-08-24T11:40:00Z,c108,m038,1675
7006,2026-08-24T11:42:00Z,c133,m014,888
7007,2026-08-24T11:50:00Z,c020,m005,11194
7008,2026-08-24T11:51:00Z,c074,m021,7524
7009,2026-08-24T11:57:00Z,c122,c039,3943
7010,2026-08-24T11:57:00Z,c127,m005,5827
7011,2026-08-24T11:59:00Z,c093,m013,658
7012,2026-08-24T12:02:00Z,c101,m028,5393
7013,2026-08-24T12:04:00Z,c109,m026,1878
7014,2026-08-24T12:05:00Z,c019,m008,14266
7015,2026-08-24T12:06:00Z,c122,m002,4319
7016,2026-08-24T12:10:00Z,c034,m022,11454
7017,2026-08-24T12:10:00Z,c165,m017,3989
7018,2026-08-24T12:12:00Z,c075,m015,240000
7019,2026-08-24T12:13:00Z,c110,x-structuring-08-0,970000
7020,2026-08-24T12:14:00Z,c020,m005,11533
7021,2026-08-24T12:16:00Z,c092,m016,1872
7022,2026-08-24T12:21:00Z,c058,m001,4713
7023,2026-08-24T12:21:00Z,c139,m033,15578
7024,2026-08-24T12:23:00Z,c033,m004,1031
7025,2026-08-24T12:26:00Z,c139,m028,25528
7026,2026-08-24T12:27:00Z,c035,m037,1305
7027,2026-08-24T12:27:00Z,c133,c155,913
7028,2026-08-24T12:29:00Z,c168,c091,19956
7029,2026-08-24T12:33:00Z,c139,m026,13943
7030,2026-08-24T12:34:00Z,c035,c005,2990
7031,2026-08-24T12:37:00Z,c040,m017,15320
7032,2026-08-24T12:37:00Z,c108,c095,2980
7033,2026-08-24T12:37:00Z,c110,c142,7169
7034,2026-08-24T12:38:00Z,c007,m002,9050
7035,2026-08-24T12:38:00Z,c060,m022,10180
7036,2026-08-24T12:40:00Z,c110,m003,18673
7037,2026-08-24T12:42:00Z,c043,m022,18936
7038,2026-08-24T12:42:00Z,c080,m036,4272
7039,2026-08-24T12:44:00Z,c000,c039,25539
7040,2026-08-24T12:46:00Z,c079,m008,21918
7041,2026-08-24T12:47:00Z,c110,c090,240000
7042,2026-08-24T12:50:00Z,c000,c018,20487
7043,2026-08-24T12:50:00Z,c000,c039,10665
7044,2026-08-24T13:04:00Z,c020,c058,10769
7045,2026-08-24T13:07:00Z,c050,m035,12407
7046,2026-08-24T13:09:00Z,c022,m021,905
7047,2026-08-24T13:16:00Z,c134,m008,24176
7048,2026-08-24T13:17:00Z,c083,m009,1503
7049,2026-08-24T13:20:00Z,u-mule-09-0,m030,2504
7050,2026-08-24T13:21:00Z,c021,m026,11053
7051,2026-08-24T13:21:00Z,c040,m000,31578
7052,2026-08-24T13:24:00Z,c064,m004,12591
7053,2026-08-24T13:26:00Z,c120,m004,10697
7054,2026-08-24T13:27:00Z,c109,m037,2871
7055,2026-08-24T13:28:00Z,c120,c078,10282
7056,2026-08-24T13:30:00Z,c064,m011,6562
7057,2026-08-24T13:31:00Z,c122,c144,5667
7058,2026-08-24T13:34:00Z,c004,c166,2108
7059,2026-08-24T13:35:00Z,c066,m017,5722
7060,2026-08-24T13:36:00Z,c120,c073,10605
7061,2026-08-24T13:38:00Z,c094,m032,15757
7062,2026-08-24T13:39:00Z,c015,u-mule-06-0,340000
7063,2026-08-24T13:39:00Z,c066,m005,8135
7064,2026-08-24T13:39:00Z,c066,m023,4295
7065,2026-08-24T13:40:00Z,c083,m023,1224
7066,2026-08-24T13:40:00Z,c149,c094,3403
7067,2026-08-24T13:41:00Z,c101,c022,5421
7068,2026-08-24T13:42:00Z,c022,m031,1786
7069,2026-08-24T13:47:00Z,c113,x-structuring-02-0,980000
7070,2026-08-24T13:47:00Z,u-mule-06-0,u-mule-06-1,323000
7071,2026-08-24T13:48:00Z,c053,m019,16092
7072,2026-08-24T13:50:00Z,u-mule-06-1,u-mule-06-2,297160
7073,2026-08-24T13:51:00Z,c150,c166,20508
7074,2026-08-24T13:51:00Z,u-mule-10-1,m029,1721
7075,2026-08-24T13:51:00Z,u-mule-10-2,m016,2298
7076,2026-08-24T13:52:00Z,c134,m008,18126
7077,2026-08-24T13:53:00Z,c066,m004,5705
7078,2026-08-24T13:56:00Z,c029,c178,2768
7079,2026-08-24T14:01:00Z,c010,m023,1631
7080,2026-08-24T14:04:00Z,c073,m010,8788
7081,2026-08-24T14:07:00Z,c038,m009,3916
7082,2026-08-24T14:07:00Z,u-mule-06-2,u-mule-06-3,273387
7083,2026-08-24T14:10:00Z,c023,c042,1391
7084,2026-08-24T14:10:00Z,c079,c030,20921
7085,2026-08-24T14:11:00Z,c156,m022,8176
7086,2026-08-24T14:12:00Z,c002,m039,6503
7087,2026-08-24T14:15:00Z,c092,m035,1143
7088,2026-08-24T14:16:00Z,c020,m020,10245
7089,2026-08-24T14:21:00Z,u-mule-06-3,x-mule-06-0,265185
7090,2026-08-24T14:26:00Z,c150,m032,10311
7091,2026-08-24T14:27:00Z,c104,m037,40118
7092,2026-08-24T14:27:00Z,c146,m016,16920
7093,2026-08-24T14:28:00Z,c113,m022,1310
7094,2026-08-24T14:32:00Z,c111,m008,240000
7095,2026-08-24T14:32:00Z,c146,m008,7700
7096,2026-08-24T14:33:22Z,c150,x-burst-07-1,33219
7097,2026-08-24T14:34:00Z,c046,m004,4095
7098,2026-08-24T14:34:39Z,c150,x-burst-07-0,31984
7099,2026-08-24T14:35:16Z,c150,x-burst-07-1,37551
7100,2026-08-24T14:35:59Z,c150,x-burst-07-1,16343
7101,2026-08-24T14:36:00Z,c111,m019,23389
7102,2026-08-24T14:37:00Z,c146,m008,8898
7103,2026-08-24T14:37:11Z,c150,x-burst-07-0,31064
7104,2026-08-24T14:38:16Z,c150,x-burst-07-1,27647
7105,2026-08-24T14:39:00Z,c002,c083,15811
7106,2026-08-24T14:39:36Z,c150,x-burst-07-1,26831
7107,2026-08-24T14:40:16Z,c150,x-burst-07-0,16249
7108,2026-08-24T14:41:22Z,c150,x-burst-07-1,39819
7109,2026-08-24T14:42:00Z,c122,c039,4342
7110,2026-08-24T14:42:05Z,c150,x-burst-07-1,19844
7111,2026-08-24T14:42:56Z,c150,x-burst-07-0,37373
7112,2026-08-24T14:45:00Z,c083,m012,1280
7113,2026-08-24T14:47:00Z,c106,c110,6615
7114,2026-08-24T14:49:00Z,u-mule-04-2,m033,2032
7115,2026-08-24T14:51:00Z,u-mule-10-3,m025,2790
7116,2026-08-24T14:53:00Z,c070,m036,6295
7117,2026-08-24T14:53:00Z,c103,m026,1216
7118,2026-08-24T14:53:00Z,c136,m003,30040
7119,2026-08-24T14:55:00Z,c136,m003,13500
7120,2026-08-24T14:57:00Z,c029,c178,4640
7121,2026-08-24T14:58:00Z,c002,m039,5931
7122,2026-08-24T15:01:00Z,c136,c120,15211
7123,2026-08-24T15:12:00Z,c143,m013,601
7124,2026-08-24T15:16:00Z,c104,m022,12614
7125,2026-08-24T15:20:00Z,c136,x-structuring-12-0,900000
7126,2026-08-24T15:21:00Z,c046,m009,4267
7127,2026-08-24T15:23:00Z,c113,c011,1984
7128,2026-08-24T15:32:00Z,u-mule-03-0,m004,1163
7129,2026-08-24T15:38:00Z,c113,x-structuring-02-0,900000
7130,2026-08-24T15:40:00Z,c122,m010,120000
7131,2026-08-24T15:44:00Z,c141,m025,745
7132,2026-08-24T15:45:00Z,c064,c149,5186
7133,2026-08-24T15:48:00Z,c041,c004,2304
7134,2026-08-24T15:48:00Z,c085,m022,2611
7135,2026-08-24T15:51:00Z,c103,c176,1613
7136,2026-08-24T15:52:00Z,c178,m011,6120
7137,2026-08-24T15:54:00Z,c044,c143,2373
7138,2026-08-24T15:55:00Z,c048,m022,6822
7139,2026-08-24T15:59:00Z,c081,m024,1458
7140,2026-08-24T16:01:00Z,c103,m029,3398
7141,2026-08-24T16:07:00Z,c178,m010,8444
7142,2026-08-24T16:11:00Z,c145,c043,2635
7143,2026-08-24T16:12:00Z,c140,m009,3235
7144,2026-08-24T16:12:00Z,c159,m034,1511
7145,2026-08-24T16:13:00Z,c047,c065,12076
7146,2026-08-24T16:14:00Z,c134,m034,400000
7147,2026-08-24T16:14:00Z,c155,m038,3325
7148,2026-08-24T16:15:00Z,c094,m032,25671
7149,2026-08-24T16:15:00Z,c162,m001,14645
7150,2026-08-24T16:18:00Z,c141,c043,1505
7151,2026-08-24T16:19:00Z,c136,x-structuring-12-0,940000
7152,2026-08-24T16:20:00Z,c178,m035,120000
7153,2026-08-24T16:23:00Z,c041,m000,2889
7154,2026-08-24T16:23:00Z,c073,m029,32304
7155,2026-08-24T16:26:00Z,c051,m004,5008
7156,2026-08-24T16:26:00Z,c084,m002,8233
7157,2026-08-24T16:27:00Z,c012,c153,1438
7158,2026-08-24T16:27:00Z,c017,m000,31035
7159,2026-08-24T16:36:00Z,c018,m022,22341
7160,2026-08-24T16:37:00Z,c073,m012,12812
7161,2026-08-24T16:37:00Z,c074,c171,4050
7162,2026-08-24T16:39:00Z,c018,m014,17299
7163,2026-08-24T16:40:00Z,c018,m032,13047
7164,2026-08-24T16:40:00Z,c159,c070,844
7165,2026-08-24T16:44:00Z,c085,m025,842
7166,2026-08-24T16:57:00Z,c010,m016,3144
7167,2026-08-24T16:59:00Z,c028,c021,1337
7168,2026-08-24T16:59:00Z,c062,m014,13176
7169,2026-08-24T17:00:00Z,c026,c075,6978
7170,2026-08-24T17:05:00Z,c011,m025,1967
7171,2026-08-24T17:06:00Z,c159,m035,2169
7172,2026-08-24T17:07:00Z,c024,m003,2667
7173,2026-08-24T17:08:00Z,c070,m017,7396
7174,2026-08-24T17:08:00Z,c176,m012,11854
7175,2026-08-24T17:25:00Z,c130,m001,20321
7176,2026-08-24T17:27:00Z,c132,m032,15035
7177,2026-08-24T17:28:00Z,c129,c126,13583
7178,2026-08-24T17:29:00Z,c096,m028,11548
7179,2026-08-24T17:40:00Z,c072,m027,3101
7180,2026-08-24T17:40:00Z,c155,m025,1687
7181,2026-08-24T17:44:00Z,c024,m038,2498
7182,2026-08-24T17:46:00Z,c017,m030,50190
7183,2026-08-24T17:48:00Z,c104,m022,25362
7184,2026-08-24T17:50:00Z,c134,m037,8812
7185,2026-08-24T17:54:00Z,c047,c069,8881
7186,2026-08-24T17:54:00Z,c118,c106,2885
7187,2026-08-24T17:55:00Z,c024,m017,1587
7188,2026-08-24T17:56:00Z,c017,c024,400000
7189,2026-08-24T17:56:00Z,c118,m036,915
7190,2026-08-24T18:02:00Z,c024,m010,4025
7191,2026-08-24T18:03:00Z,c096,m028,36718
7192,2026-08-24T18:04:00Z,c061,m023,17410
7193,2026-08-24T18:06:00Z,c118,m027,1133
7194,2026-08-24T18:06:00Z,c118,m036,1364
7195,2026-08-24T18:06:00Z,c160,m034,17476
7196,2026-08-24T18:17:00Z,c089,m037,11973
7197,2026-08-24T18:20:00Z,c150,m037,4196
7198,2026-08-24T18:31:00Z,c062,m014,21083
7199,2026-08-24T18:42:00Z,c164,m019,19436
7200,2026-08-24T18:46:00Z,c056,m008,19904
7201,2026-08-24T18:47:00Z,c145,m031,1925
7202,2026-08-24T18:48:00Z,c003,c058,585
7203,2026-08-24T18:52:00Z,c156,m001,20825
7204,2026-08-24T18:55:00Z,c128,m002,1651
7205,2026-08-24T18:57:00Z,c017,m001,23901
7206,2026-08-24T18:59:00Z,c017,m030,16854
7207,2026-08-24T19:12:00Z,c017,m030,44172
7208,2026-08-24T19:12:00Z,c062,m014,13032
7209,2026-08-24T19:14:00Z,c174,m005,1172
7210,2026-08-24T19:22:00Z,c077,m006,26476
7211,2026-08-24T19:25:00Z,c129,m008,10133
7212,2026-08-24T19:27:00Z,c160,m026,11705
7213,2026-08-24T19:43:00Z,c087,m039,24253
7214,2026-08-24T19:43:00Z,c167,c132,22699
7215,2026-08-24T19:45:00Z,c077,m023,18766
7216,2026-08-24T19:48:00Z,c062,c047,10326
7217,2026-08-24T19:50:00Z,c017,m001,29021
7218,2026-08-24T19:50:00Z,c161,m015,8914
7219,2026-08-24T19:51:00Z,c161,c092,7800
7220,2026-08-24T19:55:00Z,c068,m019,12916
7221,2026-08-24T20:17:00Z,c123,m034,4241
7222,2026-08-24T20:20:00Z,c173,m013,6346
7223,2026-08-24T20:26:00Z,c086,m017,11350
7224,2026-08-24T20:31:00Z,c011,m007,1963
7225,2026-08-24T20:32:00Z,c068,m019,6379
7226,2026-08-24T20:32:00Z,c068,m038,20502
7227,2026-08-24T20:36:00Z,c097,m010,1173
7228,2026-08-24T20:40:00Z,c091,m021,3169
7229,2026-08-24T20:44:00Z,c091,c069,6779
7230,2026-08-24T20:46:00Z,c091,m021,6671
7231,2026-08-24T20:56:00Z,c160,m026,6928
7232,2026-08-24T21:00:00Z,c014,m031,1867
7233,2026-08-24T21:00:00Z,c142,m006,8341
7234,2026-08-24T21:05:00Z,c147,m002,12076
7235,2026-08-24T21:10:00Z,c072,m019,6045
7236,2026-08-24T21:22:00Z,c055,m029,2554
7237,2026-08-24T21:24:00Z,c087,m021,26378
7238,2026-08-24T21:41:00Z,c049,m031,1144
7239,2026-08-24T21:50:00Z,c164,m000,24205
7240,2026-08-24T21:54:00Z,c167,m039,7805
7241,2026-08-24T21:57:00Z,c173,m012,2601
7242,2026-08-24T22:00:00Z,c072,c097,4602
7243,2026-08-24T22:03:00Z,c014,m010,3566
7244,2026-08-24T22:03:00Z,c062,m024,13312
7245,2026-08-24T22:05:00Z,c173,m012,6060
7246,2026-08-24T22:39:00Z,c161,c092,6217
7247,2026-08-24T22:48:00Z,c125,m001,6267
7248,2026-08-25T00:02:00Z,c173,m020,7386
7249,2026-08-25T00:18:00Z,c154,m037,7131
7250,2026-08-25T00:46:00Z,c025,m020,20790
7251,2026-08-25T00:56:00Z,c173,m013,5763
7252,2026-08-25T02:41:00Z,c101,x-takeover-08-0,144000
7253,2026-08-25T02:51:00Z,c101,x-takeover-08-0,180000
7254,2026-08-25T03:02:00Z,c101,x-takeover-08-0,138000
7255,2026-08-25T03:14:00Z,u-mule-11-1,m014,3605
7256,2026-08-25T03:14:00Z,u-mule-11-3,m000,4513
7257,2026-08-25T03:52:00Z,c063,m031,2173
7258,2026-08-25T03:54:00Z,u-mule-08-0,m027,1072
7259,2026-08-25T04:54:00Z,u-mule-08-1,m025,1225
7260,2026-08-25T05:51:00Z,c032,c083,1077
7261,2026-08-25T05:53:00Z,c045,m025,12762
7262,2026-08-25T05:55:00Z,c100,m012,7589
7263,2026-08-25T06:10:00Z,c027,m024,1000
7264,2026-08-25T06:15:00Z,c021,m002,240000
7265,2026-08-25T06:20:00Z,c021,c014,32649
7266,2026-08-25T06:49:00Z,c109,m028,2250
7267,2026-08-25T06:51:00Z,c169,m039,400000
7268,2026-08-25T06:54:00Z,u-mule-08-2,m000,2575
7269,2026-08-25T07:12:00Z,c169,c172,19085
7270,2026-08-25T07:14:00Z,u-mule-11-2,m035,2064
7271,2026-08-25T07:19:00Z,c166,m004,2460
7272,2026-08-25T07:20:00Z,c053,m014,22041
7273,2026-08-25T07:22:00Z,c027,m024,1449
7274,2026-08-25T07:23:00Z,c126,c086,9475
7275,2026-08-25T07:24:00Z,c065,c069,29631
7276,2026-08-25T07:29:00Z,c045,m025,5548
7277,2026-08-25T07:36:00Z,c098,m032,11230
7278,2026-08-25T07:45:00Z,c063,m032,1652
7279,2026-08-25T07:47:00Z,c169,c086,19793
7280,2026-08-25T08:17:00Z,c109,m029,2098
7281,2026-08-25T08:20:00Z,c153,m015,17642
7282,2026-08-25T08:24:00Z,c099,m011,1962
7283,2026-08-25T08:29:00Z,c063,m022,60000
7284,2026-08-25T08:30:00Z,c004,m031,1284
7285,2026-08-25T08:42:00Z,u-mule-13-3,m010,1780
7286,2026-08-25T08:49:00Z,c109,m037,3607
7287,2026-08-25T08:52:00Z,c006,c055,9141
7288,2026-08-25T08:52:00Z,c053,m013,35305
7289,2026-08-25T08:58:00Z,c078,m035,2983
7290,2026-08-25T08:59:00Z,c095,m012,5465
7291,2026-08-25T09:00:00Z,c027,c002,1879
7292,2026-08-25T09:04:00Z,c098,m033,4069
7293,2026-08-25T09:04:00Z,c121,c139,21329
7294,2026-08-25T09:10:00Z,c050,m034,7125
7295,2026-08-25T09:10:00Z,c121,m007,20474
7296,2026-08-25T09:10:00Z,c177,m013,3660
7297,2026-08-25T09:11:00Z,c021,c158,13005
7298,2026-08-25T09:12:00Z,c099,m039,607
7299,2026-08-25T09:16:00Z,c042,c013,14023
7300,2026-08-25T09:16:00Z,c121,m037,12623
7301,2026-08-25T09:19:00Z,c133,c121,811
7302,2026-08-25T09:24:00Z,c115,c077,23616
7303,2026-08-25T09:28:00Z,c038,m002,1895
7304,2026-08-25T09:29:00Z,c021,m016,20996
7305,2026-08-25T09:30:00Z,c093,m014,1882
7306,2026-08-25T09:30:00Z,c171,c156,39997
7307,2026-08-25T09:33:00Z,c093,m023,2492
7308,2026-08-25T09:33:00Z,c137,m011,2069
7309,2026-08-25T09:34:00Z,c095,m031,1612
7310,2026-08-25T09:38:00Z,c038,c144,2428
7311,2026-08-25T09:40:00Z,c093,m027,1003
7312,2026-08-25T09:42:00Z,c006,m000,11678
7313,2026-08-25T09:42:00Z,u-mule-13-0,m028,2461
7314,2026-08-25T09:49:00Z,c021,m002,28118
7315,2026-08-25T09:49:00Z,u-mule-04-2,m023,3264
7316,2026-08-25T09:53:00Z,c009,m024,3511
7317,2026-08-25T09:54:00Z,c042,c151,15840
7318,2026-08-25T09:55:00Z,c008,c063,120000
7319,2026-08-25T09:55:00Z,c034,m022,9090
7320,2026-08-25T09:57:00Z,c043,m014,240000
7321,2026-08-25T09:57:00Z,c065,u-mule-02-0,600000
7322,2026-08-25T09:59:00Z,c031,m002,2443
7323,2026-08-25T10:07:00Z,c157,m019,14946
7324,2026-08-25T10:10:00Z,c040,c095,14607
7325,2026-08-25T10:10:00Z,c139,c071,15196
7326,2026-08-25T10:13:00Z,c139,m028,16973
7327,2026-08-25T10:13:00Z,u-mule-02-0,u-mule-02-1,576000
7328,2026-08-25T10:15:00Z,c109,m037,1329
7329,2026-08-25T10:15:00Z,c169,m012,14326
7330,2026-08-25T10:17:00Z,c120,c073,15331
7331,2026-08-25T10:19:00Z,u-mule-02-1,u-mule-02-2,529920
7332,2026-08-25T10:22:00Z,c085,m010,1293
7333,2026-08-25T10:22:00Z,c139,c071,30826
7334,2026-08-25T10:24:00Z,c001,c133,10831
7335,2026-08-25T10:25:00Z,c139,m028,19304
7336,2026-08-25T10:28:00Z,c006,m002,4338
7337,2026-08-25T10:29:00Z,u-mule-02-2,u-mule-02-3,487526
7338,2026-08-25T10:32:00Z,u-mule-03-2,m036,1233
7339,2026-08-25T10:33:00Z,c109,m026,50000
7340,2026-08-25T10:35:00Z,c001,m016,240000
7341,2026-08-25T10:35:00Z,c037,m017,11868
7342,2026-08-25T10:38:00Z,u-mule-02-3,x-mule-02-0,448523
7343,2026-08-25T10:45:00Z,c101,m028,3182
7344,2026-08-25T10:46:00Z,c057,c016,2919
7345,2026-08-25T10:47:00Z,c001,m016,16873
7346,2026-08-25T10:47:00Z,c170,c124,1712
7347,2026-08-25T10:49:00Z,c021,m016,12065
7348,2026-08-25T10:51:00Z,c041,m029,4555
7349,2026-08-25T10:52:00Z,c071,m030,6184
7350,2026-08-25T10:57:00Z,c099,m007,741
7351,2026-08-25T10:57:00Z,c157,m000,17590
7352,2026-08-25T10:59:00Z,c042,c013,15683
7353,2026-08-25T11:02:00Z,c004,m028,3997
7354,2026-08-25T11:07:00Z,c006,m034,4926
7355,2026-08-25T11:07:00Z,c041,m000,2767
7356,2026-08-25T11:10:00Z,c006,c026,11849
7357,2026-08-25T11:10:00Z,c165,c044,1348
7358,2026-08-25T11:14:00Z,c166,m039,1704
7359,2026-08-25T11:18:00Z,c040,m024,13871
7360,2026-08-25T11:20:00Z,u-mule-09-0,m002,2734
7361,2026-08-25T11:21:00Z,c078,m031,3667
7362,2026-08-25T11:23:00Z,c070,m021,9418
7363,2026-08-25T11:24:00Z,c040,m015,23590
7364,2026-08-25T11:25:00Z,c041,m036,2629
7365,2026-08-25T11:27:00Z,c153,m003,15278
7366,2026-08-25T11:29:00Z,c042,m013,46188
7367,2026-08-25T11:35:00Z,c157,c021,12345
7368,2026-08-25T11:36:00Z,c111,m008,7581
7369,2026-08-25T11:37:00Z,c057,m009,2648
7370,2026-08-25T11:38:00Z,c099,m027,1301
7371,2026-08-25T11:38:00Z,c110,x-structuring-08-0,900000
7372,2026-08-25T11:40:00Z,c038,m000,1921
7373,2026-08-25T11:40:00Z,c135,m029,53007
7374,2026-08-25T11:44:00Z,c050,c005,4560
7375,2026-08-25T11:49:00Z,u-mule-04-1,m028,1605
7376,2026-08-25T11:55:00Z,c001,c133,12764
7377,2026-08-25T11:55:00Z,c041,m017,3082
7378,2026-08-25T11:57:00Z,c033,m004,1687
7379,2026-08-25T11:59:00Z,c038,m017,5670
7380,2026-08-25T12:00:00Z,c119,m020,1241
7381,2026-08-25T12:02:00Z,c020,m020,12705
7382,2026-08-25T12:04:00Z,c079,m008,35390
7383,2026-08-25T12:05:00Z,c089,m000,7141
7384,2026-08-25T12:12:00Z,c079,m032,5343
7385,2026-08-25T12:13:00Z,c170,m029,1829
7386,2026-08-25T12:14:00Z,c107,m020,1319
7387,2026-08-25T12:19:00Z,c101,c129,7784
7388,2026-08-25T12:19:00Z,c158,m025,2053
7389,2026-08-25T12:21:00Z,c065,c038,25017
7390,2026-08-25T12:22:00Z,c038,m034,4136
7391,2026-08-25T12:29:00Z,c015,m027,26098
7392,2026-08-25T12:29:00Z,c076,m030,26781
7393,2026-08-25T12:32:00Z,c076,m010,12015
7394,2026-08-25T12:33:00Z,c155,m038,1617
7395,2026-08-25T12:34:00Z,c101,m037,3199
7396,2026-08-25T12:34:00Z,c103,m029,1232
7397,2026-08-25T12:34:00Z,c146,m023,10454
7398,2026-08-25T12:38:00Z,c119,m021,2314
7399,2026-08-25T12:40:00Z,c103,c176,1178
7400,2026-08-25T12:40:00Z,c103,c176,1482
7401,2026-08-25T12:40:00Z,c131,m010,9806
7402,2026-08-25T12:41:00Z,c076,m009,14473
7403,2026-08-25T12:41:00Z,c110,c142,8195
7404,2026-08-25T12:41:00Z,c127,m015,17916
7405,2026-08-25T12:41:00Z,c177,m018,1601
7406,2026-08-25T12:42:00Z,c004,x-structuring-05-0,910000
7407,2026-08-25T12:42:00Z,c158,c179,2820
7408,2026-08-25T12:44:00Z,c076,c167,21221
7409,2026-08-25T12:46:00Z,c110,m004,34264
7410,2026-08-25T12:49:00Z,c079,m032,10322
7411,2026-08-25T12:49:00Z,c110,m037,18924
7412,2026-08-25T12:53:00Z,c079,m039,6690
7413,2026-08-25T12:53:00Z,c110,m004,13562
7414,2026-08-25T12:56:00Z,c046,m009,5230
7415,2026-08-25T12:57:00Z,c020,x-structuring-04-0,910000
7416,2026-08-25T12:58:00Z,c111,c046,11919
7417,2026-08-25T12:59:00Z,c000,m027,7022
7418,2026-08-25T13:00:00Z,c046,m008,5468
7419,2026-08-25T13:01:00Z,c017,m030,21031
7420,2026-08-25T13:01:00Z,c038,m017,2230
7421,2026-08-25T13:02:00Z,c127,m030,5822
7422,2026-08-25T13:07:00Z,c010,m039,2531
7423,2026-08-25T13:08:00Z,c046,m014,8652
7424,2026-08-25T13:09:00Z,c078,m031,1678
7425,2026-08-25T13:11:00Z,c017,m016,18065
7426,2026-08-25T13:12:00Z,c037,c003,19271
7427,2026-08-25T13:15:00Z,c110,x-structuring-08-0,930000
7428,2026-08-25T13:15:00Z,c133,c121,917
7429,2026-08-25T13:20:00Z,u-mule-09-2,m000,1544
7430,2026-08-25T13:22:00Z,c017,m000,25234
7431,2026-08-25T13:22:00Z,c162,c161,7917
7432,2026-08-25T13:25:00Z,c078,c021,60000
7433,2026-08-25T13:25:00Z,c143,m031,1690
7434,2026-08-25T13:27:00Z,c133,m024,492
7435,2026-08-25T13:31:00Z,c089,m000,9589
7436,2026-08-25T13:32:00Z,c149,x-structuring-01-0,970000
7437,2026-08-25T13:37:00Z,c102,c151,5541
7438,2026-08-25T13:39:00Z,c117,m019,7398
7439,2026-08-25T13:41:00Z,c061,m026,15614
7440,2026-08-25T13:42:00Z,c078,c054,2490
7441,2026-08-25T13:46:00Z,c004,x-structuring-05-0,950000
7442,2026-08-25T13:46:00Z,c038,m024,5021
7443,2026-08-25T13:49:00Z,u-mule-04-3,m039,1550
7444,2026-08-25T13:50:00Z,c019,m031,39523
7445,2026-08-25T13:50:00Z,c130,m025,15833
7446,2026-08-25T13:53:00Z,c130,m012,240000
7447,2026-08-25T13:53:00Z,c145,m039,5437
7448,2026-08-25T13:54:00Z,c074,m036,4952
7449,2026-08-25T13:54:00Z,c130,c095,9795
7450,2026-08-25T13:56:00Z,c117,m010,7294
7451,2026-08-25T13:57:00Z,c004,m027,3886
7452,2026-08-25T14:03:00Z,c061,m026,10943
7453,2026-08-25T14:07:00Z,c133,m024,1246
7454,2026-08-25T14:12:00Z,c150,m037,5501
7455,2026-08-25T14:14:00Z,c007,c177,11900
7456,2026-08-25T14:15:00Z,c035,m006,970
7457,2026-08-25T14:16:00Z,c149,x-structuring-01-0,970000
7458,2026-08-25T14:20:00Z,c122,m031,4819
7459,2026-08-25T14:22:00Z,c102,m000,6689
7460,2026-08-25T14:26:00Z,c120,m029,26073
7461,2026-08-25T14:27:00Z,c017,c024,18196
7462,2026-08-25T14:29:00Z,c085,m030,1173
7463,2026-08-25T14:30:00Z,c114,c007,20454
7464,2026-08-25T14:32:00Z,u-mule-03-0,m017,2431
7465,2026-08-25T14:34:00Z,c107,m039,1616
7466,2026-08-25T14:35:00Z,c024,c083,2480
7467,2026-08-25T14:35:00Z,c074,m021,2593
7468,2026-08-25T14:35:00Z,c113,m003,2275
7469,2026-08-25T14:37:00Z,c134,m018,27854
7470,2026-08-25T14:38:00Z,c020,m031,16755
7471,2026-08-25T14:40:00Z,c034,c069,16116
7472,2026-08-25T14:45:00Z,c158,m023,1374
7473,2026-08-25T14:46:00Z,c092,m030,765
7474,2026-08-25T14:46:00Z,c145,c149,2015
7475,2026-08-25T14:51:00Z,c071,u-mule-10-0,174000
7476,2026-08-25T14:52:00Z,c051,m032,6125
7477,2026-08-25T14:58:00Z,c039,c075,6034
7478,2026-08-25T15:01:00Z,c136,x-structuring-12-0,910000
7479,2026-08-25T15:02:00Z,c127,m000,16729
7480,2026-08-25T15:03:00Z,c052,m002,4383
7481,2026-08-25T15:03:00Z,c113,x-structuring-02-0,910000
7482,2026-08-25T15:09:00Z,u-mule-10-0,u-mule-10-1,165300
7483,2026-08-25T15:11:00Z,c131,m025,6803
7484,2026-08-25T15:13:00Z,c059,m032,11245
7485,2026-08-25T15:18:00Z,c035,m004,1268
7486,2026-08-25T15:19:00Z,c056,m036,5659
7487,2026-08-25T15:19:00Z,c069,c075,684
7488,2026-08-25T15:20:00Z,c170,c124,1839
7489,2026-08-25T15:21:00Z,c035,m011,1146
7490,2026-08-25T15:22:00Z,c113,x-structuring-02-0,910000
7491,2026-08-25T15:22:00Z,u-mule-10-1,u-mule-10-2,161994
7492,2026-08-25T15:23:00Z,c024,c044,2750
7493,2026-08-25T15:26:00Z,c104,m026,9226
7494,2026-08-25T15:27:00Z,c074,c038,5443
7495,2026-08-25T15:27:00Z,c145,c149,2794
7496,2026-08-25T15:34:00Z,c012,m003,786
7497,2026-08-25T15:38:00Z,c158,m010,1590
7498,2026-08-25T15:38:00Z,u-mule-10-2,u-mule-10-3,157134
7499,2026-08-25T15:39:00Z,c041,m000,2175
7500,2026-08-25T15:39:00Z,c116,c020,1976
7501,2026-08-25T15:39:00Z,c156,m022,16088
7502,2026-08-25T15:41:00Z,c174,m005,930
7503,2026-08-25T15:44:00Z,c116,m019,2913
7504,2026-08-25T15:49:00Z,c013,c090,13641
7505,2026-08-25T15:49:00Z,c179,c080,958
7506,2026-08-25T15:50:00Z,c146,m008,25363
7507,2026-08-25T15:51:00Z,c080,m034,6005
7508,2026-08-25T15:51:00Z,c149,x-structuring-01-0,910000
7509,2026-08-25T15:53:00Z,c018,m024,22949
7510,2026-08-25T15:54:00Z,c132,m039,18775
7511,2026-08-25T15:57:00Z,c136,m024,10265
7512,2026-08-25T15:57:00Z,u-mule-10-3,x-mule-10-0,150848
7513,2026-08-25T15:58:00Z,c175,m004,1754
7514,2026-08-25T16:02:00Z,c145,m026,2427
7515,2026-08-25T16:06:00Z,c141,c043,1267
7516,2026-08-25T16:07:00Z,c002,m038,6499
7517,2026-08-25T16:08:00Z,c028,c021,2891
7518,2026-08-25T16:11:00Z,c113,x-structuring-02-0,910000
7519,2026-08-25T16:12:00Z,c168,m032,23167
7520,2026-08-25T16:28:00Z,c155,m025,1561
7521,2026-08-25T16:30:00Z,c017,m000,26504
7522,2026-08-25T16:31:00Z,c028,m009,1747
7523,2026-08-25T16:31:00Z,c176,m022,5271
7524,2026-08-25T16:35:00Z,c112,c132,3988
7525,2026-08-25T16:47:00Z,c003,m016,1421
7526,2026-08-25T16:48:00Z,c176,m019,7034
7527,2026-08-25T16:49:00Z,c002,m014,4576
7528,2026-08-25T16:49:00Z,c162,c003,14740
7529,2026-08-25T16:52:00Z,c072,m015,9989
7530,2026-08-25T16:55:00Z,c176,c166,6470
7531,2026-08-25T16:56:00Z,c162,c003,9783
7532,2026-08-25T16:57:00Z,c094,m008,35047
7533,2026-08-25T17:00:00Z,c058,m021,4414
7534,2026-08-25T17:01:00Z,c017,m016,14251
7535,2026-08-25T17:08:00Z,c068,m019,7461
7536,2026-08-25T17:09:00Z,c072,c135,7190
7537,2026-08-25T17:12:00Z,c077,c048,16760
7538,2026-08-25T17:13:00Z,c047,m000,4841
7539,2026-08-25T17:16:00Z,c024,m010,3291
7540,2026-08-25T17:17:00Z,c089,m021,8862
7541,2026-08-25T17:17:00Z,c136,x-structuring-12-0,980000
7542,2026-08-25T17:29:00Z,c127,m005,7388
7543,2026-08-25T17:32:00Z,c061,m023,9285
7544,2026-08-25T17:39:00Z,c069,m011,972
7545,2026-08-25T17:43:00Z,c072,m012,5942
7546,2026-08-25T17:43:00Z,c145,m026,2083
7547,2026-08-25T17:47:00Z,c055,c162,2650
7548,2026-08-25T17:50:00Z,c159,m035,556
7549,2026-08-25T17:52:00Z,c068,c102,5771
7550,2026-08-25T17:59:00Z,c012,c122,1009
7551,2026-08-25T18:07:00Z,c118,m017,3214
7552,2026-08-25T18:11:00Z,c168,m034,11868
7553,2026-08-25T18:13:00Z,c012,c153,1715
7554,2026-08-25T18:16:00Z,c067,m015,725
7555,2026-08-25T18:20:00Z,c054,c114,2145
7556,2026-08-25T18:21:00Z,c175,m018,1212
7557,2026-08-25T18:35:00Z,c128,m021,1804
7558,2026-08-25T18:39:00Z,c072,m015,9742
7559,2026-08-25T18:41:00Z,c160,c069,12029
7560,2026-08-25T18:44:00Z,c128,m038,2312
7561,2026-08-25T18:44:00Z,c159,m013,1435
7562,2026-08-25T18:50:00Z,c129,m039,7409
7563,2026-08-25T18:51:00Z,c003,c166,2659
7564,2026-08-25T18:54:00Z,c091,c069,7065
7565,2026-08-25T19:03:00Z,c106,c110,17625
7566,2026-08-25T19:12:00Z,c059,m019,6828
7567,2026-08-25T19:12:00Z,c064,m015,8434
7568,2026-08-25T19:23:00Z,c173,c047,7476
7569,2026-08-25T19:30:00Z,c064,c014,7951
7570,2026-08-25T19:33:00Z,c168,c108,25654
7571,2026-08-25T19:38:00Z,c175,m000,3133
7572,2026-08-25T19:43:00Z,c128,m014,1331
7573,2026-08-25T19:49:00Z,c083,m009,2252
7574,2026-08-25T20:04:00Z,c104,m031,7930
7575,2026-08-25T20:04:00Z,c142,m015,11208
7576,2026-08-25T20:13:00Z,c176,m012,6956
7577,2026-08-25T20:15:00Z,c148,m028,24871
7578,2026-08-25T20:19:00Z,c011,m013,1105
7579,2026-08-25T20:20:00Z,c148,m008,24169
7580,2026-08-25T20:21:00Z,c148,m013,29732
7581,2026-08-25T20:22:00Z,c154,c069,5137
7582,2026-08-25T20:27:00Z,c011,m007,1400
7583,2026-08-25T20:31:00Z,c161,m004,4576
7584,2026-08-25T20:34:00Z,c014,m010,1174
7585,2026-08-25T20:36:00Z,c140,m009,2426
7586,2026-08-25T20:37:00Z,c118,m036,1923
7587,2026-08-25T20:53:00Z,c096,c037,12734
7588,2026-08-25T20:54:00Z,c068,m019,15115
7589,2026-08-25T20:55:00Z,c014,m005,1784
7590,2026-08-25T21:08:00Z,c075,m037,6944
7591,2026-08-25T21:12:00Z,c072,m012,3936
7592,2026-08-25T21:13:00Z,c154,c069,2492
7593,2026-08-25T21:17:00Z,c154,c009,7827
7594,2026-08-25T21:32:00Z,c118,c106,1186
7595,2026-08-25T21:34:00Z,c096,m004,17263
7596,2026-08-25T21:34:00Z,c097,m010,876
7597,2026-08-25T22:34:00Z,c049,m030,922
7598,2026-08-25T22:47:00Z,c160,m011,6250
7599,2026-08-25T22:51:00Z,c178,c154,13273
7600,2026-08-25T23:02:00Z,c167,m023,10520
7601,2026-08-25T23:03:00Z,c097,m029,2109
7602,2026-08-25T23:04:00Z,c063,x-takeover-14-0,45000
7603,2026-08-25T23:04:00Z,c172,c151,1693
7604,2026-08-25T23:19:00Z,c054,m013,4851
7605,2026-08-25T23:48:00Z,c049,m030,2966
7606,2026-08-26T00:12:00Z,c152,c091,17914
7607,2026-08-26T01:09:00Z,c178,m005,12510
7608,2026-08-26T01:11:00Z,c178,m018,4975
7609,2026-08-26T01:17:00Z,c178,m027,8968
7610,2026-08-26T03:14:00Z,u-mule-11-2,m037,1821
7611,2026-08-26T03:56:00Z,c031,m022,2505
7612,2026-08-26T04:13:00Z,c042,m013,18852
7613,2026-08-26T04:14:00Z,u-mule-11-1,m022,1183
7614,2026-08-26T04:42:00Z,u-mule-14-2,m009,783
7615,2026-08-26T04:48:00Z,c138,m037,5782
7616,2026-08-26T04:55:00Z,c095,m025,4476
7617,2026-08-26T04:55:00Z,c098,m011,5720
7618,2026-08-26T05:11:00Z,c166,c085,1146
7619,2026-08-26T05:14:00Z,u-mule-11-0,m022,1701
7620,2026-08-26T05:23:00Z,c031,m002,2457
7621,2026-08-26T05:50:00Z,c151,m017,3119
7622,2026-08-26T06:05:00Z,c078,c021,3643
7623,2026-08-26T06:09:00Z,c138,m009,8065
7624,2026-08-26T06:10:00Z,c120,m004,20930
7625,2026-08-26T06:19:00Z,c032,m011,1112
7626,2026-08-26T06:35:00Z,c093,m004,540
7627,2026-08-26T06:57:00Z,c008,m028,8753
7628,2026-08-26T06:57:00Z,c027,m024,1662
7629,2026-08-26T06:59:00Z,c042,c151,5669
7630,2026-08-26T07:03:00Z,c008,c063,10221
7631,2026-08-26T07:05:00Z,c005,m023,8565
7632,2026-08-26T07:13:00Z,c032,m022,978
7633,2026-08-26T07:14:00Z,u-mule-11-3,m023,1543
7634,2026-08-26T07:17:00Z,c032,m022,1699
7635,2026-08-26T07:20:00Z,u-mule-09-0,m017,3644
7636,2026-08-26T07:29:00Z,c031,c103,5392
7637,2026-08-26T07:42:00Z,c166,m029,1415
7638,2026-08-26T07:43:00Z,c005,c011,4260
7639,2026-08-26T07:54:00Z,c098,u-mule-08-0,60000
7640,2026-08-26T07:55:00Z,c021,m015,13548
7641,2026-08-26T08:09:00Z,c031,c103,1552
7642,2026-08-26T08:14:00Z,u-mule-08-0,u-mule-08-1,58800
7643,2026-08-26T08:16:00Z,c066,m007,5859
7644,2026-08-26T08:24:00Z,u-mule-08-1,u-mule-08-2,57036
7645,2026-08-26T08:25:00Z,c066,c158,5298
7646,2026-08-26T08:28:00Z,c008,m018,6553
7647,2026-08-26T08:30:00Z,c095,m008,2399
7648,2026-08-26T08:33:00Z,c041,m029,1350
7649,2026-08-26T08:33:00Z,u-mule-08-2,x-mule-08-0,53613
7650,2026-08-26T08:42:00Z,u-mule-13-0,m008,1887
7651,2026-08-26T08:42:00Z,u-mule-13-3,m015,2757
7652,2026-08-26T08:45:00Z,c008,m005,17702
7653,2026-08-26T08:51:00Z,c169,c172,14644
7654,2026-08-26T08:58:00Z,c126,m008,4336
7655,2026-08-26T09:05:00Z,c171,m027,11134
7656,2026-08-26T09:07:00Z,c098,c172,12403
7657,2026-08-26T09:13:00Z,c016,m022,4885
7658,2026-08-26T09:15:00Z,c005,m023,10821
7659,2026-08-26T09:16:00Z,c066,m038,4423
7660,2026-08-26T09:20:00Z,c169,m014,21332
7661,2026-08-26T09:20:00Z,u-mule-09-2,m008,1713
7662,2026-08-26T09:21:00Z,c076,m016,41273
7663,2026-08-26T09:25:00Z,c041,m029,3310
7664,2026-08-26T09:27:00Z,c170,c124,2713
7665,2026-08-26T09:32:00Z,c006,m003,16203
7666,2026-08-26T09:33:00Z,c135,m025,12009
7667,2026-08-26T09:33:09Z,c053,x-burst-00-0,73345
7668,2026-08-26T09:33:55Z,c053,x-burst-00-2,26589
7669,2026-08-26T09:35:22Z,c053,x-burst-00-1,43047
7670,2026-08-26T09:35:48Z,c053,x-burst-00-2,72483
7671,2026-08-26T09:37:03Z,c053,x-burst-00-1,37558
7672,2026-08-26T09:37:39Z,c053,x-burst-00-0,22430
7673,2026-08-26T09:38:57Z,c053,x-burst-00-2,42506
7674,2026-08-26T09:40:00Z,c121,m014,16705
7675,2026-08-26T09:41:00Z,c001,m000,25640
7676,2026-08-26T09:50:00Z,c009,m024,1435
7677,2026-08-26T09:54:00Z,c119,m003,984
7678,2026-08-26T09:58:00Z,c139,m034,36227
7679,2026-08-26T10:02:00Z,c006,m003,8154
7680,2026-08-26T10:03:00Z,c139,m038,24818
7681,2026-08-26T10:04:00Z,c006,c055,15500
7682,2026-08-26T10:05:00Z,c098,m015,8563
7683,2026-08-26T10:06:00Z,c079,m032,7454
7684,2026-08-26T10:07:00Z,c045,m025,3816
7685,2026-08-26T10:08:00Z,c139,m032,18309
7686,2026-08-26T10:12:00Z,c105,m020,1214
7687,2026-08-26T10:13:00Z,c063,m022,2818
7688,2026-08-26T10:14:00Z,c043,m032,10560
7689,2026-08-26T10:14:00Z,c098,m021,7326
7690,2026-08-26T10:14:00Z,c169,c086,400000
7691,2026-08-26T10:16:00Z,c002,c048,5917
7692,2026-08-26T10:17:00Z,c063,m031,5835
7693,2026-08-26T10:21:00Z,c063,m010,2496
7694,2026-08-26T10:23:00Z,c113,c011,1702
7695,2026-08-26T10:25:00Z,c050,c089,6635
7696,2026-08-26T10:30:00Z,c050,m035,5664
7697,2026-08-26T10:31:00Z,c002,m014,5257
7698,2026-08-26T10:31:00Z,c050,c089,9669
7699,2026-08-26T10:31:00Z,c120,m037,12185
7700,2026-08-26T10:32:00Z,u-mule-03-0,m002,2105
7701,2026-08-26T10:33:00Z,c000,m036,16412
7702,2026-08-26T10:33:00Z,c050,m030,5533
7703,2026-08-26T10:34:00Z,c053,m013,26307
7704,2026-08-26T10:34:00Z,c162,c003,22162
7705,2026-08-26T10:35:00Z,c050,m030,4537
7706,2026-08-26T10:35:00Z,c114,m029,25472
7707,2026-08-26T10:39:00Z,c000,c018,15560
7708,2026-08-26T10:41:00Z,c000,c018,16034
7709,2026-08-26T10:42:00Z,c162,m001,8917
7710,2026-08-26T10:45:00Z,c133,m024,987
7711,2026-08-26T10:47:00Z,c089,c034,12682
7712,2026-08-26T10:47:00Z,c150,m022,23612
7713,2026-08-26T10:49:00Z,u-mule-04-2,m038,1094
7714,2026-08-26T10:51:00Z,c090,c044,13406
7715,2026-08-26T10:55:00Z,c001,m016,6505
7716,2026-08-26T10:55:00Z,c110,c090,5588
7717,2026-08-26T10:56:00Z,c171,m000,16090
7718,2026-08-26T10:57:00Z,c002,m039,5066
7719,2026-08-26T10:57:00Z,c047,m000,8941
7720,2026-08-26T10:58:00Z,c009,m031,3064
7721,2026-08-26T10:58:00Z,c046,m009,3466
7722,2026-08-26T10:58:00Z,c110,m037,12816
7723,2026-08-26T10:59:00Z,c110,m003,8460
7724,2026-08-26T11:04:00Z,c043,c105,16784
7725,2026-08-26T11:04:00Z,c110,m028,14599
7726,2026-08-26T11:08:00Z,c103,x-structuring-06-0,950000
7727,2026-08-26T11:12:00Z,c065,c069,11348
7728,2026-08-26T11:12:00Z,c150,c071,7814
7729,2026-08-26T11:14:00Z,c114,m004,21863
7730,2026-08-26T11:18:00Z,c107,m004,2130
7731,2026-08-26T11:20:00Z,u-mule-09-1,m003,5073
7732,2026-08-26T11:28:00Z,c043,c105,240000
7733,2026-08-26T11:29:00Z,c029,c175,1786
7734,2026-08-26T11:29:00Z,c040,m031,24909
7735,2026-08-26T11:32:00Z,u-mule-03-2,m007,3071
7736,2026-08-26T11:36:00Z,c019,m012,400000
7737,2026-08-26T11:37:00Z,c006,c026,18906
7738,2026-08-26T11:37:00Z,c162,m009,26834
7739,2026-08-26T11:38:00Z,c035,m011,1446
7740,2026-08-26T11:40:00Z,c030,m037,1512
7741,2026-08-26T11:41:00Z,c022,m009,2139
7742,2026-08-26T11:42:00Z,c159,m032,50000
7743,2026-08-26T11:49:00Z,u-mule-04-3,m008,2284
7744,2026-08-26T11:52:00Z,c109,c026,1701
7745,2026-08-26T11:53:00Z,c168,m032,400000
7746,2026-08-26T11:54:00Z,c043,c095,14922
7747,2026-08-26T11:59:00Z,c022,m035,2044
7748,2026-08-26T12:00:00Z,c122,m028,6248
7749,2026-08-26T12:01:00Z,c143,m037,1876
7750,2026-08-26T12:03:00Z,c064,m036,7229
7751,2026-08-26T12:04:00Z,c177,m014,4133
7752,2026-08-26T12:07:00Z,c043,m032,9144
7753,2026-08-26T12:08:00Z,c113,m010,1302
7754,2026-08-26T12:11:00Z,c007,m002,30849
7755,2026-08-26T12:12:00Z,c101,c022,4864
7756,2026-08-26T12:13:00Z,c149,c090,2092
7757,2026-08-26T12:16:00Z,c101,m031,4145
7758,2026-08-26T12:16:00Z,c103,m029,1979
7759,2026-08-26T12:21:00Z,c038,c144,3129
7760,2026-08-26T12:22:00Z,c101,c129,11074
7761,2026-08-26T12:29:00Z,c037,c003,10950
7762,2026-08-26T12:34:00Z,c037,c122,42071
7763,2026-08-26T12:36:00Z,c171,m031,15258
7764,2026-08-26T12:41:00Z,c079,m023,39033
7765,2026-08-26T12:42:00Z,u-mule-13-2,m015,1573
7766,2026-08-26T12:45:00Z,c052,m007,4854
7767,2026-08-26T12:46:00Z,c075,m001,6327
7768,2026-08-26T12:52:00Z,c034,c069,7709
7769,2026-08-26T12:54:00Z,c149,m010,4284
7770,2026-08-26T12:56:00Z,c046,c098,3794
7771,2026-08-26T12:56:00Z,c179,c080,1311
7772,2026-08-26T13:00:00Z,c179,c136,1277
7773,2026-08-26T13:02:00Z,c179,c080,604
7774,2026-08-26T13:03:00Z,c081,c051,903
7775,2026-08-26T13:09:00Z,c004,c166,2104
7776,2026-08-26T13:12:00Z,c162,m024,18041
7777,2026-08-26T13:13:00Z,c004,m027,3458
7778,2026-08-26T13:15:00Z,c079,m006,17465
7779,2026-08-26T13:15:00Z,c140,c157,1880
7780,2026-08-26T13:15:00Z,c169,c172,28816
7781,2026-08-26T13:16:00Z,c061,c055,5973
7782,2026-08-26T13:17:00Z,c004,c166,2613
7783,2026-08-26T13:17:00Z,c090,m017,15934
7784,2026-08-26T13:18:00Z,c061,c055,17287
7785,2026-08-26T13:18:00Z,c079,m006,5330
7786,2026-08-26T13:21:00Z,c155,c056,869
7787,2026-08-26T13:22:00Z,c061,m011,18593
7788,2026-08-26T13:24:00Z,c122,c144,2736
7789,2026-08-26T13:25:00Z,c040,c039,29732
7790,2026-08-26T13:26:00Z,c022,m010,1191
7791,2026-08-26T13:27:00Z,c004,m028,1848
7792,2026-08-26T13:30:00Z,c004,x-structuring-05-0,920000
7793,2026-08-26T13:32:00Z,u-mule-03-1,m033,3821
7794,2026-08-26T13:33:00Z,c157,c169,9537
7795,2026-08-26T13:35:00Z,c169,m029,25942
7796,2026-08-26T13:36:00Z,c090,m015,66004
7797,2026-08-26T13:38:00Z,c065,c137,400000
7798,2026-08-26T13:42:00Z,c108,m035,6474
7799,2026-08-26T13:44:00Z,c170,m029,2597
7800,2026-08-26T13:45:00Z,c023,c055,507
7801,2026-08-26T13:47:00Z,c149,x-structuring-01-0,930000
7802,2026-08-26T13:48:00Z,c066,m004,6488
7803,2026-08-26T13:49:00Z,c115,c077,14391
7804,2026-08-26T13:49:00Z,u-mule-04-1,m024,1511
7805,2026-08-26T13:50:00Z,c020,x-structuring-04-0,960000
7806,2026-08-26T13:57:00Z,c016,m037,8691
7807,2026-08-26T14:00:00Z,c159,c163,2304
7808,2026-08-26T14:03:00Z,c037,c061,14801
7809,2026-08-26T14:04:00Z,c064,m007,3953
7810,2026-08-26T14:05:00Z,c156,m001,18182
7811,2026-08-26T14:06:00Z,c158,m023,1188
7812,2026-08-26T14:09:00Z,c159,c070,1908
7813,2026-08-26T14:11:00Z,c158,m023,2428
7814,2026-08-26T14:12:00Z,c158,c179,949
7815,2026-08-26T14:14:00Z,c131,m030,27304
7816,2026-08-26T14:15:00Z,c014,m006,4042
7817,2026-08-26T14:15:00Z,c034,c069,8892
7818,2026-08-26T14:15:00Z,c130,m035,12121
7819,2026-08-26T14:21:00Z,c046,c064,2942
7820,2026-08-26T14:21:00Z,c115,m037,240000
7821,2026-08-26T14:23:00Z,c162,m009,11331
7822,2026-08-26T14:25:00Z,c019,c097,9528
7823,2026-08-26T14:27:00Z,c127,c061,10342
7824,2026-08-26T14:28:00Z,c079,m006,17143
7825,2026-08-26T14:28:00Z,c079,m008,11087
7826,2026-08-26T14:30:00Z,c017,m001,25354
7827,2026-08-26T14:42:00Z,c122,m028,9283
7828,2026-08-26T14:49:00Z,u-mule-04-0,m036,2055
7829,2026-08-26T14:50:00Z,c002,c083,11263
7830,2026-08-26T14:54:00Z,c014,c084,9097
7831,2026-08-26T14:56:00Z,c058,m001,7024
7832,2026-08-26T14:57:00Z,c079,m004,10184
7833,2026-08-26T15:01:00Z,c019,m008,31635
7834,2026-08-26T15:01:00Z,c023,m039,999
7835,2026-08-26T15:02:00Z,c058,c018,9030
7836,2026-08-26T15:03:00Z,c020,x-structuring-04-0,990000
7837,2026-08-26T15:03:00Z,c131,m030,13468
7838,2026-08-26T15:03:00Z,c155,m025,1589
7839,2026-08-26T15:03:00Z,c159,m035,2248
7840,2026-08-26T15:04:00Z,c058,m002,7543
7841,2026-08-26T15:05:00Z,c149,x-structuring-01-0,980000
7842,2026-08-26T15:07:00Z,c037,c061,26917
7843,2026-08-26T15:07:00Z,c091,c069,7190
7844,2026-08-26T15:08:00Z,c020,m031,3775
7845,2026-08-26T15:08:00Z,c058,m021,3348
7846,2026-08-26T15:11:00Z,c175,m018,1094
7847,2026-08-26T15:13:00Z,c073,c060,21724
7848,2026-08-26T15:15:00Z,c044,c143,3512
7849,2026-08-26T15:26:00Z,c091,m021,11184
7850,2026-08-26T15:27:00Z,c062,m024,7921
7851,2026-08-26T15:32:00Z,c079,m004,5540
7852,2026-08-26T15:33:00Z,c106,c110,9523
7853,2026-08-26T15:43:00Z,c178,c154,5513
7854,2026-08-26T15:44:00Z,c080,m020,2192
7855,2026-08-26T15:45:00Z,c013,m026,12630
7856,2026-08-26T15:48:00Z,c048,m006,5764
7857,2026-08-26T15:50:00Z,c176,m022,6064
7858,2026-08-26T15:51:00Z,c048,c127,2811
7859,2026-08-26T15:51:00Z,c155,m027,2565
7860,2026-08-26T15:52:00Z,c062,m011,5443
7861,2026-08-26T15:53:00Z,c165,m017,2571
7862,2026-08-26T15:54:00Z,c048,m022,11013
7863,2026-08-26T15:56:00Z,c176,c064,7510
7864,2026-08-26T15:56:00Z,c176,m014,4689
7865,2026-08-26T15:58:00Z,c018,m024,15133
7866,2026-08-26T15:58:00Z,c081,c051,1176
7867,2026-08-26T16:07:00Z,c044,m038,4696
7868,2026-08-26T16:08:00Z,c047,c065,10948
7869,2026-08-26T16:08:00Z,c164,m019,30896
7870,2026-08-26T16:12:00Z,c072,m019,120000
7871,2026-08-26T16:14:00Z,c142,m015,12952
7872,2026-08-26T16:14:00Z,c178,m026,7845
7873,2026-08-26T16:17:00Z,c074,c010,4373
7874,2026-08-26T16:20:00Z,c085,m025,2212
7875,2026-08-26T16:22:00Z,c012,c153,3278
7876,2026-08-26T16:25:00Z,c059,m021,17514
7877,2026-08-26T16:29:00Z,c059,m030,11766
7878,2026-08-26T16:30:00Z,c072,c071,2440
7879,2026-08-26T16:34:00Z,c024,m003,5596
7880,2026-08-26T16:37:00Z,c059,m019,11511
7881,2026-08-26T16:38:00Z,c024,m035,1950
7882,2026-08-26T16:46:00Z,c024,c044,4121
7883,2026-08-26T16:49:00Z,c012,c122,334
7884,2026-08-26T16:52:00Z,c167,c133,14361
7885,2026-08-26T17:03:00Z,c072,c097,7457
7886,2026-08-26T17:05:00Z,c112,m017,6321
7887,2026-08-26T17:07:00Z,c129,m008,12468
7888,2026-08-26T17:11:00Z,c020,m004,11433
7889,2026-08-26T17:11:00Z,c029,m007,1737
7890,2026-08-26T17:12:00Z,c082,m004,18044
7891,2026-08-26T17:12:00Z,c104,c156,240000
7892,2026-08-26T17:12:00Z,c112,c132,11380
7893,2026-08-26T17:13:00Z,c178,m011,6889
7894,2026-08-26T17:14:00Z,c018,m026,19870
7895,2026-08-26T17:16:00Z,c178,m011,9167
7896,2026-08-26T17:18:00Z,c072,m027,10966
7897,2026-08-26T17:23:00Z,c033,m006,908
7898,2026-08-26T17:29:00Z,c010,m023,5844
7899,2026-08-26T17:30:00Z,c091,c069,4181
7900,2026-08-26T17:30:00Z,c136,x-structuring-12-0,990000
7901,2026-08-26T17:37:00Z,c127,m030,7305
7902,2026-08-26T17:40:00Z,c014,m010,3994
7903,2026-08-26T17:40:00Z,c081,m024,1473
7904,2026-08-26T17:44:00Z,c147,c112,11745
7905,2026-08-26T17:53:00Z,c127,m015,4755
7906,2026-08-26T18:01:00Z,c128,m034,1262
7907,2026-08-26T18:03:00Z,c178,m026,15139
7908,2026-08-26T18:05:00Z,c128,m021,808
7909,2026-08-26T18:06:00Z,c028,m031,1474
7910,2026-08-26T18:08:00Z,c104,m031,8388
7911,2026-08-26T18:08:00Z,c172,m014,1267
7912,2026-08-26T18:10:00Z,c136,c120,6793
7913,2026-08-26T18:12:00Z,c083,c113,900
7914,2026-08-26T18:14:00Z,c039,c075,3231
7915,2026-08-26T18:15:00Z,c174,m022,2769
7916,2026-08-26T18:24:00Z,c020,m031,23298
7917,2026-08-26T18:27:00Z,c010,m009,2442
7918,2026-08-26T18:27:00Z,c080,m002,2972
7919,2026-08-26T18:29:00Z,c028,m029,1246
7920,2026-08-26T18:30:00Z,c102,m030,4524
7921,2026-08-26T18:34:00Z,c132,m009,27563
7922,2026-08-26T18:46:00Z,c174,m016,773
7923,2026-08-26T18:50:00Z,c020,m031,18204
7924,2026-08-26T18:57:00Z,c010,c047,3255
7925,2026-08-26T18:57:00Z,c055,c070,7270
7926,2026-08-26T18:58:00Z,c056,c064,10048
7927,2026-08-26T19:01:00Z,c062,m004,13270
7928,2026-08-26T19:05:00Z,c033,m002,1046
7929,2026-08-26T19:13:00Z,c096,c161,15993
7930,2026-08-26T19:16:00Z,c014,m031,3963
7931,2026-08-26T19:25:00Z,c104,m037,7383
7932,2026-08-26T19:40:00Z,c132,m004,23225
7933,2026-08-26T19:46:00Z,c116,m023,3539
7934,2026-08-26T19:46:00Z,c125,m001,3940
7935,2026-08-26T20:07:10Z,c128,x-burst-13-1,4208
7936,2026-08-26T20:08:21Z,c128,x-burst-13-0,5031
7937,2026-08-26T20:09:25Z,c128,x-burst-13-0,2057
7938,2026-08-26T20:10:31Z,c128,x-burst-13-0,3538
7939,2026-08-26T20:10:53Z,c128,x-burst-13-0,1429
7940,2026-08-26T20:11:39Z,c128,x-burst-13-0,2857
7941,2026-08-26T20:30:00Z,c128,c071,1526
7942,2026-08-26T20:31:00Z,c084,m004,22728
7943,2026-08-26T20:46:00Z,c147,c125,19999
7944,2026-08-26T20:46:00Z,c173,m012,6658
7945,2026-08-26T20:54:00Z,c161,m004,5208
7946,2026-08-26T20:59:00Z,c118,m036,1064
7947,2026-08-26T21:00:00Z,c051,c101,9609
7948,2026-08-26T21:01:00Z,c088,m021,4046
7949,2026-08-26T21:04:00Z,c112,c132,2645
7950,2026-08-26T21:04:00Z,c160,m003,13771
7951,2026-08-26T21:05:00Z,c118,m029,1138
7952,2026-08-26T21:05:00Z,c118,m031,1806
7953,2026-08-26T21:07:00Z,c069,m006,1705
7954,2026-08-26T21:07:00Z,c118,m015,1537
7955,2026-08-26T21:07:00Z,c128,c129,1057
7956,2026-08-26T21:09:00Z,c125,m035,12135
7957,2026-08-26T21:11:00Z,c118,c106,834
7958,2026-08-26T21:13:00Z,c084,c056,15648
7959,2026-08-26T21:16:00Z,c152,c043,8704
7960,2026-08-26T21:50:00Z,c096,m015,19104
7961,2026-08-26T21:55:00Z,c084,m028,8194
7962,2026-08-26T22:01:00Z,c125,c157,4663
7963,2026-08-26T22:19:00Z,c049,m031,1597
7964,2026-08-26T22:33:00Z,c154,m016,7037
7965,2026-08-26T22:47:00Z,c160,m034,15070
7966,2026-08-26T22:52:00Z,c161,m004,3354
7967,2026-08-26T22:52:00Z,c172,m032,1195
7968,2026-08-26T23:10:00Z,c161,m015,3756
7969,2026-08-26T23:41:00Z,c160,m036,11610
7970,2026-08-27T00:33:00Z,c068,m038,16692
7971,2026-08-27T02:54:00Z,c166,m004,807
7972,2026-08-27T02:56:00Z,c066,x-takeover-02-0,102000
7973,2026-08-27T03:01:00Z,c166,m039,2212
7974,2026-08-27T03:14:00Z,u-mule-11-1,m030,1435
7975,2026-08-27T04:05:00Z,c169,m029,20035
7976,2026-08-27T04:24:00Z,c045,m001,1683
7977,2026-08-27T04:24:00Z,c045,m023,2538
7978,2026-08-27T05:42:00Z,u-mule-14-2,m016,2207
7979,2026-08-27T05:57:00Z,c169,m029,23232
7980,2026-08-27T06:05:00Z,c169,m014,28718
7981,2026-08-27T06:06:00Z,c032,c083,1669
7982,2026-08-27T06:11:00Z,c032,m002,1523
7983,2026-08-27T06:14:00Z,u-mule-11-3,m009,2318
7984,2026-08-27T06:20:00Z,c099,m029,2030
7985,2026-08-27T06:21:00Z,c135,c119,36906
7986,2026-08-27T06:24:00Z,c021,m002,7820
7987,2026-08-27T06:27:00Z,c135,m024,18513
7988,2026-08-27T06:30:00Z,c171,m003,17077
7989,2026-08-27T06:31:00Z,c135,c077,18944
7990,2026-08-27T06:42:00Z,u-mule-14-0,m017,2193
7991,2026-08-27T06:46:00Z,c065,c038,18916
7992,2026-08-27T06:54:00Z,c169,m029,44010
7993,2026-08-27T07:02:00Z,c166,m029,2261
7994,2026-08-27T07:06:00Z,c043,m038,14712
7995,2026-08-27T07:08:00Z,c021,m018,240000
7996,2026-08-27T07:14:00Z,c129,x-takeover-04-0,444000
7997,2026-08-27T07:26:00Z,c027,c002,3195
7998,2026-08-27T07:26:00Z,c032,m029,1094
7999,2026-08-27T07:31:00Z,c021,m002,7456
8000,2026-08-27T07:38:00Z,c008,m005,120000
8001,2026-08-27T07:39:00Z,c065,c137,16867
8002,2026-08-27T07:40:00Z,c005,c076,4598
8003,2026-08-27T07:42:00Z,u-mule-13-2,m026,2149
8004,2026-08-27T07:43:00Z,c008,m005,3565
8005,2026-08-27T07:44:00Z,c005,m027,3905
8006,2026-08-27T07:45:00Z,c005,m029,6372
8007,2026-08-27T07:45:00Z,c021,c012,14739
8008,2026-08-27T07:47:00Z,c121,c136,15114
8009,2026-08-27T07:52:00Z,c005,m009,3714
8010,2026-08-27T07:52:00Z,c005,m011,6556
8011,2026-08-27T07:52:00Z,c031,m002,6541
8012,2026-08-27T07:52:00Z,c031,m021,3994
8013,2026-08-27T07:56:00Z,c042,m001,11195
8014,2026-08-27T08:01:00Z,c093,m018,2520
8015,2026-08-27T08:05:00Z,c005,m027,5193
8016,2026-08-27T08:05:00Z,c171,m010,12056
8017,2026-08-27T08:06:00Z,c008,c147,6445
8018,2026-08-27T08:09:00Z,c021,m034,10337
8019,2026-08-27T08:11:00Z,c003,x-takeover-03-0,57000
8020,2026-08-27T08:14:00Z,u-mule-11-0,m039,1497
8021,2026-08-27T08:16:00Z,c137,c110,1844
8022,2026-08-27T08:16:00Z,c169,m014,28891
8023,2026-08-27T08:17:00Z,c158,m028,1373
8024,2026-08-27T08:21:00Z,c063,m032,2224
8025,2026-08-27T08:27:00Z,c098,m038,3200
8026,2026-08-27T08:33:00Z,c101,c129,8024
8027,2026-08-27T08:34:00Z,c021,m000,14766
8028,2026-08-27T08:34:00Z,c169,m007,11971
8029,2026-08-27T08:48:00Z,c043,x-structuring-00-0,960000
8030,2026-08-27T09:03:00Z,c042,m019,5447
8031,2026-08-27T09:13:00Z,c061,m031,26749
8032,2026-08-27T09:14:00Z,c043,x-structuring-00-0,990000
8033,2026-08-27T09:14:00Z,u-mule-11-2,m001,2705
8034,2026-08-27T09:20:00Z,u-mule-09-1,m027,2963
8035,2026-08-27T09:20:00Z,u-mule-09-2,m035,1813
8036,2026-08-27T09:22:00Z,c063,m022,967
8037,2026-08-27T09:25:00Z,c120,m004,11656
8038,2026-08-27T09:25:00Z,c131,m025,12323
8039,2026-08-27T09:32:00Z,c053,m019,34003
8040,2026-08-27T09:32:00Z,u-mule-03-1,m021,1595
8041,2026-08-27T09:36:00Z,c008,m032,120000
8042,2026-08-27T09:37:00Z,c043,c105,17306
8043,2026-08-27T09:42:00Z,u-mule-13-0,m005,1136
8044,2026-08-27T09:47:00Z,c093,m037,2256
8045,2026-08-27T09:50:16Z,c093,x-burst-12-0,1483
8046,2026-08-27T09:51:00Z,c120,x-structuring-09-0,910000
8047,2026-08-27T09:51:12Z,c093,x-burst-12-0,2205
8048,2026-08-27T09:52:17Z,c093,x-burst-12-0,2072
8049,2026-08-27T09:53:04Z,c093,x-burst-12-0,5005
8050,2026-08-27T09:54:27Z,c093,x-burst-12-1,4295
8051,2026-08-27T09:55:21Z,c093,x-burst-12-1,2678
8052,2026-08-27T10:01:00Z,c120,x-structuring-09-0,950000
8053,2026-08-27T10:02:00Z,c079,m032,8768
8054,2026-08-27T10:05:00Z,c006,m025,12868
8055,2026-08-27T10:14:00Z,c079,m018,11046
8056,2026-08-27T10:19:00Z,c101,c129,4255
8057,2026-08-27T10:19:00Z,c131,m025,240000
8058,2026-08-27T10:23:00Z,c042,m001,8190
8059,2026-08-27T10:24:00Z,c078,c171,3247
8060,2026-08-27T10:25:00Z,c101,m030,2204
8061,2026-08-27T10:26:00Z,c078,m011,2679
8062,2026-08-27T10:26:00Z,c159,m005,1164
8063,2026-08-27T10:28:00Z,c078,m001,695
8064,2026-08-27T10:29:00Z,c040,m031,21801
8065,2026-08-27T10:30:00Z,c127,m005,6414
8066,2026-08-27T10:33:00Z,c053,m017,29817
8067,2026-08-27T10:34:00Z,c076,m005,14960
8068,2026-08-27T10:34:00Z,c103,x-structuring-06-0,940000
8069,2026-08-27T10:35:00Z,c065,c038,16917
8070,2026-08-27T10:38:00Z,c000,m036,12071
8071,2026-08-27T10:42:00Z,u-mule-13-3,m003,2296
8072,2026-08-27T10:44:00Z,c001,c046,28203
8073,2026-08-27T10:44:00Z,c103,c176,947
8074,2026-08-27T10:51:00Z,c050,m035,8414
8075,2026-08-27T10:54:00Z,c093,m024,1751
8076,2026-08-27T11:00:00Z,c103,m029,989
8077,2026-08-27T11:02:00Z,c001,m033,25820
8078,2026-08-27T11:02:00Z,c002,m038,2989
8079,2026-08-27T11:02:00Z,c120,x-structuring-09-1,990000
8080,2026-08-27T11:06:00Z,c002,c083,3264
8081,2026-08-27T11:06:00Z,c042,c013,42541
8082,2026-08-27T11:08:00Z,c021,m016,12234
8083,2026-08-27T11:08:00Z,c027,m016,710
8084,2026-08-27T11:16:00Z,c103,c176,7325
8085,2026-08-27T11:18:00Z,c002,m029,5076
8086,2026-08-27T11:18:00Z,c076,m009,17359
8087,2026-08-27T11:19:00Z,c103,x-structuring-06-0,980000
8088,2026-08-27T11:20:00Z,u-mule-09-0,m015,2341
8089,2026-08-27T11:24:00Z,c022,c000,3642
8090,2026-08-27T11:28:00Z,c022,m021,1391
8091,2026-08-27T11:28:00Z,c133,c155,1858
8092,2026-08-27T11:32:00Z,c133,m023,1548
8093,2026-08-27T11:32:00Z,u-mule-03-2,m031,2104
8094,2026-08-27T11:36:00Z,c133,m023,2390
8095,2026-08-27T11:38:00Z,c022,c066,1785
8096,2026-08-27T11:40:00Z,c103,x-structuring-06-0,940000
8097,2026-08-27T11:45:00Z,c040,m015,400000
8098,2026-08-27T11:47:00Z,c050,m015,4613
8099,2026-08-27T11:57:00Z,c094,m002,31867
8100,2026-08-27T12:01:00Z,c030,c150,1170
8101,2026-08-27T12:04:00Z,c006,m034,13252
8102,2026-08-27T12:08:00Z,c027,m006,1404
8103,2026-08-27T12:11:00Z,c120,c078,9395
8104,2026-08-27T12:18:00Z,c170,c157,1076
8105,2026-08-27T12:27:00Z,c020,c058,14046
8106,2026-08-27T12:27:00Z,c029,c175,1167
8107,2026-08-27T12:30:00Z,c046,m008,3093
8108,2026-08-27T12:32:00Z,c046,c064,4844
8109,2026-08-27T12:32:00Z,u-mule-03-0,m027,2686
8110,2026-08-27T12:33:00Z,c149,m012,4087
8111,2026-08-27T12:34:00Z,c163,m010,2812
8112,2026-08-27T12:36:00Z,c039,m036,5579
8113,2026-08-27T12:40:00Z,c046,c098,4617
8114,2026-08-27T12:42:00Z,c020,m005,8794
8115,2026-08-27T12:42:00Z,c046,m008,7598
8116,2026-08-27T12:46:00Z,c046,c064,16188
8117,2026-08-27T12:46:00Z,c046,m025,120000
8118,2026-08-27T12:48:00Z,c046,c073,4205
8119,2026-08-27T12:50:00Z,c046,m008,5098
8120,2026-08-27T12:50:00Z,c134,m034,11053
8121,2026-08-27T12:51:00Z,c004,x-structuring-05-0,990000
8122,2026-08-27T12:51:00Z,c046,m025,10314
8123,2026-08-27T12:57:00Z,c019,m013,400000
8124,2026-08-27T13:01:00Z,c022,m031,1126
8125,2026-08-27T13:01:00Z,c174,m005,1386
8126,2026-08-27T13:13:00Z,c009,m031,1382
8127,2026-08-27T13:17:00Z,c130,m035,43383
8128,2026-08-27T13:20:00Z,c116,m023,4153
8129,2026-08-27T13:23:00Z,c114,m008,25647
8130,2026-08-27T13:23:00Z,c116,m023,2802
8131,2026-08-27T13:33:00Z,c019,m025,12078
8132,2026-08-27T13:34:00Z,c019,m013,18672
8133,2026-08-27T13:35:00Z,c103,m025,1225
8134,2026-08-27T13:36:00Z,c162,m001,22355
8135,2026-08-27T13:38:00Z,c083,m012,1089
8136,2026-08-27T13:44:00Z,c119,c128,995
8137,2026-08-27T13:44:00Z,c149,m016,2471
8138,2026-08-27T13:46:00Z,c149,x-structuring-01-0,920000
8139,2026-08-27T13:46:00Z,c150,c047,14986
8140,2026-08-27T13:47:00Z,c113,m022,1259
8141,2026-08-27T13:47:00Z,c119,m003,1440
8142,2026-08-27T13:48:00Z,c143,c083,765
8143,2026-08-27T13:49:00Z,u-mule-04-2,m003,2001
8144,2026-08-27T13:51:00Z,c108,m035,4463
8145,2026-08-27T13:54:00Z,c119,c128,1534
8146,2026-08-27T13:56:00Z,c047,c065,6424
8147,2026-08-27T13:56:00Z,c119,m003,1673
8148,2026-08-27T13:59:00Z,c012,m003,1284
8149,2026-08-27T14:00:00Z,c083,c028,1589
8150,2026-08-27T14:01:00Z,c020,x-structuring-04-0,900000
8151,2026-08-27T14:01:00Z,c127,m037,11619
8152,2026-08-27T14:02:00Z,c119,m020,1452
8153,2026-08-27T14:04:00Z,c155,m039,1575
8154,2026-08-27T14:04:00Z,c170,m005,1254
8155,2026-08-27T14:06:00Z,c079,m032,12876
8156,2026-08-27T14:07:00Z,c056,c039,6983
8157,2026-08-27T14:07:00Z,c155,m027,1411
8158,2026-08-27T14:12:00Z,c094,m038,32015
8159,2026-08-27T14:12:00Z,c155,m038,50000
8160,2026-08-27T14:12:00Z,c155,m039,1317
8161,2026-08-27T14:13:00Z,c024,m003,2627
8162,2026-08-27T14:14:00Z,c059,m014,240000
8163,2026-08-27T14:14:00Z,c109,c026,2339
8164,2026-08-27T14:15:00Z,c104,m037,6859
8165,2026-08-27T14:15:00Z,c163,c129,3073
8166,2026-08-27T14:16:00Z,c079,m032,9573
8167,2026-08-27T14:16:00Z,c109,m026,795
8168,2026-08-27T14:17:00Z,c140,m026,2976
8169,2026-08-27T14:19:00Z,c155,m039,997
8170,2026-08-27T14:22:00Z,c039,m036,8392
8171,2026-08-27T14:28:00Z,c019,m008,24485
8172,2026-08-27T14:29:00Z,c047,c069,9778
8173,2026-08-27T14:29:00Z,c113,m010,1294
8174,2026-08-27T14:32:00Z,c109,m028,881
8175,2026-08-27T14:33:00Z,c013,m014,19887
8176,2026-08-27T14:33:00Z,c106,c055,14200
8177,2026-08-27T14:36:00Z,c023,m038,1632
8178,2026-08-27T14:39:00Z,c048,c127,9157
8179,2026-08-27T14:39:00Z,c067,m038,2260
8180,2026-08-27T14:44:00Z,c000,m036,18845
8181,2026-08-27T14:47:00Z,c029,c175,3595
8182,2026-08-27T14:49:00Z,u-mule-04-1,m019,1027
8183,2026-08-27T14:49:00Z,u-mule-04-3,m034,1644
8184,2026-08-27T14:54:00Z,c048,c127,7168
8185,2026-08-27T14:55:00Z,c102,m030,7096
8186,2026-08-27T15:06:00Z,c022,m009,1370
8187,2026-08-27T15:11:00Z,c174,m022,1732
8188,2026-08-27T15:12:00Z,c023,m026,2179
8189,2026-08-27T15:12:00Z,c056,m010,27032
8190,2026-08-27T15:13:00Z,c020,x-structuring-04-0,940000
8191,2026-08-27T15:18:00Z,c012,m007,1643
8192,2026-08-27T15:18:00Z,c075,m027,16650
8193,2026-08-27T15:25:00Z,c017,m016,7472
8194,2026-08-27T15:26:00Z,c070,m029,4815
8195,2026-08-27T15:31:00Z,c080,m034,3155
8196,2026-08-27T15:34:00Z,c018,m022,15025
8197,2026-08-27T15:38:00Z,c085,m022,1893
8198,2026-08-27T15:49:00Z,u-mule-04-0,m020,1639
8199,2026-08-27T15:52:00Z,c024,c083,3300
8200,2026-08-27T15:55:00Z,c072,m015,7978
8201,2026-08-27T15:56:00Z,c081,m024,3415
8202,2026-08-27T15:57:00Z,c097,m034,1018
8203,2026-08-27T16:01:00Z,c010,m009,6972
8204,2026-08-27T16:06:00Z,c162,m001,14202
8205,2026-08-27T16:07:00Z,c116,m027,2018
8206,2026-08-27T16:13:00Z,c003,m003,2526
8207,2026-08-27T16:13:00Z,c123,m009,2674
8208,2026-08-27T16:17:00Z,c129,m035,11994
8209,2026-08-27T16:18:00Z,c168,m016,25142
8210,2026-08-27T16:19:00Z,c007,m010,26661
8211,2026-08-27T16:23:00Z,c007,c177,17743
8212,2026-08-27T16:23:00Z,c013,m012,23213
8213,2026-08-27T16:24:00Z,c007,m036,20291
8214,2026-08-27T16:24:00Z,c116,m017,4196
8215,2026-08-27T16:25:00Z,c007,m010,29557
8216,2026-08-27T16:28:00Z,c018,c170,20014
8217,2026-08-27T16:31:00Z,c084,m031,10183
8218,2026-08-27T16:32:00Z,c048,c127,7269
8219,2026-08-27T16:40:00Z,c168,m021,19892
8220,2026-08-27T16:41:00Z,c013,m012,17282
8221,2026-08-27T16:41:00Z,c047,c089,4900
8222,2026-08-27T16:43:00Z,c130,c095,10206
8223,2026-08-27T16:44:00Z,c091,m024,3762
8224,2026-08-27T16:45:00Z,c152,m017,26179
8225,2026-08-27T16:49:00Z,c064,m029,4857
8226,2026-08-27T17:10:00Z,c028,m031,1468
8227,2026-08-27T17:15:00Z,c091,c069,8278
8228,2026-08-27T17:17:00Z,c026,m018,2028
8229,2026-08-27T17:24:00Z,c173,c047,3831
8230,2026-08-27T17:26:00Z,c083,m023,659
8231,2026-08-27T17:43:00Z,c091,m013,9888
8232,2026-08-27T17:49:00Z,c072,c071,9032
8233,2026-08-27T17:52:00Z,c118,m027,1789
8234,2026-08-27T17:54:00Z,c047,c065,120000
8235,2026-08-27T17:59:00Z,c156,m001,14929
8236,2026-08-27T18:08:00Z,c028,c021,640
8237,2026-08-27T18:08:00Z,c102,c064,9585
8238,2026-08-27T18:15:00Z,c049,c040,1634
8239,2026-08-27T18:18:00Z,c125,c073,7221
8240,2026-08-27T18:21:00Z,c175,m028,1996
8241,2026-08-27T18:22:00Z,c047,c089,7487
8242,2026-08-27T18:22:00Z,c082,m033,14747
8243,2026-08-27T18:23:00Z,c175,c009,2737
8244,2026-08-27T18:25:00Z,c080,m036,9851
8245,2026-08-27T18:27:00Z,c033,m002,2519
8246,2026-08-27T18:27:00Z,c116,m027,4442
8247,2026-08-27T18:29:00Z,c175,c177,2614
8248,2026-08-27T18:30:00Z,c047,m020,3423
8249,2026-08-27T18:31:00Z,c033,m035,1109
8250,2026-08-27T18:32:00Z,c173,x-structuring-14-0,910000
8251,2026-08-27T18:33:00Z,c033,m003,1589
8252,2026-08-27T18:34:00Z,c024,m010,2888
8253,2026-08-27T18:36:00Z,c175,m014,1308
8254,2026-08-27T18:39:00Z,c033,m004,1804
8255,2026-08-27T18:39:00Z,c122,m031,4612
8256,2026-08-27T18:45:00Z,c125,m001,2715
8257,2026-08-27T18:53:00Z,c128,m019,732
8258,2026-08-27T18:59:00Z,c178,m005,7890
8259,2026-08-27T19:08:00Z,c064,c149,3620
8260,2026-08-27T19:15:00Z,c067,m035,2778
8261,2026-08-27T19:24:00Z,c011,x-structuring-03-1,900000
8262,2026-08-27T19:24:00Z,c123,m039,2007
8263,2026-08-27T19:26:00Z,c068,c054,23390
8264,2026-08-27T19:28:00Z,c068,m038,12989
8265,2026-08-27T19:29:00Z,c142,m005,14259
8266,2026-08-27T19:33:00Z,c055,c070,1034
8267,2026-08-27T19:33:00Z,c096,c037,22537
8268,2026-08-27T19:35:00Z,c160,m031,7870
8269,2026-08-27T19:36:00Z,c068,c102,6611
8270,2026-08-27T19:40:00Z,c067,m006,2015
8271,2026-08-27T19:44:00Z,c068,m019,16900
8272,2026-08-27T19:45:00Z,c178,m009,9036
8273,2026-08-27T19:50:00Z,c176,m022,10239
8274,2026-08-27T20:05:00Z,c018,m022,64385
8275,2026-08-27T20:07:00Z,c148,c046,23467
8276,2026-08-27T20:08:00Z,c173,x-structuring-14-0,970000
8277,2026-08-27T20:12:00Z,c148,m032,14987
8278,2026-08-27T20:12:00Z,c152,m032,8174
8279,2026-08-27T20:16:00Z,c178,m035,4411
8280,2026-08-27T20:17:00Z,c148,m035,43228
8281,2026-08-27T20:19:00Z,c148,c046,400000
8282,2026-08-27T20:19:00Z,c148,m013,19782
8283,2026-08-27T20:22:00Z,c118,m031,1204
8284,2026-08-27T20:27:00Z,c160,c065,8692
8285,2026-08-27T20:38:00Z,c073,c154,11932
8286,2026-08-27T20:45:00Z,c018,m032,14885
8287,2026-08-27T20:48:00Z,c051,c101,4036
8288,2026-08-27T20:58:00Z,c161,m001,7174
8289,2026-08-27T21:10:00Z,c147,m032,11594
8290,2026-08-27T21:19:00Z,c154,c069,1767
8291,2026-08-27T21:23:00Z,c154,c069,7967
8292,2026-08-27T21:25:00Z,c154,m016,120000
8293,2026-08-27T21:31:00Z,c128,m002,566
8294,2026-08-27T21:44:00Z,c087,m022,35012
8295,2026-08-27T21:55:00Z,c118,m029,1354
8296,2026-08-27T22:15:00Z,c172,c151,1708
8297,2026-08-27T22:19:00Z,c086,m003,7484
8298,2026-08-27T22:37:00Z,c128,m021,1584
8299,2026-08-27T23:31:00Z,c096,m015,43006
8300,2026-08-28T00:22:00Z,c096,m003,26539
8301,2026-08-28T01:22:00Z,c139,x-takeover-00-0,580000
8302,2026-08-28T02:55:00Z,c137,m005,2701
8303,2026-08-28T03:41:00Z,c135,m034,17381
8304,2026-08-28T04:19:00Z,c057,m002,4508
8305,2026-08-28T04:20:00Z,c137,c110,4797
8306,2026-08-28T05:14:00Z,u-mule-11-2,m031,2993
8307,2026-08-28T05:20:00Z,c021,m038,6264
8308,2026-08-28T05:42:00Z,u-mule-14-2,m036,1023
8309,2026-08-28T06:14:00Z,c042,c013,22858
8310,2026-08-28T06:14:00Z,u-mule-11-0,m016,1804
8311,2026-08-28T06:15:00Z,c031,c103,2896
8312,2026-08-28T06:17:00Z,c042,m019,400000
8313,2026-08-28T06:18:00Z,c063,m031,1503
8314,2026-08-28T06:19:00Z,c031,m026,7208
8315,2026-08-28T06:26:00Z,c042,m030,41426
8316,2026-08-28T06:36:00Z,c053,m025,17735
8317,2026-08-28T06:40:00Z,c053,m015,22982
8318,2026-08-28T06:42:00Z,c053,m001,8146
8319,2026-08-28T06:42:00Z,u-mule-14-1,m031,2306
8320,2026-08-28T06:43:00Z,c006,m031,7234
8321,2026-08-28T06:54:00Z,c031,c103,2395
8322,2026-08-28T06:54:00Z,c053,m001,19395
8323,2026-08-28T07:00:00Z,c005,m027,120000
8324,2026-08-28T07:01:00Z,c060,m029,11519
8325,2026-08-28T07:02:00Z,c099,m007,1546
8326,2026-08-28T07:14:00Z,u-mule-11-1,m006,2599
8327,2026-08-28T07:14:00Z,u-mule-11-3,m003,1393
8328,2026-08-28T07:15:00Z,c060,m003,10855
8329,2026-08-28T07:22:00Z,c057,m009,2432
8330,2026-08-28T07:24:00Z,c006,m032,11811
8331,2026-08-28T07:36:00Z,c107,m015,1742
8332,2026-08-28T07:37:00Z,c095,m008,1617
8333,2026-08-28T07:42:00Z,u-mule-13-1,m027,2123
8334,2026-08-28T07:42:00Z,u-mule-13-2,m009,1539
8335,2026-08-28T07:42:00Z,u-mule-14-0,m034,3105
8336,2026-08-28T07:49:00Z,c021,m026,23116
8337,2026-08-28T07:54:00Z,c135,m024,12450
8338,2026-08-28T08:07:04Z,c151,x-burst-10-2,10003
8339,2026-08-28T08:08:02Z,c151,x-burst-10-1,1564
8340,2026-08-28T08:09:24Z,c151,x-burst-10-2,14763
8341,2026-08-28T08:10:32Z,c151,x-burst-10-2,4894
8342,2026-08-28T08:11:13Z,c151,x-burst-10-2,9756
8343,2026-08-28T08:12:00Z,c063,m029,5845
8344,2026-08-28T08:12:10Z,c151,x-burst-10-2,4960
8345,2026-08-28T08:12:59Z,c151,x-burst-10-0,9265
8346,2026-08-28T08:14:26Z,c151,x-burst-10-1,6575
8347,2026-08-28T08:15:20Z,c151,x-burst-10-2,6147
8348,2026-08-28T08:15:47Z,c151,x-burst-10-2,2085
8349,2026-08-28T08:16:00Z,c162,m026,15508
8350,2026-08-28T08:18:00Z,c095,m008,1389
8351,2026-08-28T08:42:00Z,u-mule-13-3,m018,2182
8352,2026-08-28T08:44:00Z,c005,c011,6935
8353,2026-08-28T08:50:00Z,c090,c044,21637
8354,2026-08-28T08:52:00Z,c060,m023,13389
8355,2026-08-28T08:55:00Z,c110,c142,8867
8356,2026-08-28T08:59:00Z,c050,c063,5267
8357,2026-08-28T08:59:00Z,c100,m012,4821
8358,2026-08-28T09:03:00Z,c035,m011,944
8359,2026-08-28T09:03:00Z,c050,m015,3554
8360,2026-08-28T09:03:00Z,c126,m008,4267
8361,2026-08-28T09:04:00Z,c050,c089,13374
8362,2026-08-28T09:05:00Z,c050,c063,3292
8363,2026-08-28T09:07:00Z,c050,m035,19070
8364,2026-08-28T09:07:00Z,c065,m001,400000
8365,2026-08-28T09:08:00Z,c000,c018,20271
8366,2026-08-28T09:20:00Z,c045,m039,3324
8367,2026-08-28T09:25:00Z,c045,m001,60000
8368,2026-08-28T09:29:00Z,c100,m012,4209
8369,2026-08-28T09:29:00Z,c133,c155,2754
8370,2026-08-28T09:30:00Z,c045,m008,1374
8371,2026-08-28T09:34:00Z,c139,m026,31894
8372,2026-08-28T09:35:00Z,c103,m026,2474
8373,2026-08-28T09:35:00Z,c163,c017,5759
8374,2026-08-28T09:38:00Z,c032,m039,2561
8375,2026-08-28T09:38:00Z,c139,m032,19371
8376,2026-08-28T09:42:00Z,u-mule-13-0,m036,2028
8377,2026-08-28T09:44:00Z,c139,m028,11547
8378,2026-08-28T09:45:00Z,c093,m024,1071
8379,2026-08-28T09:47:00Z,c005,c011,2209
8380,2026-08-28T09:48:00Z,c127,m010,1954
8381,2026-08-28T09:49:00Z,c171,m031,9309
8382,2026-08-28T09:51:00Z,c120,x-structuring-09-0,980000
8383,2026-08-28T09:54:00Z,c040,m000,19091
8384,2026-08-28T09:55:00Z,c043,x-structuring-00-0,940000
8385,2026-08-28T09:57:00Z,c143,m016,1255
8386,2026-08-28T09:59:00Z,c103,x-structuring-06-0,990000
8387,2026-08-28T10:02:00Z,c021,m002,13053
8388,2026-08-28T10:03:00Z,c065,m030,51260
8389,2026-08-28T10:04:00Z,c133,m009,1627
8390,2026-08-28T10:17:00Z,c016,m006,5785
8391,2026-08-28T10:17:00Z,c035,m011,1703
8392,2026-08-28T10:19:00Z,c121,m014,10641
8393,2026-08-28T10:40:00Z,c066,c158,6763
8394,2026-08-28T10:42:00Z,c006,m025,10670
8395,2026-08-28T10:43:00Z,c131,m025,7118
8396,2026-08-28T10:49:00Z,c030,m037,602
8397,2026-08-28T10:58:00Z,c085,m023,1474
8398,2026-08-28T11:02:00Z,c015,c073,17567
8399,2026-08-28T11:03:00Z,c109,c026,1215
8400,2026-08-28T11:03:00Z,c157,m019,15945
8401,2026-08-28T11:05:00Z,c157,m000,14618
8402,2026-08-28T11:06:00Z,c090,c129,16654
8403,2026-08-28T11:10:00Z,c076,m009,32589
8404,2026-08-28T11:10:00Z,c093,m007,1073
8405,2026-08-28T11:10:00Z,c169,m014,18605
8406,2026-08-28T11:12:00Z,c169,m009,31941
8407,2026-08-28T11:13:00Z,c008,m036,9627
8408,2026-08-28T11:13:00Z,c033,m002,2749
8409,2026-08-28T11:13:00Z,c065,c137,50636
8410,2026-08-28T11:14:00Z,c105,m026,1859
8411,2026-08-28T11:15:00Z,c059,m002,13828
8412,2026-08-28T11:19:00Z,c013,m012,26200
8413,2026-08-28T11:20:00Z,c169,m039,7311
8414,2026-08-28T11:21:00Z,c038,m009,4605
8415,2026-08-28T11:23:00Z,c002,c048,4631
8416,2026-08-28T11:26:00Z,c002,m029,6707
8417,2026-08-28T11:27:00Z,c002,c048,8668
8418,2026-08-28T11:27:00Z,c047,m000,4172
8419,2026-08-28T11:34:00Z,c015,c060,10819
8420,2026-08-28T11:37:00Z,c109,m032,1441
8421,2026-08-28T11:39:00Z,c085,m023,894
8422,2026-08-28T11:40:00Z,c120,x-structuring-09-0,990000
8423,2026-08-28T11:41:00Z,c013,m010,14810
8424,2026-08-28T11:41:00Z,c037,m006,29177
8425,2026-08-28T11:45:00Z,c092,m035,1311
8426,2026-08-28T11:52:00Z,c105,c176,833
8427,2026-08-28T11:55:00Z,c120,x-structuring-09-0,960000
8428,2026-08-28T12:03:00Z,c110,m028,6436
8429,2026-08-28T12:03:00Z,c156,m001,15099
8430,2026-08-28T12:05:00Z,c008,m032,3384
8431,2026-08-28T12:11:00Z,c030,m020,1231
8432,2026-08-28T12:13:00Z,c071,m000,12618
8433,2026-08-28T12:16:00Z,c108,m026,2161
8434,2026-08-28T12:18:00Z,c000,m027,12828
8435,2026-08-28T12:22:00Z,c022,m035,1269
8436,2026-08-28T12:22:00Z,c141,m010,1026
8437,2026-08-28T12:23:00Z,c153,m009,27342
8438,2026-08-28T12:24:00Z,c038,m023,3924
8439,2026-08-28T12:25:00Z,c108,m033,1559
8440,2026-08-28T12:26:00Z,c079,m032,18501
8441,2026-08-28T12:33:00Z,c061,m023,10515
8442,2026-08-28T12:33:00Z,c111,m017,14483
8443,2026-08-28T12:34:00Z,c131,m025,12671
8444,2026-08-28T12:35:00Z,c039,m018,5412
8445,2026-08-28T12:44:00Z,c037,c061,13811
8446,2026-08-28T12:45:00Z,c158,m033,3097
8447,2026-08-28T12:55:00Z,c047,m000,11647
8448,2026-08-28T12:58:00Z,c046,c073,9455
8449,2026-08-28T12:58:00Z,c071,m009,9518
8450,2026-08-28T13:02:00Z,c176,c053,3697
8451,2026-08-28T13:04:00Z,c046,c098,4490
8452,2026-08-28T13:06:00Z,c046,m010,5773
8453,2026-08-28T13:10:00Z,c046,m001,4342
8454,2026-08-28T13:13:00Z,c046,c098,8239
8455,2026-08-28T13:13:00Z,c046,m004,8265
8456,2026-08-28T13:14:00Z,c046,c098,6449
8457,2026-08-28T13:17:00Z,c022,m031,3690
8458,2026-08-28T13:18:00Z,c020,c058,9177
8459,2026-08-28T13:20:00Z,c000,m039,15465
8460,2026-08-28T13:20:00Z,c141,u-mule-09-0,25500
8461,2026-08-28T13:27:00Z,c108,c095,3440
8462,2026-08-28T13:29:00Z,c019,m013,16117
8463,2026-08-28T13:31:00Z,u-mule-09-0,u-mule-09-1,23715
8464,2026-08-28T13:34:00Z,u-mule-09-1,u-mule-09-2,22292
8465,2026-08-28T13:36:00Z,c035,c005,1041
8466,2026-08-28T13:40:00Z,c146,m023,14880
8467,2026-08-28T13:42:00Z,c014,m005,2719
8468,2026-08-28T13:45:00Z,c047,c069,3643
8469,2026-08-28T13:47:00Z,c059,m030,14909
8470,2026-08-28T13:48:00Z,c000,m039,16326
8471,2026-08-28T13:48:00Z,c108,m038,1917
8472,2026-08-28T13:49:00Z,c048,m022,5828
8473,2026-08-28T13:52:00Z,c020,c143,19683
8474,2026-08-28T13:52:00Z,c066,m025,5016
8475,2026-08-28T13:52:00Z,c168,c108,20218
8476,2026-08-28T13:52:00Z,u-mule-09-2,x-mule-09-0,21400
8477,2026-08-28T13:53:00Z,c014,m031,4727
8478,2026-08-28T13:54:00Z,c079,m023,16869
8479,2026-08-28T13:57:00Z,c066,c173,9447
8480,2026-08-28T14:00:00Z,c058,m000,4162
8481,2026-08-28T14:01:00Z,c083,m011,3278
8482,2026-08-28T14:04:00Z,c076,m038,22167
8483,2026-08-28T14:04:00Z,c116,m025,5003
8484,2026-08-28T14:06:00Z,c020,m005,15017
8485,2026-08-28T14:08:00Z,c020,m025,8896
8486,2026-08-28T14:16:00Z,c048,c127,6016
8487,2026-08-28T14:19:00Z,c007,c177,34673
8488,2026-08-28T14:30:00Z,c175,m004,836
8489,2026-08-28T14:32:00Z,c067,m035,1579
8490,2026-08-28T14:32:00Z,c140,m026,1874
8491,2026-08-28T14:35:00Z,c119,m020,4931
8492,2026-08-28T14:41:00Z,c014,m010,3919
8493,2026-08-28T14:41:00Z,c067,m008,3068
8494,2026-08-28T14:49:00Z,c156,m023,15051
8495,2026-08-28T14:57:00Z,c067,m008,1872
8496,2026-08-28T14:57:00Z,c161,m015,5537
8497,2026-08-28T14:58:00Z,c030,m021,1511
8498,2026-08-28T15:02:00Z,c089,m014,23859
8499,2026-08-28T15:02:00Z,c134,m028,27122
8500,2026-08-28T15:06:00Z,c089,m011,8888
8501,2026-08-28T15:06:00Z,c089,m037,20075
8502,2026-08-28T15:06:00Z,c150,c047,13617
8503,2026-08-28T15:07:00Z,c028,m037,1582
8504,2026-08-28T15:07:00Z,c134,m034,84314
8505,2026-08-28T15:08:00Z,c070,m036,2546
8506,2026-08-28T15:08:00Z,c134,m016,31494
8507,2026-08-28T15:18:00Z,c059,m014,10565
8508,2026-08-28T15:23:00Z,c047,c089,4445
8509,2026-08-28T15:27:00Z,c020,x-structuring-04-0,900000
8510,2026-08-28T15:27:00Z,c020,x-structuring-04-0,990000
8511,2026-08-28T15:30:00Z,c176,m029,7695
8512,2026-08-28T15:32:00Z,c067,u-mule-03-0,16500
8513,2026-08-28T15:34:00Z,c176,m031,2679
8514,2026-08-28T15:40:00Z,c081,m031,1607
8515,2026-08-28T15:42:00Z,c019,m013,34553
8516,2026-08-28T15:47:00Z,u-mule-03-0,u-mule-03-1,15840
8517,2026-08-28T15:49:00Z,c056,u-mule-04-0,204000
8518,2026-08-28T15:50:00Z,c074,m017,4755
8519,2026-08-28T15:52:00Z,c104,m003,15099
8520,2026-08-28T15:53:00Z,c051,c101,7454
8521,2026-08-28T15:58:00Z,c018,c170,9675
8522,2026-08-28T15:59:00Z,c113,m022,577
8523,2026-08-28T16:00:00Z,u-mule-04-0,u-mule-04-1,189720
8524,2026-08-28T16:01:00Z,u-mule-03-1,u-mule-03-2,14889
8525,2026-08-28T16:07:15Z,c075,x-burst-11-0,25562
8526,2026-08-28T16:08:00Z,u-mule-03-2,x-mule-03-0,14144
8527,2026-08-28T16:08:45Z,c075,x-burst-11-0,23580
8528,2026-08-28T16:10:00Z,c125,m013,8861
8529,2026-08-28T16:10:09Z,c075,x-burst-11-0,23013
8530,2026-08-28T16:10:29Z,c075,x-burst-11-0,21188
8531,2026-08-28T16:11:22Z,c075,x-burst-11-0,18230
8532,2026-08-28T16:12:41Z,c075,x-burst-11-0,24569
8533,2026-08-28T16:13:00Z,c074,c171,6135
8534,2026-08-28T16:14:11Z,c075,x-burst-11-0,9594
8535,2026-08-28T16:15:00Z,u-mule-04-1,u-mule-04-2,176439
8536,2026-08-28T16:15:02Z,c075,x-burst-11-0,20287
8537,2026-08-28T16:16:00Z,c013,m026,30922
8538,2026-08-28T16:16:00Z,c112,c132,10631
8539,2026-08-28T16:16:09Z,c075,x-burst-11-0,27737
8540,2026-08-28T16:17:01Z,c075,x-burst-11-0,60040
8541,2026-08-28T16:17:54Z,c075,x-burst-11-0,21723
8542,2026-08-28T16:19:23Z,c075,x-burst-11-0,19281
8543,2026-08-28T16:21:00Z,c029,c178,4220
8544,2026-08-28T16:21:00Z,c080,m034,3338
8545,2026-08-28T16:24:00Z,c161,m001,7274
8546,2026-08-28T16:25:00Z,c013,m007,24611
8547,2026-08-28T16:26:00Z,c007,m002,45090
8548,2026-08-28T16:28:00Z,c083,m009,2665
8549,2026-08-28T16:28:00Z,c156,m023,7886
8550,2026-08-28T16:31:00Z,c033,m003,1088
8551,2026-08-28T16:31:00Z,c056,c064,14232
8552,2026-08-28T16:35:00Z,u-mule-04-2,u-mule-04-3,171145
8553,2026-08-28T16:37:00Z,c037,c003,17538
8554,2026-08-28T16:38:00Z,c067,m008,1123
8555,2026-08-28T16:38:00Z,c155,m027,5405
8556,2026-08-28T16:46:00Z,c013,m026,26885
8557,2026-08-28T16:50:00Z,c159,m031,593
8558,2026-08-28T16:54:00Z,u-mule-04-3,x-mule-04-0,160876
8559,2026-08-28T16:57:00Z,c146,m008,15178
8560,2026-08-28T16:58:00Z,c012,c171,2136
8561,2026-08-28T17:13:00Z,c003,m026,2475
8562,2026-08-28T17:15:00Z,c156,m022,21064
8563,2026-08-28T17:18:00Z,c003,m026,936
8564,2026-08-28T17:20:00Z,c155,m038,1121
8565,2026-08-28T17:21:00Z,c003,c058,2484
8566,2026-08-28T17:22:00Z,c010,m022,60000
8567,2026-08-28T17:24:00Z,c125,m035,4904
8568,2026-08-28T17:26:00Z,c091,m021,5639
8569,2026-08-28T17:28:00Z,c003,m026,1769
8570,2026-08-28T17:32:00Z,c091,m021,7197
8571,2026-08-28T17:32:00Z,c091,m021,11090
8572,2026-08-28T17:34:00Z,c150,m022,23663
8573,2026-08-28T17:35:00Z,c097,m038,1546
8574,2026-08-28T17:37:00Z,c003,m036,2828
8575,2026-08-28T17:40:00Z,c097,m006,861
8576,2026-08-28T17:41:00Z,c097,m038,3652
8577,2026-08-28T17:42:00Z,c155,m025,1808
8578,2026-08-28T17:49:00Z,c140,m009,3134
8579,2026-08-28T17:50:00Z,c178,m026,13761
8580,2026-08-28T17:53:00Z,c017,c024,11297
8581,2026-08-28T17:53:00Z,c178,c042,8072
8582,2026-08-28T17:54:00Z,c178,m027,4702
8583,2026-08-28T17:59:00Z,c178,m009,120000
8584,2026-08-28T18:00:00Z,c011,m007,830
8585,2026-08-28T18:00:00Z,c012,m021,3938
8586,2026-08-28T18:00:00Z,c161,m004,3201
8587,2026-08-28T18:02:00Z,c155,m025,1866
8588,2026-08-28T18:14:00Z,c178,m009,4912
8589,2026-08-28T18:16:00Z,c028,m005,1268
8590,2026-08-28T18:16:00Z,c152,m036,9356
8591,2026-08-28T18:18:00Z,c055,m036,1946
8592,2026-08-28T18:19:00Z,c010,m003,3555
8593,2026-08-28T18:24:00Z,c083,m011,1496
8594,2026-08-28T18:25:00Z,c068,c102,6853
8595,2026-08-28T18:35:00Z,c055,m024,1947
8596,2026-08-28T18:38:00Z,c073,m010,16193
8597,2026-08-28T18:41:00Z,c044,c143,4379
8598,2026-08-28T18:42:00Z,c073,c060,9462
8599,2026-08-28T18:42:00Z,c073,m029,20225
8600,2026-08-28T18:46:00Z,c073,m010,11564
8601,2026-08-28T18:50:00Z,c073,m010,11700
8602,2026-08-28T18:53:00Z,c017,m010,19077
8603,2026-08-28T18:56:00Z,c130,m035,14976
8604,2026-08-28T19:03:00Z,c113,c011,1570
8605,2026-08-28T19:04:00Z,c123,m005,2453
8606,2026-08-28T19:04:00Z,c142,c075,23268
8607,2026-08-28T19:08:00Z,c081,m017,2000
8608,2026-08-28T19:11:00Z,c136,c120,10823
8609,2026-08-28T19:15:00Z,c160,m026,6571
8610,2026-08-28T19:16:00Z,c125,c063,5541
8611,2026-08-28T19:18:00Z,c173,m014,4195
8612,2026-08-28T19:21:00Z,c049,m030,1124
8613,2026-08-28T19:21:00Z,c118,m009,1573
8614,2026-08-28T19:28:00Z,c011,x-structuring-03-0,910000
8615,2026-08-28T19:36:00Z,c083,m009,1695
8616,2026-08-28T19:40:00Z,c106,m023,16960
8617,2026-08-28T19:54:00Z,c011,x-structuring-03-1,950000
8618,2026-08-28T19:57:00Z,c028,m029,1701
8619,2026-08-28T20:03:00Z,c055,m007,1803
8620,2026-08-28T20:03:00Z,c132,m013,28561
8621,2026-08-28T20:04:00Z,c012,m038,1254
8622,2026-08-28T20:08:00Z,c082,m033,24745
8623,2026-08-28T20:12:00Z,c173,x-structuring-14-0,980000
8624,2026-08-28T20:20:00Z,c068,m038,3856
8625,2026-08-28T20:24:00Z,c082,m009,8968
8626,2026-08-28T20:31:00Z,c017,c024,14843
8627,2026-08-28T20:34:00Z,c086,m017,4111
8628,2026-08-28T20:36:00Z,c010,m023,2998
8629,2026-08-28T20:47:00Z,c132,m013,17965
8630,2026-08-28T20:59:00Z,c173,x-structuring-14-0,990000
8631,2026-08-28T21:09:00Z,c148,m001,11185
8632,2026-08-28T21:27:00Z,c087,m019,27468
8633,2026-08-28T21:28:00Z,c129,m039,6287
8634,2026-08-28T21:41:00Z,c086,m017,7532
8635,2026-08-28T21:41:00Z,c160,m019,16304
8636,2026-08-28T21:42:00Z,c010,m003,3016
8637,2026-08-28T22:19:00Z,c025,m019,23699
8638,2026-08-28T22:21:00Z,c025,m022,11975
8639,2026-08-28T22:24:00Z,c044,c015,1698
8640,2026-08-28T22:25:00Z,c010,c047,2108
8641,2026-08-28T22:26:00Z,c160,m000,12910
8642,2026-08-28T22:27:00Z,c025,c068,4016
8643,2026-08-28T22:49:00Z,c049,m019,1133
8644,2026-08-28T23:24:00Z,c062,m025,9577
8645,2026-08-29T00:04:00Z,c087,m019,35152
8646,2026-08-29T00:33:00Z,c086,m005,2884
8647,2026-08-29T00:56:00Z,c177,x-takeover-05-0,96000
8648,2026-08-29T02:16:00Z,c094,x-takeover-10-0,800000
8649,2026-08-29T02:30:00Z,c094,x-takeover-10-0,400000
8650,2026-08-29T02:44:00Z,c094,x-takeover-10-0,680000
8651,2026-08-29T03:56:00Z,c021,m002,16211
8652,2026-08-29T04:42:00Z,u-mule-14-0,m005,1354
8653,2026-08-29T04:47:00Z,c021,m016,14916
8654,2026-08-29T05:21:00Z,c135,m016,19497
8655,2026-08-29T05:39:00Z,c138,c003,9842
8656,2026-08-29T05:42:00Z,u-mule-14-1,m016,1299
8657,2026-08-29T05:45:00Z,c135,c119,12664
8658,2026-08-29T05:46:00Z,c121,m014,7878
8659,2026-08-29T05:49:00Z,c098,m010,5792
8660,2026-08-29T05:50:00Z,c043,m011,18049
8661,2026-08-29T06:09:00Z,c171,c156,9232
8662,2026-08-29T06:28:00Z,c095,m008,3377
8663,2026-08-29T06:37:00Z,c021,m038,4844
8664,2026-08-29T06:39:00Z,c098,m021,3939
8665,2026-08-29T06:42:00Z,u-mule-14-2,m015,1918
8666,2026-08-29T06:43:00Z,c137,m004,2029
8667,2026-08-29T06:45:00Z,c063,m031,1902
8668,2026-08-29T07:02:00Z,c135,m034,18387
8669,2026-08-29T07:03:00Z,c021,m018,21412
8670,2026-08-29T07:09:00Z,c157,m000,18949
8671,2026-08-29T07:20:00Z,c151,m021,1958
8672,2026-08-29T07:31:00Z,c065,m010,32022
8673,2026-08-29T07:35:00Z,c133,m024,3467
8674,2026-08-29T07:37:00Z,c095,m012,1627
8675,2026-08-29T07:38:00Z,c005,m031,11272
8676,2026-08-29T07:40:00Z,c135,m034,4708
8677,2026-08-29T07:41:00Z,c053,m019,21321
8678,2026-08-29T07:42:00Z,u-mule-13-0,m012,1968
8679,2026-08-29T07:46:00Z,c001,m000,9832
8680,2026-08-29T08:07:00Z,c042,m030,17325
8681,2026-08-29T08:07:00Z,c063,m031,1212
8682,2026-08-29T08:09:00Z,c035,c005,1997
8683,2026-08-29T08:16:00Z,c143,m013,2944
8684,2026-08-29T08:18:00Z,c126,m020,15140
8685,2026-08-29T08:25:00Z,c065,m010,21362
8686,2026-08-29T08:30:00Z,c043,x-structuring-00-0,910000
8687,2026-08-29T08:39:00Z,c078,c171,3545
8688,2026-08-29T08:42:00Z,u-mule-13-1,m031,1389
8689,2026-08-29T08:46:00Z,c095,m008,2116
8690,2026-08-29T08:48:00Z,c166,c085,1306
8691,2026-08-29T08:50:00Z,c093,m024,1861
8692,2026-08-29T08:50:00Z,c177,m019,4118
8693,2026-08-29T08:54:00Z,c093,m023,2076
8694,2026-08-29T08:54:00Z,c143,m016,1062
8695,2026-08-29T08:55:00Z,c093,m027,1770
8696,2026-08-29T08:59:00Z,c093,m038,967
8697,2026-08-29T09:04:00Z,c006,m025,7455
8698,2026-08-29T09:06:00Z,c143,m013,2262
8699,2026-08-29T09:14:00Z,c006,u-mule-11-0,240000
8700,2026-08-29T09:16:00Z,c158,m033,1436
8701,2026-08-29T09:22:00Z,c166,c004,2466
8702,2026-08-29T09:28:00Z,c006,m023,9092
8703,2026-08-29T09:29:00Z,c031,m026,5541
8704,2026-08-29T09:33:00Z,u-mule-11-0,u-mule-11-1,223200
8705,2026-08-29T09:35:00Z,c133,m023,2252
8706,2026-08-29T09:36:00Z,c032,m029,1822
8707,2026-08-29T09:36:00Z,c074,m017,8578
8708,2026-08-29T09:39:00Z,c001,m000,13502
8709,2026-08-29T09:43:00Z,c039,c075,5386
8710,2026-08-29T09:47:00Z,u-mule-11-1,u-mule-11-2,212040
8711,2026-08-29T09:52:00Z,u-mule-11-2,u-mule-11-3,199317
8712,2026-08-29T09:56:00Z,c063,m031,3068
8713,2026-08-29T09:58:00Z,c090,m024,18879
8714,2026-08-29T10:11:00Z,u-mule-11-3,x-mule-11-0,195330
8715,2026-08-29T10:13:00Z,c002,c048,4794
8716,2026-08-29T10:15:00Z,c000,m039,22816
8717,2026-08-29T10:16:00Z,c111,m017,16229
8718,2026-08-29T10:17:00Z,c040,c039,20010
8719,2026-08-29T10:18:00Z,c143,c083,50000
8720,2026-08-29T10:19:00Z,c002,c048,4881
8721,2026-08-29T10:19:00Z,c074,m017,2011
8722,2026-08-29T10:19:00Z,c110,c090,7260
8723,2026-08-29T10:23:00Z,c008,m005,4408
8724,2026-08-29T10:25:00Z,c002,c083,8130
8725,2026-08-29T10:30:00Z,c169,m007,15701
8726,2026-08-29T10:32:00Z,c134,m037,8522
8727,2026-08-29T10:34:00Z,c050,m007,9596
8728,2026-08-29T10:38:00Z,c076,m030,13682
8729,2026-08-29T10:40:00Z,c008,m018,5362
8730,2026-08-29T10:42:00Z,u-mule-13-2,m038,1926
8731,2026-08-29T10:42:00Z,u-mule-13-3,m017,1523
8732,2026-08-29T10:43:00Z,c057,m039,2882
8733,2026-08-29T10:44:00Z,c076,c167,32397
8734,2026-08-29T10:44:00Z,c119,m011,1744
8735,2026-08-29T10:46:00Z,c040,m031,400000
8736,2026-08-29T10:46:00Z,c162,c161,6224
8737,2026-08-29T10:49:00Z,c063,m022,1821
8738,2026-08-29T10:56:00Z,c119,c128,1640
8739,2026-08-29T10:57:00Z,c034,m023,14558
8740,2026-08-29T10:59:00Z,c007,m036,400000
8741,2026-08-29T10:59:00Z,c170,m011,493
8742,2026-08-29T11:00:00Z,c058,m021,3347
8743,2026-08-29T11:00:00Z,c098,m033,4290
8744,2026-08-29T11:01:00Z,c005,m018,4399
8745,2026-08-29T11:01:00Z,c169,c086,15422
8746,2026-08-29T11:03:00Z,c085,m022,901
8747,2026-08-29T11:07:00Z,c047,c065,4480
8748,2026-08-29T11:14:00Z,c001,m016,25752
8749,2026-08-29T11:15:00Z,c134,m034,24736
8750,2026-08-29T11:16:00Z,c070,m017,3357
8751,2026-08-29T11:18:00Z,c110,m037,5637
8752,2026-08-29T11:19:00Z,c047,m000,5099
8753,2026-08-29T11:20:00Z,c006,m035,6256
8754,2026-08-29T11:20:00Z,c035,m037,2926
8755,2026-08-29T11:21:00Z,c070,m018,120000
8756,2026-08-29T11:24:00Z,c070,m017,8808
8757,2026-08-29T11:25:00Z,c070,m036,2465
8758,2026-08-29T11:26:00Z,c079,m006,18023
8759,2026-08-29T11:36:00Z,c070,m036,5621
8760,2026-08-29T11:36:00Z,c073,m029,7722
8761,2026-08-29T11:38:00Z,c046,c073,6560
8762,2026-08-29T11:42:00Z,c006,m003,14625
8763,2026-08-29T11:42:00Z,c029,c178,3973
8764,2026-08-29T11:44:00Z,c027,m024,1529
8765,2026-08-29T11:44:00Z,c109,c177,1906
8766,2026-08-29T11:47:00Z,c108,m027,1933
8767,2026-08-29T11:47:00Z,c110,m003,6930
8768,2026-08-29T11:48:00Z,c074,m013,4127
8769,2026-08-29T11:48:00Z,c103,x-structuring-06-0,990000
8770,2026-08-29T11:52:00Z,c144,m023,4479
8771,2026-08-29T11:58:00Z,c103,m029,1890
8772,2026-08-29T12:02:00Z,c099,m011,1489
8773,2026-08-29T12:04:00Z,c015,m029,28458
8774,2026-08-29T12:10:00Z,c092,m005,3653
8775,2026-08-29T12:11:00Z,c015,m019,18081
8776,2026-08-29T12:12:00Z,c092,m005,2504
8777,2026-08-29T12:12:00Z,c133,c155,2487
8778,2026-08-29T12:14:00Z,c006,m031,12136
8779,2026-08-29T12:15:00Z,c059,m019,7367
8780,2026-08-29T12:16:00Z,c092,m033,50000
8781,2026-08-29T12:18:00Z,c092,m033,1113
8782,2026-08-29T12:19:00Z,c092,m033,1516
8783,2026-08-29T12:20:00Z,c058,c018,9933
8784,2026-08-29T12:22:00Z,c042,m007,22753
8785,2026-08-29T12:22:00Z,c092,c176,1516
8786,2026-08-29T12:27:00Z,c019,m025,24690
8787,2026-08-29T12:30:00Z,c092,m016,1648
8788,2026-08-29T12:31:00Z,c124,m029,8722
8789,2026-08-29T12:32:00Z,c065,m001,27173
8790,2026-08-29T12:32:00Z,c065,m022,20742
8791,2026-08-29T12:33:00Z,c050,m030,6877
8792,2026-08-29T12:35:00Z,c127,m037,120000
8793,2026-08-29T12:38:00Z,c162,c003,11247
8794,2026-08-29T12:39:00Z,c064,m015,5884
8795,2026-08-29T12:41:00Z,c038,m034,1868
8796,2026-08-29T12:45:00Z,c034,c166,23122
8797,2026-08-29T12:47:00Z,c103,c176,1160
8798,2026-08-29T12:47:00Z,c143,c121,2095
8799,2026-08-29T12:50:00Z,c109,c104,1372
8800,2026-08-29T12:55:00Z,c127,m030,2668
8801,2026-08-29T13:05:00Z,c067,m008,3162
8802,2026-08-29T13:06:00Z,c099,m023,1516
8803,2026-08-29T13:08:00Z,c144,m006,14211
8804,2026-08-29T13:09:00Z,c052,m026,3571
8805,2026-08-29T13:11:00Z,c080,m036,2684
8806,2026-08-29T13:19:00Z,c000,c039,15869
8807,2026-08-29T13:21:00Z,c113,m011,2099
8808,2026-08-29T13:21:00Z,c156,m022,24488
8809,2026-08-29T13:24:00Z,c134,m018,6117
8810,2026-08-29T13:27:00Z,c089,m037,7198
8811,2026-08-29T13:28:00Z,c131,m025,8342
8812,2026-08-29T13:31:00Z,c099,m011,581
8813,2026-08-29T13:34:00Z,c120,c078,40213
8814,2026-08-29T13:36:00Z,c035,m030,1423
8815,2026-08-29T13:38:00Z,c060,m029,19354
8816,2026-08-29T13:39:00Z,c170,m029,914
8817,2026-08-29T13:46:00Z,c089,m000,10967
8818,2026-08-29T13:46:00Z,c130,m035,8099
8819,2026-08-29T13:47:00Z,c037,c003,16341
8820,2026-08-29T13:51:00Z,c024,m003,4651
8821,2026-08-29T13:54:00Z,c033,m006,1140
8822,2026-08-29T14:00:00Z,c033,m002,1587
8823,2026-08-29T14:00:00Z,c033,m004,2548
8824,2026-08-29T14:00:00Z,c071,m000,7283
8825,2026-08-29T14:02:00Z,c033,m035,982
8826,2026-08-29T14:03:00Z,c024,m003,2242
8827,2026-08-29T14:03:00Z,c079,m018,13098
8828,2026-08-29T14:09:00Z,c060,m032,20898
8829,2026-08-29T14:09:00Z,c144,c174,9674
8830,2026-08-29T14:12:00Z,c020,c058,12417
8831,2026-08-29T14:16:00Z,c114,m004,400000
8832,2026-08-29T14:18:00Z,c150,m037,9543
8833,2026-08-29T14:24:00Z,c047,c065,2258
8834,2026-08-29T14:26:00Z,c066,m008,23550
8835,2026-08-29T14:29:00Z,c023,m038,1277
8836,2026-08-29T14:37:00Z,c067,m038,1252
8837,2026-08-29T14:39:00Z,c162,m022,9277
8838,2026-08-29T14:49:00Z,c011,m007,1976
8839,2026-08-29T14:54:00Z,c139,m034,37367
8840,2026-08-29T14:56:00Z,c170,m011,1250
8841,2026-08-29T14:57:00Z,c099,m011,1281
8842,2026-08-29T14:58:00Z,c156,m022,21552
8843,2026-08-29T15:00:00Z,c144,m038,5072
8844,2026-08-29T15:05:00Z,c050,c005,7066
8845,2026-08-29T15:06:00Z,c156,m023,11736
8846,2026-08-29T15:12:00Z,c103,m011,50000
8847,2026-08-29T15:15:00Z,c164,m029,8990
8848,2026-08-29T15:16:00Z,c058,m003,5760
8849,2026-08-29T15:17:00Z,c130,m035,9161
8850,2026-08-29T15:18:00Z,c107,m039,866
8851,2026-08-29T15:22:00Z,c017,m000,17205
8852,2026-08-29T15:22:00Z,c155,m025,1922
8853,2026-08-29T15:26:00Z,c102,m000,7421
8854,2026-08-29T15:38:00Z,c066,m004,6275
8855,2026-08-29T15:38:00Z,c118,m029,1709
8856,2026-08-29T15:39:00Z,c120,m024,11094
8857,2026-08-29T15:40:00Z,c058,m021,2586
8858,2026-08-29T15:44:00Z,c155,c056,1129
8859,2026-08-29T15:47:00Z,c046,c098,12513
8860,2026-08-29T15:47:00Z,c156,m022,17115
8861,2026-08-29T15:49:00Z,c003,c166,1135
8862,2026-08-29T15:59:00Z,c024,c083,2005
8863,2026-08-29T16:00:00Z,c012,m022,1856
8864,2026-08-29T16:03:00Z,c034,c166,27188
8865,2026-08-29T16:05:00Z,c056,m003,14485
8866,2026-08-29T16:10:00Z,c145,m039,3908
8867,2026-08-29T16:11:00Z,c056,c144,15228
8868,2026-08-29T16:13:00Z,c145,m011,4137
8869,2026-08-29T16:18:00Z,c145,m020,5392
8870,2026-08-29T16:21:00Z,c023,m004,794
8871,2026-08-29T16:21:00Z,c168,m024,41891
8872,2026-08-29T16:22:00Z,c156,m023,20372
8873,2026-08-29T16:23:00Z,c144,m006,5630
8874,2026-08-29T16:26:00Z,c168,c108,33662
8875,2026-08-29T16:30:00Z,c175,c059,1491
8876,2026-08-29T16:32:00Z,c009,m031,1835
8877,2026-08-29T16:32:00Z,c113,m021,2351
8878,2026-08-29T16:33:00Z,c168,c112,24342
8879,2026-08-29T16:37:00Z,c081,c051,50000
8880,2026-08-29T16:39:00Z,c018,m032,19198
8881,2026-08-29T16:39:00Z,c075,m027,11824
8882,2026-08-29T16:48:00Z,c011,m025,806
8883,2026-08-29T16:49:00Z,c129,m008,26030
8884,2026-08-29T16:50:00Z,c007,c177,16710
8885,2026-08-29T16:52:00Z,c179,m024,1368
8886,2026-08-29T16:58:00Z,c082,c018,12845
8887,2026-08-29T17:01:00Z,c094,m004,16171
8888,2026-08-29T17:02:00Z,c091,m024,7795
8889,2026-08-29T17:09:00Z,c083,c028,1243
8890,2026-08-29T17:09:00Z,c142,m005,7046
8891,2026-08-29T17:13:00Z,c012,c171,1842
8892,2026-08-29T17:19:00Z,c017,m001,12233
8893,2026-08-29T17:22:00Z,c155,m039,800
8894,2026-08-29T17:24:00Z,c118,m031,2422
8895,2026-08-29T17:24:00Z,c148,m008,19244
8896,2026-08-29T17:27:00Z,c159,c070,2472
8897,2026-08-29T17:35:00Z,c003,m026,2553
8898,2026-08-29T17:35:00Z,c136,m003,7526
8899,2026-08-29T17:46:00Z,c175,m018,1750
8900,2026-08-29T17:47:00Z,c084,m015,15076
8901,2026-08-29T17:51:00Z,c096,m017,40553
8902,2026-08-29T17:54:00Z,c125,c157,6586
8903,2026-08-29T17:55:00Z,c161,c092,7577
8904,2026-08-29T17:56:00Z,c116,c092,4250
8905,2026-08-29T17:57:00Z,c146,m012,5943
8906,2026-08-29T17:58:00Z,c161,m001,4165
8907,2026-08-29T18:01:00Z,c161,m001,6322
8908,2026-08-29T18:03:00Z,c154,c065,6230
8909,2026-08-29T18:03:00Z,c173,m004,3235
8910,2026-08-29T18:08:00Z,c032,x-takeover-06-0,30000
8911,2026-08-29T18:14:00Z,c094,m002,16748
8912,2026-08-29T18:18:00Z,c011,x-structuring-03-1,930000
8913,2026-08-29T18:19:00Z,c062,m024,11503
8914,2026-08-29T18:20:00Z,c159,m032,4177
8915,2026-08-29T18:23:00Z,c130,m012,10094
8916,2026-08-29T18:26:00Z,c091,m021,5558
8917,2026-08-29T18:32:00Z,c130,m025,15635
8918,2026-08-29T18:38:00Z,c012,m003,1757
8919,2026-08-29T19:02:00Z,c020,c058,23892
8920,2026-08-29T19:03:00Z,c020,m031,15981
8921,2026-08-29T19:03:00Z,c148,m001,10000
8922,2026-08-29T19:05:00Z,c116,m027,3160
8923,2026-08-29T19:14:00Z,c097,m029,1980
8924,2026-08-29T19:14:00Z,c152,c104,18879
8925,2026-08-29T19:16:00Z,c049,m025,3058
8926,2026-08-29T19:16:00Z,c104,m031,7352
8927,2026-08-29T19:20:00Z,c150,c047,32842
8928,2026-08-29T19:21:00Z,c012,m007,4057
8929,2026-08-29T19:21:00Z,c142,m015,12130
8930,2026-08-29T19:26:00Z,c132,c146,11223
8931,2026-08-29T19:27:00Z,c018,m024,21147
8932,2026-08-29T19:27:00Z,c091,m021,5799
8933,2026-08-29T19:32:00Z,c173,x-structuring-14-0,920000
8934,2026-08-29T19:34:00Z,c096,c161,17165
8935,2026-08-29T19:37:00Z,c096,m017,30101
8936,2026-08-29T19:46:00Z,c178,c154,8616
8937,2026-08-29T19:49:00Z,c178,m027,5636
8938,2026-08-29T19:52:00Z,c112,c065,3868
8939,2026-08-29T19:53:00Z,c087,m022,13758
8940,2026-08-29T19:58:00Z,c096,m006,11964
8941,2026-08-29T20:09:00Z,c017,m010,24248
8942,2026-08-29T20:09:00Z,c017,m016,400000
8943,2026-08-29T20:12:00Z,c132,m004,8936
8944,2026-08-29T20:22:00Z,c132,m004,13599
8945,2026-08-29T20:27:00Z,c118,c086,1970
8946,2026-08-29T20:30:00Z,c049,m015,1499
8947,2026-08-29T20:34:00Z,c154,m037,13948
8948,2026-08-29T20:35:00Z,c036,m012,10211
8949,2026-08-29T20:40:00Z,c036,c013,17907
8950,2026-08-29T20:45:00Z,c012,m038,733
8951,2026-08-29T20:45:00Z,c036,m026,14908
8952,2026-08-29T20:49:00Z,c049,m015,2052
8953,2026-08-29T20:58:00Z,c082,m026,14007
8954,2026-08-29T21:01:00Z,c012,m012,4344
8955,2026-08-29T21:02:00Z,c171,x-takeover-09-0,468000
8956,2026-08-29T21:04:00Z,c171,x-takeover-09-0,204000
8957,2026-08-29T21:11:00Z,c152,c104,13539
8958,2026-08-29T21:30:00Z,c068,c102,8737
8959,2026-08-29T21:32:00Z,c116,c020,3877
8960,2026-08-29T21:36:00Z,c068,m038,240000
8961,2026-08-29T21:41:00Z,c154,m007,9349
8962,2026-08-29T21:47:00Z,c173,m008,7821
8963,2026-08-29T22:19:00Z,c178,m035,4289
8964,2026-08-29T22:20:00Z,c096,m006,45792
8965,2026-08-29T22:24:00Z,c178,m026,12820
8966,2026-08-29T22:26:00Z,c025,c070,11951
8967,2026-08-29T22:28:00Z,c010,m009,4408
8968,2026-08-29T22:30:00Z,c078,x-takeover-07-0,60000
8969,2026-08-29T22:45:00Z,c078,x-takeover-07-0,69000
8970,2026-08-29T22:58:00Z,c078,x-takeover-07-0,102000
8971,2026-08-29T23:15:00Z,c123,m010,60000
8972,2026-08-29T23:15:00Z,c125,m034,4271
8973,2026-08-29T23:39:00Z,c096,m028,21739
8974,2026-08-29T23:46:00Z,c049,m005,50000
8975,2026-08-29T23:56:00Z,c123,c093,3019
8976,2026-08-29T23:56:00Z,c160,m003,10149
8977,2026-08-29T23:59:00Z,c178,c042,3789
8978,2026-08-30T00:10:00Z,c160,m020,8908
8979,2026-08-30T00:26:00Z,c068,c054,6616
8980,2026-08-30T00:27:00Z,c068,c102,15235
8981,2026-08-30T00:36:00Z,c160,m000,21081
8982,2026-08-30T04:44:00Z,c042,m030,13789
8983,2026-08-30T05:21:00Z,c057,c059,4808
8984,2026-08-30T05:40:00Z,c171,m009,13780
8985,2026-08-30T05:53:00Z,c137,c110,4821
8986,2026-08-30T06:05:00Z,c171,m027,7621
8987,2026-08-30T06:13:00Z,c093,m022,1301
8988,2026-08-30T06:37:00Z,c043,c095,9492
8989,2026-08-30T06:37:00Z,c135,m034,12827
8990,2026-08-30T06:52:00Z,c032,m029,1139
8991,2026-08-30T06:54:00Z,c042,m013,14074
8992,2026-08-30T07:02:00Z,c063,m029,2371
8993,2026-08-30T07:04:00Z,c115,m013,45782
8994,2026-08-30T07:05:00Z,c063,m022,2986
8995,2026-08-30T07:06:00Z,c063,m029,4690
8996,2026-08-30T07:08:00Z,c063,m031,3311
8997,2026-08-30T07:15:00Z,c093,m007,2122
8998,2026-08-30T07:18:00Z,c005,m003,5658
8999,2026-08-30T07:23:00Z,c078,m024,9190
9000,2026-08-30T07:24:00Z,c038,m000,4292
9001,2026-08-30T07:27:00Z,c098,m011,6432
9002,2026-08-30T07:30:00Z,c098,m010,5424
9003,2026-08-30T07:33:00Z,c098,m019,9165
9004,2026-08-30T07:35:00Z,c100,m012,4881
9005,2026-08-30T07:45:00Z,c078,c021,2662
9006,2026-08-30T07:50:00Z,c021,m038,13630
9007,2026-08-30T07:57:00Z,c137,m004,2314
9008,2026-08-30T08:03:00Z,c057,m039,9475
9009,2026-08-30T08:21:00Z,c042,m013,13399
9010,2026-08-30T08:22:00Z,c163,m039,1478
9011,2026-08-30T08:26:00Z,c163,m029,5987
9012,2026-08-30T08:30:00Z,c163,c129,971
9013,2026-08-30T08:31:00Z,c079,m039,6719
9014,2026-08-30T08:33:00Z,c115,m037,9959
9015,2026-08-30T08:36:00Z,c027,c126,1178
9016,2026-08-30T08:42:00Z,c008,u-mule-14-0,168000
9017,2026-08-30T08:42:00Z,c100,m031,20122
9018,2026-08-30T08:42:00Z,c139,m007,13798
9019,2026-08-30T08:45:00Z,u-mule-14-0,u-mule-14-1,164640
9020,2026-08-30T08:48:00Z,c137,m011,5474
9021,2026-08-30T08:55:00Z,c042,c151,16195
9022,2026-08-30T08:55:00Z,c042,m032,36215
9023,2026-08-30T08:57:00Z,u-mule-14-1,u-mule-14-2,159700
9024,2026-08-30T09:00:00Z,c093,c083,1857
9025,2026-08-30T09:02:00Z,c093,m023,889
9026,2026-08-30T09:06:00Z,c137,m011,2003
9027,2026-08-30T09:08:00Z,c126,c047,2326
9028,2026-08-30T09:09:00Z,u-mule-14-2,x-mule-14-0,146924
9029,2026-08-30T09:31:00Z,c157,m006,8462
9030,2026-08-30T09:40:00Z,c009,m020,2658
9031,2026-08-30T09:42:00Z,c006,m003,14975
9032,2026-08-30T09:42:00Z,c045,m001,4534
9033,2026-08-30T09:45:00Z,c009,m011,2082
9034,2026-08-30T09:46:00Z,c009,c117,2157
9035,2026-08-30T09:47:00Z,c143,c083,1798
9036,2026-08-30T09:48:00Z,c006,m003,10372
9037,2026-08-30T09:54:00Z,c006,m038,10766
9038,2026-08-30T09:55:00Z,c035,m004,1389
9039,2026-08-30T09:58:00Z,c035,c005,1498
9040,2026-08-30T10:02:00Z,c177,c109,4688
9041,2026-08-30T10:04:00Z,c099,m023,943
9042,2026-08-30T10:04:00Z,c166,m015,1258
9043,2026-08-30T10:07:00Z,c035,m011,1064
9044,2026-08-30T10:09:00Z,c052,m029,7818
9045,2026-08-30T10:11:00Z,c031,m026,1568
9046,2026-08-30T10:14:00Z,c015,m023,9949
9047,2026-08-30T10:15:00Z,c031,m002,3146
9048,2026-08-30T10:15:00Z,c031,m026,2778
9049,2026-08-30T10:18:00Z,c074,c171,8269
9050,2026-08-30T10:20:00Z,c031,m022,3989
9051,2026-08-30T10:24:00Z,c000,m039,25479
9052,2026-08-30T10:25:00Z,c095,m018,2841
9053,2026-08-30T10:31:00Z,c109,c177,861
9054,2026-08-30T10:39:00Z,c021,m016,20234
9055,2026-08-30T10:49:00Z,c065,m001,24269
9056,2026-08-30T10:55:00Z,c017,m001,22023
9057,2026-08-30T10:57:00Z,c001,m033,13409
9058,2026-08-30T11:00:00Z,c058,m021,2694
9059,2026-08-30T11:01:00Z,c110,m037,26410
9060,2026-08-30T11:03:00Z,c008,m032,4296
9061,2026-08-30T11:05:00Z,c110,m004,16963
9062,2026-08-30T11:07:00Z,c060,m023,23655
9063,2026-08-30T11:08:00Z,c101,m010,4422
9064,2026-08-30T11:11:00Z,c110,c142,24906
9065,2026-08-30T11:13:00Z,c108,m035,2090
9066,2026-08-30T11:16:00Z,c041,c004,4055
9067,2026-08-30T11:19:00Z,c002,c083,8113
9068,2026-08-30T11:22:00Z,c109,m022,50000
9069,2026-08-30T11:26:00Z,c169,m009,25404
9070,2026-08-30T11:27:00Z,c099,m027,2751
9071,2026-08-30T11:37:00Z,c017,c024,10292
9072,2026-08-30T11:40:00Z,c045,m025,2319
9073,2026-08-30T11:40:00Z,c127,m015,5900
9074,2026-08-30T11:51:00Z,c034,m018,12594
9075,2026-08-30T11:57:00Z,c119,m037,1685
9076,2026-08-30T12:00:00Z,c059,m032,26367
9077,2026-08-30T12:02:00Z,c030,c150,2105
9078,2026-08-30T12:02:00Z,c034,m030,13231
9079,2026-08-30T12:05:00Z,c103,m025,1234
9080,2026-08-30T12:06:09Z,c143,x-burst-04-1,2353
9081,2026-08-30T12:07:00Z,c170,m011,1131
9082,2026-08-30T12:07:34Z,c143,x-burst-04-2,1709
9083,2026-08-30T12:07:54Z,c143,x-burst-04-0,3508
9084,2026-08-30T12:08:46Z,c143,x-burst-04-0,3208
9085,2026-08-30T12:09:10Z,c143,x-burst-04-1,3007
9086,2026-08-30T12:10:00Z,c127,m015,7084
9087,2026-08-30T12:10:27Z,c143,x-burst-04-1,3114
9088,2026-08-30T12:16:00Z,c047,c069,4014
9089,2026-08-30T12:17:00Z,c022,m035,1577
9090,2026-08-30T12:19:00Z,c017,m016,33416
9091,2026-08-30T12:20:00Z,c114,m004,15318
9092,2026-08-30T12:22:00Z,c133,m021,699
9093,2026-08-30T12:23:00Z,c022,m009,2512
9094,2026-08-30T12:26:00Z,c022,m035,1730
9095,2026-08-30T12:27:00Z,c114,c007,11600
9096,2026-08-30T12:29:00Z,c022,m021,644
9097,2026-08-30T12:30:00Z,c017,c024,27232
9098,2026-08-30T12:32:00Z,c065,m010,26187
9099,2026-08-30T12:33:00Z,c124,m029,32883
9100,2026-08-30T12:35:00Z,c158,c179,1297
9101,2026-08-30T12:38:00Z,c053,m034,16766
9102,2026-08-30T12:41:00Z,c022,m009,1942
9103,2026-08-30T12:42:00Z,c119,m003,472
9104,2026-08-30T12:43:00Z,c037,m006,23128
9105,2026-08-30T12:46:00Z,c144,m038,3898
9106,2026-08-30T12:57:00Z,c104,m037,3481
9107,2026-08-30T12:58:00Z,c070,m017,7218
9108,2026-08-30T12:59:00Z,c002,m038,5956
9109,2026-08-30T13:02:00Z,c104,m026,7979
9110,2026-08-30T13:05:00Z,c084,m030,18691
9111,2026-08-30T13:05:00Z,c157,c116,16940
9112,2026-08-30T13:11:00Z,c092,m037,1187
9113,2026-08-30T13:12:00Z,c044,c015,3065
9114,2026-08-30T13:14:00Z,c079,m039,11929
9115,2026-08-30T13:14:00Z,c092,m022,1257
9116,2026-08-30T13:17:00Z,c000,m039,26099
9117,2026-08-30T13:17:00Z,c092,m033,1574
9118,2026-08-30T13:19:00Z,c113,m021,1195
9119,2026-08-30T13:29:00Z,c159,m035,1501
9120,2026-08-30T13:30:00Z,c136,m026,8069
9121,2026-08-30T13:31:00Z,c169,m014,400000
9122,2026-08-30T13:32:00Z,c020,m025,18255
9123,2026-08-30T13:32:00Z,c150,m037,11255
9124,2026-08-30T13:34:00Z,c124,m022,400000
9125,2026-08-30T13:35:00Z,c002,m038,6737
9126,2026-08-30T13:36:00Z,c150,m022,20793
9127,2026-08-30T13:36:00Z,c150,m037,4756
9128,2026-08-30T13:42:00Z,c013,u-mule-13-0,280000
9129,2026-08-30T13:42:00Z,c074,c038,10482
9130,2026-08-30T13:44:00Z,c103,c176,1398
9131,2026-08-30T13:45:00Z,c155,m025,1222
9132,2026-08-30T13:50:00Z,c155,m027,726
9133,2026-08-30T13:52:00Z,c046,c073,5705
9134,2026-08-30T13:53:00Z,c155,c056,1229
9135,2026-08-30T13:54:00Z,c020,m004,12931
9136,2026-08-30T13:55:00Z,c015,m038,18077
9137,2026-08-30T13:55:00Z,c089,m011,14675
9138,2026-08-30T13:58:00Z,c074,c171,8851
9139,2026-08-30T14:00:00Z,c119,m011,3361
9140,2026-08-30T14:01:00Z,c024,c083,60000
9141,2026-08-30T14:02:00Z,c153,c175,28574
9142,2026-08-30T14:02:00Z,u-mule-13-0,u-mule-13-1,268800
9143,2026-08-30T14:03:00Z,c155,m027,1415
9144,2026-08-30T14:04:00Z,c080,m023,3457
9145,2026-08-30T14:09:00Z,c001,m033,11006
9146,2026-08-30T14:13:00Z,c105,m007,1554
9147,2026-08-30T14:15:00Z,c114,m004,16994
9148,2026-08-30T14:16:00Z,c094,m021,11306
9149,2026-08-30T14:17:00Z,c033,m002,968
9150,2026-08-30T14:17:00Z,c114,m015,23625
9151,2026-08-30T14:17:00Z,c114,m024,64536
9152,2026-08-30T14:19:00Z,c050,c089,10686
9153,2026-08-30T14:21:00Z,u-mule-13-1,u-mule-13-2,252672
9154,2026-08-30T14:22:00Z,c060,m022,8494
9155,2026-08-30T14:24:00Z,c058,m001,14217
9156,2026-08-30T14:25:00Z,c123,c150,1992
9157,2026-08-30T14:27:00Z,c033,m006,2478
9158,2026-08-30T14:27:00Z,c060,m023,8409
9159,2026-08-30T14:29:00Z,c044,m033,2634
9160,2026-08-30T14:30:00Z,c058,m001,3054
9161,2026-08-30T14:30:00Z,c119,m013,1310
9162,2026-08-30T14:30:00Z,u-mule-13-2,u-mule-13-3,237511
9163,2026-08-30T14:34:00Z,c048,c127,11708
9164,2026-08-30T14:34:00Z,u-mule-13-3,x-mule-13-0,218510
9165,2026-08-30T14:40:00Z,c058,c018,3153
9166,2026-08-30T14:42:00Z,c123,m034,1710
9167,2026-08-30T14:44:00Z,c144,m023,12765
9168,2026-08-30T14:45:00Z,c140,m026,2166
9169,2026-08-30T14:47:00Z,c034,m022,9258
9170,2026-08-30T14:47:00Z,c140,m013,2276
9171,2026-08-30T14:47:00Z,c156,c045,18198
9172,2026-08-30T14:53:00Z,c084,m037,14317
9173,2026-08-30T14:54:00Z,c162,c003,14801
9174,2026-08-30T14:56:00Z,c174,m032,3346
9175,2026-08-30T15:00:00Z,c162,c003,8431
9176,2026-08-30T15:00:00Z,c162,m024,11364
9177,2026-08-30T15:03:00Z,c162,m014,7241
9178,2026-08-30T15:07:00Z,c106,m023,13767
9179,2026-08-30T15:10:00Z,c141,m027,1495
9180,2026-08-30T15:10:00Z,c162,c003,19175
9181,2026-08-30T15:13:00Z,c104,m037,9012
9182,2026-08-30T15:13:00Z,c175,m004,1143
9183,2026-08-30T15:16:00Z,c073,m029,13918
9184,2026-08-30T15:16:00Z,c146,m008,24927
9185,2026-08-30T15:24:00Z,c050,m030,3235
9186,2026-08-30T15:29:00Z,c156,m023,20431
9187,2026-08-30T15:29:00Z,c159,m035,1559
9188,2026-08-30T15:42:00Z,c119,m011,1129
9189,2026-08-30T15:47:00Z,c023,m004,2216
9190,2026-08-30T15:48:00Z,c017,m018,27305
9191,2026-08-30T15:55:00Z,c168,c112,11700
9192,2026-08-30T15:59:00Z,c131,c100,18277
9193,2026-08-30T16:00:00Z,c106,m036,11538
9194,2026-08-30T16:08:00Z,c106,m023,4967
9195,2026-08-30T16:11:00Z,c017,m000,13518
9196,2026-08-30T16:12:00Z,c051,c006,3991
9197,2026-08-30T16:15:00Z,c056,m020,9367
9198,2026-08-30T16:31:00Z,c047,m003,14550
9199,2026-08-30T16:41:00Z,c029,c175,2425
9200,2026-08-30T16:47:00Z,c028,c021,5490
9201,2026-08-30T16:47:00Z,c111,m008,17217
9202,2026-08-30T16:53:00Z,c061,m014,12587
9203,2026-08-30T16:54:00Z,c024,c083,5031
9204,2026-08-30T16:55:00Z,c011,m005,726
9205,2026-08-30T17:00:00Z,c011,m026,1478
9206,2026-08-30T17:12:00Z,c003,m016,3500
9207,2026-08-30T17:16:00Z,c067,m015,899
9208,2026-08-30T17:16:00Z,c148,m013,17050
9209,2026-08-30T17:23:00Z,c088,m025,13303
9210,2026-08-30T17:28:00Z,c168,m024,36764
9211,2026-08-30T17:33:00Z,c106,m036,16357
9212,2026-08-30T17:35:00Z,c062,m011,6079
9213,2026-08-30T17:36:00Z,c037,c061,16450
9214,2026-08-30T17:40:00Z,c072,m027,5249
9215,2026-08-30T17:45:00Z,c176,m022,5186
9216,2026-08-30T17:48:00Z,c088,m026,17768
9217,2026-08-30T17:49:00Z,c011,m033,769
9218,2026-08-30T17:51:00Z,c176,m014,15328
9219,2026-08-30T17:53:00Z,c140,c157,6016
9220,2026-08-30T18:01:00Z,c160,c153,13922
9221,2026-08-30T18:02:00Z,c106,m011,18515
9222,2026-08-30T18:02:00Z,c175,m028,3386
9223,2026-08-30T18:03:00Z,c149,c090,2862
9224,2026-08-30T18:05:00Z,c003,m026,2160
9225,2026-08-30T18:05:00Z,c140,m026,5962
9226,2026-08-30T18:09:00Z,c018,m024,29058
9227,2026-08-30T18:12:00Z,c116,m036,1400
9228,2026-08-30T18:14:00Z,c073,c158,7454
9229,2026-08-30T18:15:00Z,c087,m031,22651
9230,2026-08-30T18:23:00Z,c012,c122,1380
9231,2026-08-30T18:31:00Z,c067,m006,1159
9232,2026-08-30T18:35:00Z,c081,m030,988
9233,2026-08-30T18:35:00Z,c081,m031,50000
9234,2026-08-30T18:44:00Z,c123,m034,2567
9235,2026-08-30T18:50:00Z,c014,c084,2091
9236,2026-08-30T18:51:00Z,c147,m031,18571
9237,2026-08-30T18:54:00Z,c014,m010,2697
9238,2026-08-30T18:56:00Z,c173,m020,6746
9239,2026-08-30T19:00:00Z,c014,m031,2405
9240,2026-08-30T19:00:00Z,c061,m026,9356
9241,2026-08-30T19:00:00Z,c087,c052,12682
9242,2026-08-30T19:03:00Z,c116,m017,2854
9243,2026-08-30T19:08:00Z,c018,m026,14353
9244,2026-08-30T19:11:00Z,c160,m034,24871
9245,2026-08-30T19:19:00Z,c082,m008,21382
9246,2026-08-30T19:20:00Z,c160,m003,16232
9247,2026-08-30T19:22:00Z,c086,m017,2300
9248,2026-08-30T19:25:00Z,c086,m003,3914
9249,2026-08-30T19:30:00Z,c086,m021,7850
9250,2026-08-30T19:30:00Z,c178,m011,5932
9251,2026-08-30T19:33:00Z,c140,m009,2226
9252,2026-08-30T19:34:00Z,c086,m021,4410
9253,2026-08-30T19:38:00Z,c142,m015,7812
9254,2026-08-30T19:40:00Z,c011,c177,2614
9255,2026-08-30T19:44:00Z,c102,c064,7625
9256,2026-08-30T19:49:00Z,c068,c102,15331
9257,2026-08-30T19:54:00Z,c146,m023,31091
9258,2026-08-30T20:02:00Z,c054,m013,2471
9259,2026-08-30T20:13:00Z,c075,m029,20954
9260,2026-08-30T20:15:00Z,c118,m029,2173
9261,2026-08-30T20:15:00Z,c173,m014,5287
9262,2026-08-30T20:17:00Z,c118,m036,977
9263,2026-08-30T20:19:00Z,c118,m029,1268
9264,2026-08-30T20:21:00Z,c118,m036,2011
9265,2026-08-30T20:42:00Z,c125,m001,4127
9266,2026-08-30T20:43:00Z,c082,m004,28411
9267,2026-08-30T20:57:00Z,c164,m001,20357
9268,2026-08-30T21:01:00Z,c152,c043,19600
9269,2026-08-30T21:01:00Z,c164,m025,17626
9270,2026-08-30T21:04:00Z,c152,c104,13922
9271,2026-08-30T21:07:00Z,c152,m032,16739
9272,2026-08-30T21:07:00Z,c164,m001,57575
9273,2026-08-30T21:10:00Z,c096,m031,34185
9274,2026-08-30T21:10:00Z,c152,c043,13637
9275,2026-08-30T21:15:00Z,c164,m035,27190
9276,2026-08-30T21:17:00Z,c164,m000,22878
9277,2026-08-30T21:26:00Z,c011,m014,2922
9278,2026-08-30T21:31:00Z,c091,m009,6141
9279,2026-08-30T21:50:00Z,c082,c018,16519
9280,2026-08-30T22:05:00Z,c161,m000,8994
9281,2026-08-30T22:08:00Z,c161,c092,7834
9282,2026-08-30T22:13:00Z,c161,m004,6778
9283,2026-08-30T22:20:00Z,c161,m015,4020
9284,2026-08-30T22:31:00Z,c160,m026,12010
9285,2026-08-30T22:36:00Z,c010,m023,7268
9286,2026-08-30T22:46:00Z,c082,m008,15008
9287,2026-08-30T23:57:00Z,c096,c161,16378
9288,2026-08-31T00:00:00Z,c096,m031,14207
9289,2026-08-31T00:10:00Z,c082,m009,15818
9290,2026-08-31T01:24:00Z,c077,m035,21151
